model,label,t,dataset,app,alert_window,TP,FN,FP,F1,seed
linear,Linear,6,0,app0,1,1,17,7,0.077,0
linear,Linear,6,0,app0,3,2,16,6,0.154,0
linear,Linear,6,0,app0,6,2,16,4,0.167,0
linear,Linear,6,0,app0,9,2,16,4,0.167,0
linear,Linear,6,0,app0,12,2,16,4,0.167,0
linear,Linear,6,0,app0,24,4,14,1,0.348,0
linear,Linear,6,0,app0,72,4,14,0,0.364,0
linear,Linear,6,0,app1,1,1,17,7,0.077,0
linear,Linear,6,0,app1,3,2,16,3,0.174,0
linear,Linear,6,0,app1,6,2,16,3,0.174,0
linear,Linear,6,0,app1,9,2,16,3,0.174,0
linear,Linear,6,0,app1,12,2,16,3,0.174,0
linear,Linear,6,0,app1,24,4,14,0,0.364,0
linear,Linear,6,0,app1,72,4,14,0,0.364,0
linear,Linear,6,0,app2,1,8,10,9,0.457,0
linear,Linear,6,0,app2,3,8,10,7,0.485,0
linear,Linear,6,0,app2,6,8,10,7,0.485,0
linear,Linear,6,0,app2,9,8,10,7,0.485,0
linear,Linear,6,0,app2,12,8,10,7,0.485,0
linear,Linear,6,0,app2,24,9,9,4,0.581,0
linear,Linear,6,0,app2,72,9,9,4,0.581,0
linear,Linear,6,0,app3,1,8,10,9,0.457,0
linear,Linear,6,0,app3,3,8,10,8,0.471,0
linear,Linear,6,0,app3,6,8,10,8,0.471,0
linear,Linear,6,0,app3,9,8,10,7,0.485,0
linear,Linear,6,0,app3,12,8,10,7,0.485,0
linear,Linear,6,0,app3,24,9,9,5,0.562,0
linear,Linear,6,0,app3,72,9,9,4,0.581,0
linear,Linear,12,0,app0,1,0,18,6,0.0,0
linear,Linear,12,0,app0,3,0,18,6,0.0,0
linear,Linear,12,0,app0,6,0,18,6,0.0,0
linear,Linear,12,0,app0,9,1,17,5,0.083,0
linear,Linear,12,0,app0,12,2,16,4,0.167,0
linear,Linear,12,0,app0,24,3,15,3,0.25,0
linear,Linear,12,0,app0,72,3,15,2,0.261,0
linear,Linear,12,0,app1,1,0,18,6,0.0,0
linear,Linear,12,0,app1,3,0,18,6,0.0,0
linear,Linear,12,0,app1,6,0,18,6,0.0,0
linear,Linear,12,0,app1,9,1,17,5,0.083,0
linear,Linear,12,0,app1,12,2,16,4,0.167,0
linear,Linear,12,0,app1,24,3,15,2,0.261,0
linear,Linear,12,0,app1,72,3,15,2,0.261,0
linear,Linear,12,0,app2,1,12,6,7,0.649,0
linear,Linear,12,0,app2,3,12,6,7,0.649,0
linear,Linear,12,0,app2,6,12,6,7,0.649,0
linear,Linear,12,0,app2,9,13,5,5,0.722,0
linear,Linear,12,0,app2,12,13,5,4,0.743,0
linear,Linear,12,0,app2,24,13,5,2,0.788,0
linear,Linear,12,0,app2,72,13,5,2,0.788,0
linear,Linear,12,0,app3,1,12,6,7,0.649,0
linear,Linear,12,0,app3,3,12,6,7,0.649,0
linear,Linear,12,0,app3,6,12,6,7,0.649,0
linear,Linear,12,0,app3,9,13,5,5,0.722,0
linear,Linear,12,0,app3,12,13,5,4,0.743,0
linear,Linear,12,0,app3,24,12,6,4,0.706,0
linear,Linear,12,0,app3,72,13,5,2,0.788,0
rope,Rope,6,0,app0,1,1,17,8,0.074,0
rope,Rope,6,0,app0,1,1,17,5,0.083,1
rope,Rope,6,0,app0,1,4,14,6,0.286,2
rope,Rope,6,0,app0,1,1,17,4,0.087,3
rope,Rope,6,0,app0,1,2,16,7,0.148,4
rope,Rope,6,0,app0,1,1,17,5,0.083,5
rope,Rope,6,0,app0,1,0,18,8,0.0,6
rope,Rope,6,0,app0,1,2,16,7,0.148,7
rope,Rope,6,0,app0,1,1,17,5,0.083,8
rope,Rope,6,0,app0,1,1,17,6,0.08,9
rope,Rope,6,0,app0,3,2,16,6,0.154,0
rope,Rope,6,0,app0,3,1,17,4,0.087,1
rope,Rope,6,0,app0,3,4,14,6,0.286,2
rope,Rope,6,0,app0,3,1,17,3,0.091,3
rope,Rope,6,0,app0,3,2,16,6,0.154,4
rope,Rope,6,0,app0,3,1,17,5,0.083,5
rope,Rope,6,0,app0,3,1,17,6,0.08,6
rope,Rope,6,0,app0,3,2,16,6,0.154,7
rope,Rope,6,0,app0,3,1,17,4,0.087,8
rope,Rope,6,0,app0,3,1,17,5,0.083,9
rope,Rope,6,0,app0,6,2,16,5,0.16,0
rope,Rope,6,0,app0,6,1,17,4,0.087,1
rope,Rope,6,0,app0,6,4,14,5,0.296,2
rope,Rope,6,0,app0,6,1,17,3,0.091,3
rope,Rope,6,0,app0,6,2,16,6,0.154,4
rope,Rope,6,0,app0,6,1,17,4,0.087,5
rope,Rope,6,0,app0,6,2,16,4,0.167,6
rope,Rope,6,0,app0,6,2,16,5,0.16,7
rope,Rope,6,0,app0,6,1,17,4,0.087,8
rope,Rope,6,0,app0,6,1,17,4,0.087,9
rope,Rope,6,0,app0,9,2,16,5,0.16,0
rope,Rope,6,0,app0,9,2,16,3,0.174,1
rope,Rope,6,0,app0,9,4,14,4,0.308,2
rope,Rope,6,0,app0,9,2,16,2,0.182,3
rope,Rope,6,0,app0,9,3,15,5,0.231,4
rope,Rope,6,0,app0,9,1,17,4,0.087,5
rope,Rope,6,0,app0,9,3,15,3,0.25,6
rope,Rope,6,0,app0,9,3,15,4,0.24,7
rope,Rope,6,0,app0,9,2,16,3,0.174,8
rope,Rope,6,0,app0,9,2,16,3,0.174,9
rope,Rope,6,0,app0,12,2,16,5,0.16,0
rope,Rope,6,0,app0,12,2,16,3,0.174,1
rope,Rope,6,0,app0,12,5,13,3,0.385,2
rope,Rope,6,0,app0,12,2,16,2,0.182,3
rope,Rope,6,0,app0,12,3,15,4,0.24,4
rope,Rope,6,0,app0,12,1,17,4,0.087,5
rope,Rope,6,0,app0,12,3,15,3,0.25,6
rope,Rope,6,0,app0,12,3,15,4,0.24,7
rope,Rope,6,0,app0,12,2,16,3,0.174,8
rope,Rope,6,0,app0,12,2,16,3,0.174,9
rope,Rope,6,0,app0,24,5,13,1,0.417,0
rope,Rope,6,0,app0,24,3,15,1,0.273,1
rope,Rope,6,0,app0,24,5,13,2,0.4,2
rope,Rope,6,0,app0,24,3,15,1,0.273,3
rope,Rope,6,0,app0,24,5,13,1,0.417,4
rope,Rope,6,0,app0,24,3,15,1,0.273,5
rope,Rope,6,0,app0,24,4,14,1,0.348,6
rope,Rope,6,0,app0,24,5,13,1,0.417,7
rope,Rope,6,0,app0,24,4,14,1,0.348,8
rope,Rope,6,0,app0,24,3,15,1,0.273,9
rope,Rope,6,0,app0,72,5,13,0,0.435,0
rope,Rope,6,0,app0,72,3,15,0,0.286,1
rope,Rope,6,0,app0,72,5,13,1,0.417,2
rope,Rope,6,0,app0,72,3,15,0,0.286,3
rope,Rope,6,0,app0,72,5,13,0,0.435,4
rope,Rope,6,0,app0,72,3,15,0,0.286,5
rope,Rope,6,0,app0,72,4,14,0,0.364,6
rope,Rope,6,0,app0,72,5,13,0,0.435,7
rope,Rope,6,0,app0,72,4,14,0,0.364,8
rope,Rope,6,0,app0,72,3,15,0,0.286,9
rope,Rope,6,0,app1,1,1,17,8,0.074,0
rope,Rope,6,0,app1,1,1,17,5,0.083,1
rope,Rope,6,0,app1,1,4,14,6,0.286,2
rope,Rope,6,0,app1,1,1,17,4,0.087,3
rope,Rope,6,0,app1,1,2,16,7,0.148,4
rope,Rope,6,0,app1,1,1,17,5,0.083,5
rope,Rope,6,0,app1,1,0,18,8,0.0,6
rope,Rope,6,0,app1,1,2,16,7,0.148,7
rope,Rope,6,0,app1,1,1,17,5,0.083,8
rope,Rope,6,0,app1,1,1,17,6,0.08,9
rope,Rope,6,0,app1,3,2,16,5,0.16,0
rope,Rope,6,0,app1,3,1,17,4,0.087,1
rope,Rope,6,0,app1,3,4,14,6,0.286,2
rope,Rope,6,0,app1,3,1,17,3,0.091,3
rope,Rope,6,0,app1,3,2,16,6,0.154,4
rope,Rope,6,0,app1,3,1,17,4,0.087,5
rope,Rope,6,0,app1,3,1,17,6,0.08,6
rope,Rope,6,0,app1,3,2,16,6,0.154,7
rope,Rope,6,0,app1,3,1,17,4,0.087,8
rope,Rope,6,0,app1,3,1,17,5,0.083,9
rope,Rope,6,0,app1,6,2,16,4,0.167,0
rope,Rope,6,0,app1,6,1,17,4,0.087,1
rope,Rope,6,0,app1,6,4,14,3,0.32,2
rope,Rope,6,0,app1,6,1,17,3,0.091,3
rope,Rope,6,0,app1,6,2,16,6,0.154,4
rope,Rope,6,0,app1,6,1,17,3,0.091,5
rope,Rope,6,0,app1,6,2,16,3,0.174,6
rope,Rope,6,0,app1,6,2,16,5,0.16,7
rope,Rope,6,0,app1,6,1,17,4,0.087,8
rope,Rope,6,0,app1,6,1,17,4,0.087,9
rope,Rope,6,0,app1,9,3,15,3,0.25,0
rope,Rope,6,0,app1,9,2,16,3,0.174,1
rope,Rope,6,0,app1,9,4,14,2,0.333,2
rope,Rope,6,0,app1,9,2,16,2,0.182,3
rope,Rope,6,0,app1,9,3,15,5,0.231,4
rope,Rope,6,0,app1,9,1,17,3,0.091,5
rope,Rope,6,0,app1,9,3,15,2,0.261,6
rope,Rope,6,0,app1,9,3,15,3,0.25,7
rope,Rope,6,0,app1,9,2,16,3,0.174,8
rope,Rope,6,0,app1,9,2,16,2,0.182,9
rope,Rope,6,0,app1,12,3,15,3,0.25,0
rope,Rope,6,0,app1,12,2,16,1,0.19,1
rope,Rope,6,0,app1,12,5,13,1,0.417,2
rope,Rope,6,0,app1,12,2,16,1,0.19,3
rope,Rope,6,0,app1,12,4,14,3,0.32,4
rope,Rope,6,0,app1,12,1,17,3,0.091,5
rope,Rope,6,0,app1,12,3,15,1,0.273,6
rope,Rope,6,0,app1,12,3,15,3,0.25,7
rope,Rope,6,0,app1,12,2,16,2,0.182,8
rope,Rope,6,0,app1,12,2,16,1,0.19,9
rope,Rope,6,0,app1,24,5,13,0,0.435,0
rope,Rope,6,0,app1,24,3,15,0,0.286,1
rope,Rope,6,0,app1,24,5,13,1,0.417,2
rope,Rope,6,0,app1,24,3,15,0,0.286,3
rope,Rope,6,0,app1,24,5,13,0,0.435,4
rope,Rope,6,0,app1,24,3,15,0,0.286,5
rope,Rope,6,0,app1,24,4,14,0,0.364,6
rope,Rope,6,0,app1,24,5,13,0,0.435,7
rope,Rope,6,0,app1,24,4,14,0,0.364,8
rope,Rope,6,0,app1,24,3,15,0,0.286,9
rope,Rope,6,0,app1,72,5,13,0,0.435,0
rope,Rope,6,0,app1,72,3,15,0,0.286,1
rope,Rope,6,0,app1,72,5,13,1,0.417,2
rope,Rope,6,0,app1,72,3,15,0,0.286,3
rope,Rope,6,0,app1,72,5,13,0,0.435,4
rope,Rope,6,0,app1,72,3,15,0,0.286,5
rope,Rope,6,0,app1,72,4,14,0,0.364,6
rope,Rope,6,0,app1,72,5,13,0,0.435,7
rope,Rope,6,0,app1,72,4,14,0,0.364,8
rope,Rope,6,0,app1,72,3,15,0,0.286,9
rope,Rope,6,0,app2,1,15,3,8,0.732,0
rope,Rope,6,0,app2,1,14,4,7,0.718,1
rope,Rope,6,0,app2,1,15,3,6,0.769,2
rope,Rope,6,0,app2,1,14,4,7,0.718,3
rope,Rope,6,0,app2,1,15,3,8,0.732,4
rope,Rope,6,0,app2,1,13,5,8,0.667,5
rope,Rope,6,0,app2,1,15,3,8,0.732,6
rope,Rope,6,0,app2,1,15,3,7,0.75,7
rope,Rope,6,0,app2,1,15,3,6,0.769,8
rope,Rope,6,0,app2,1,15,3,6,0.769,9
rope,Rope,6,0,app2,3,15,3,6,0.769,0
rope,Rope,6,0,app2,3,14,4,7,0.718,1
rope,Rope,6,0,app2,3,15,3,6,0.769,2
rope,Rope,6,0,app2,3,14,4,7,0.718,3
rope,Rope,6,0,app2,3,15,3,8,0.732,4
rope,Rope,6,0,app2,3,13,5,7,0.684,5
rope,Rope,6,0,app2,3,15,3,7,0.75,6
rope,Rope,6,0,app2,3,15,3,7,0.75,7
rope,Rope,6,0,app2,3,15,3,6,0.769,8
rope,Rope,6,0,app2,3,15,3,6,0.769,9
rope,Rope,6,0,app2,6,15,3,6,0.769,0
rope,Rope,6,0,app2,6,14,4,7,0.718,1
rope,Rope,6,0,app2,6,15,3,4,0.811,2
rope,Rope,6,0,app2,6,14,4,7,0.718,3
rope,Rope,6,0,app2,6,15,3,7,0.75,4
rope,Rope,6,0,app2,6,13,5,7,0.684,5
rope,Rope,6,0,app2,6,16,2,4,0.842,6
rope,Rope,6,0,app2,6,15,3,7,0.75,7
rope,Rope,6,0,app2,6,15,3,6,0.769,8
rope,Rope,6,0,app2,6,15,3,6,0.769,9
rope,Rope,6,0,app2,9,15,3,5,0.789,0
rope,Rope,6,0,app2,9,14,4,6,0.737,1
rope,Rope,6,0,app2,9,15,3,3,0.833,2
rope,Rope,6,0,app2,9,14,4,6,0.737,3
rope,Rope,6,0,app2,9,15,3,7,0.75,4
rope,Rope,6,0,app2,9,13,5,7,0.684,5
rope,Rope,6,0,app2,9,16,2,3,0.865,6
rope,Rope,6,0,app2,9,15,3,5,0.789,7
rope,Rope,6,0,app2,9,15,3,5,0.789,8
rope,Rope,6,0,app2,9,15,3,4,0.811,9
rope,Rope,6,0,app2,12,15,3,5,0.789,0
rope,Rope,6,0,app2,12,14,4,4,0.778,1
rope,Rope,6,0,app2,12,15,3,2,0.857,2
rope,Rope,6,0,app2,12,14,4,5,0.757,3
rope,Rope,6,0,app2,12,15,3,5,0.789,4
rope,Rope,6,0,app2,12,13,5,7,0.684,5
rope,Rope,6,0,app2,12,16,2,2,0.889,6
rope,Rope,6,0,app2,12,15,3,5,0.789,7
rope,Rope,6,0,app2,12,15,3,4,0.811,8
rope,Rope,6,0,app2,12,15,3,3,0.833,9
rope,Rope,6,0,app2,24,15,3,2,0.857,0
rope,Rope,6,0,app2,24,14,4,3,0.8,1
rope,Rope,6,0,app2,24,15,3,2,0.857,2
rope,Rope,6,0,app2,24,14,4,4,0.778,3
rope,Rope,6,0,app2,24,15,3,2,0.857,4
rope,Rope,6,0,app2,24,13,5,4,0.743,5
rope,Rope,6,0,app2,24,16,2,1,0.914,6
rope,Rope,6,0,app2,24,15,3,2,0.857,7
rope,Rope,6,0,app2,24,15,3,2,0.857,8
rope,Rope,6,0,app2,24,15,3,2,0.857,9
rope,Rope,6,0,app2,72,15,3,2,0.857,0
rope,Rope,6,0,app2,72,14,4,3,0.8,1
rope,Rope,6,0,app2,72,15,3,2,0.857,2
rope,Rope,6,0,app2,72,14,4,4,0.778,3
rope,Rope,6,0,app2,72,15,3,2,0.857,4
rope,Rope,6,0,app2,72,13,5,4,0.743,5
rope,Rope,6,0,app2,72,16,2,1,0.914,6
rope,Rope,6,0,app2,72,15,3,2,0.857,7
rope,Rope,6,0,app2,72,15,3,2,0.857,8
rope,Rope,6,0,app2,72,15,3,2,0.857,9
rope,Rope,6,0,app3,1,15,3,8,0.732,0
rope,Rope,6,0,app3,1,14,4,7,0.718,1
rope,Rope,6,0,app3,1,15,3,6,0.769,2
rope,Rope,6,0,app3,1,14,4,7,0.718,3
rope,Rope,6,0,app3,1,15,3,8,0.732,4
rope,Rope,6,0,app3,1,13,5,8,0.667,5
rope,Rope,6,0,app3,1,15,3,8,0.732,6
rope,Rope,6,0,app3,1,15,3,7,0.75,7
rope,Rope,6,0,app3,1,15,3,6,0.769,8
rope,Rope,6,0,app3,1,15,3,6,0.769,9
rope,Rope,6,0,app3,3,15,3,7,0.75,0
rope,Rope,6,0,app3,3,14,4,7,0.718,1
rope,Rope,6,0,app3,3,15,3,6,0.769,2
rope,Rope,6,0,app3,3,14,4,7,0.718,3
rope,Rope,6,0,app3,3,15,3,8,0.732,4
rope,Rope,6,0,app3,3,13,5,8,0.667,5
rope,Rope,6,0,app3,3,15,3,7,0.75,6
rope,Rope,6,0,app3,3,15,3,7,0.75,7
rope,Rope,6,0,app3,3,15,3,6,0.769,8
rope,Rope,6,0,app3,3,15,3,6,0.769,9
rope,Rope,6,0,app3,6,15,3,7,0.75,0
rope,Rope,6,0,app3,6,14,4,7,0.718,1
rope,Rope,6,0,app3,6,15,3,6,0.769,2
rope,Rope,6,0,app3,6,14,4,7,0.718,3
rope,Rope,6,0,app3,6,15,3,7,0.75,4
rope,Rope,6,0,app3,6,13,5,8,0.667,5
rope,Rope,6,0,app3,6,16,2,5,0.821,6
rope,Rope,6,0,app3,6,15,3,7,0.75,7
rope,Rope,6,0,app3,6,15,3,6,0.769,8
rope,Rope,6,0,app3,6,15,3,6,0.769,9
rope,Rope,6,0,app3,9,15,3,7,0.75,0
rope,Rope,6,0,app3,9,14,4,6,0.737,1
rope,Rope,6,0,app3,9,15,3,5,0.789,2
rope,Rope,6,0,app3,9,14,4,6,0.737,3
rope,Rope,6,0,app3,9,15,3,7,0.75,4
rope,Rope,6,0,app3,9,13,5,8,0.667,5
rope,Rope,6,0,app3,9,16,2,4,0.842,6
rope,Rope,6,0,app3,9,15,3,6,0.769,7
rope,Rope,6,0,app3,9,15,3,5,0.789,8
rope,Rope,6,0,app3,9,15,3,5,0.789,9
rope,Rope,6,0,app3,12,14,4,7,0.718,0
rope,Rope,6,0,app3,12,14,4,6,0.737,1
rope,Rope,6,0,app3,12,15,3,4,0.811,2
rope,Rope,6,0,app3,12,14,4,6,0.737,3
rope,Rope,6,0,app3,12,15,3,6,0.769,4
rope,Rope,6,0,app3,12,13,5,7,0.684,5
rope,Rope,6,0,app3,12,16,2,4,0.842,6
rope,Rope,6,0,app3,12,15,3,6,0.769,7
rope,Rope,6,0,app3,12,15,3,5,0.789,8
rope,Rope,6,0,app3,12,15,3,5,0.789,9
rope,Rope,6,0,app3,24,15,3,3,0.833,0
rope,Rope,6,0,app3,24,14,4,4,0.778,1
rope,Rope,6,0,app3,24,15,3,3,0.833,2
rope,Rope,6,0,app3,24,14,4,5,0.757,3
rope,Rope,6,0,app3,24,15,3,3,0.833,4
rope,Rope,6,0,app3,24,13,5,5,0.722,5
rope,Rope,6,0,app3,24,16,2,2,0.889,6
rope,Rope,6,0,app3,24,15,3,3,0.833,7
rope,Rope,6,0,app3,24,15,3,3,0.833,8
rope,Rope,6,0,app3,24,15,3,3,0.833,9
rope,Rope,6,0,app3,72,15,3,2,0.857,0
rope,Rope,6,0,app3,72,14,4,3,0.8,1
rope,Rope,6,0,app3,72,15,3,2,0.857,2
rope,Rope,6,0,app3,72,14,4,4,0.778,3
rope,Rope,6,0,app3,72,15,3,2,0.857,4
rope,Rope,6,0,app3,72,13,5,4,0.743,5
rope,Rope,6,0,app3,72,16,2,1,0.914,6
rope,Rope,6,0,app3,72,15,3,2,0.857,7
rope,Rope,6,0,app3,72,15,3,2,0.857,8
rope,Rope,6,0,app3,72,15,3,2,0.857,9
rope,Rope,12,0,app0,1,0,18,9,0.0,0
rope,Rope,12,0,app0,1,0,18,8,0.0,1
rope,Rope,12,0,app0,1,2,16,8,0.143,2
rope,Rope,12,0,app0,1,0,18,5,0.0,3
rope,Rope,12,0,app0,1,0,18,8,0.0,4
rope,Rope,12,0,app0,1,0,18,4,0.0,5
rope,Rope,12,0,app0,1,0,18,8,0.0,6
rope,Rope,12,0,app0,1,0,18,10,0.0,7
rope,Rope,12,0,app0,1,0,18,6,0.0,8
rope,Rope,12,0,app0,1,0,18,6,0.0,9
rope,Rope,12,0,app0,3,1,17,7,0.077,0
rope,Rope,12,0,app0,3,1,17,6,0.08,1
rope,Rope,12,0,app0,3,2,16,8,0.143,2
rope,Rope,12,0,app0,3,0,18,4,0.0,3
rope,Rope,12,0,app0,3,1,17,7,0.077,4
rope,Rope,12,0,app0,3,0,18,4,0.0,5
rope,Rope,12,0,app0,3,1,17,7,0.077,6
rope,Rope,12,0,app0,3,2,16,8,0.143,7
rope,Rope,12,0,app0,3,1,17,5,0.083,8
rope,Rope,12,0,app0,3,1,17,5,0.083,9
rope,Rope,12,0,app0,6,1,17,5,0.083,0
rope,Rope,12,0,app0,6,1,17,5,0.083,1
rope,Rope,12,0,app0,6,3,15,5,0.231,2
rope,Rope,12,0,app0,6,0,18,4,0.0,3
rope,Rope,12,0,app0,6,0,18,6,0.0,4
rope,Rope,12,0,app0,6,0,18,4,0.0,5
rope,Rope,12,0,app0,6,1,17,6,0.08,6
rope,Rope,12,0,app0,6,2,16,6,0.154,7
rope,Rope,12,0,app0,6,0,18,5,0.0,8
rope,Rope,12,0,app0,6,2,16,3,0.174,9
rope,Rope,12,0,app0,9,2,16,4,0.167,0
rope,Rope,12,0,app0,9,2,16,4,0.167,1
rope,Rope,12,0,app0,9,4,14,4,0.308,2
rope,Rope,12,0,app0,9,0,18,4,0.0,3
rope,Rope,12,0,app0,9,1,17,5,0.083,4
rope,Rope,12,0,app0,9,0,18,4,0.0,5
rope,Rope,12,0,app0,9,1,17,6,0.08,6
rope,Rope,12,0,app0,9,2,16,6,0.154,7
rope,Rope,12,0,app0,9,2,16,3,0.174,8
rope,Rope,12,0,app0,9,2,16,3,0.174,9
rope,Rope,12,0,app0,12,2,16,3,0.174,0
rope,Rope,12,0,app0,12,2,16,3,0.174,1
rope,Rope,12,0,app0,12,4,14,3,0.32,2
rope,Rope,12,0,app0,12,1,17,3,0.091,3
rope,Rope,12,0,app0,12,2,16,3,0.174,4
rope,Rope,12,0,app0,12,0,18,4,0.0,5
rope,Rope,12,0,app0,12,1,17,4,0.087,6
rope,Rope,12,0,app0,12,3,15,4,0.24,7
rope,Rope,12,0,app0,12,1,17,3,0.091,8
rope,Rope,12,0,app0,12,2,16,2,0.182,9
rope,Rope,12,0,app0,24,2,16,2,0.182,0
rope,Rope,12,0,app0,24,3,15,2,0.261,1
rope,Rope,12,0,app0,24,4,14,3,0.32,2
rope,Rope,12,0,app0,24,2,16,1,0.19,3
rope,Rope,12,0,app0,24,3,15,1,0.273,4
rope,Rope,12,0,app0,24,1,17,2,0.095,5
rope,Rope,12,0,app0,24,2,16,2,0.182,6
rope,Rope,12,0,app0,24,4,14,2,0.333,7
rope,Rope,12,0,app0,24,3,15,1,0.273,8
rope,Rope,12,0,app0,24,2,16,1,0.19,9
rope,Rope,12,0,app0,72,2,16,1,0.19,0
rope,Rope,12,0,app0,72,3,15,1,0.273,1
rope,Rope,12,0,app0,72,4,14,2,0.333,2
rope,Rope,12,0,app0,72,3,15,0,0.286,3
rope,Rope,12,0,app0,72,3,15,0,0.286,4
rope,Rope,12,0,app0,72,2,16,1,0.19,5
rope,Rope,12,0,app0,72,2,16,1,0.19,6
rope,Rope,12,0,app0,72,4,14,1,0.348,7
rope,Rope,12,0,app0,72,3,15,0,0.286,8
rope,Rope,12,0,app0,72,2,16,0,0.2,9
rope,Rope,12,0,app1,1,0,18,9,0.0,0
rope,Rope,12,0,app1,1,0,18,8,0.0,1
rope,Rope,12,0,app1,1,2,16,8,0.143,2
rope,Rope,12,0,app1,1,0,18,5,0.0,3
rope,Rope,12,0,app1,1,0,18,8,0.0,4
rope,Rope,12,0,app1,1,0,18,4,0.0,5
rope,Rope,12,0,app1,1,0,18,8,0.0,6
rope,Rope,12,0,app1,1,0,18,10,0.0,7
rope,Rope,12,0,app1,1,0,18,6,0.0,8
rope,Rope,12,0,app1,1,0,18,6,0.0,9
rope,Rope,12,0,app1,3,1,17,6,0.08,0
rope,Rope,12,0,app1,3,1,17,6,0.08,1
rope,Rope,12,0,app1,3,2,16,6,0.154,2
rope,Rope,12,0,app1,3,0,18,4,0.0,3
rope,Rope,12,0,app1,3,1,17,6,0.08,4
rope,Rope,12,0,app1,3,0,18,4,0.0,5
rope,Rope,12,0,app1,3,1,17,6,0.08,6
rope,Rope,12,0,app1,3,2,16,7,0.148,7
rope,Rope,12,0,app1,3,1,17,5,0.083,8
rope,Rope,12,0,app1,3,1,17,5,0.083,9
rope,Rope,12,0,app1,6,1,17,4,0.087,0
rope,Rope,12,0,app1,6,1,17,4,0.087,1
rope,Rope,12,0,app1,6,3,15,4,0.24,2
rope,Rope,12,0,app1,6,0,18,4,0.0,3
rope,Rope,12,0,app1,6,1,17,4,0.087,4
rope,Rope,12,0,app1,6,0,18,4,0.0,5
rope,Rope,12,0,app1,6,1,17,4,0.087,6
rope,Rope,12,0,app1,6,3,15,4,0.24,7
rope,Rope,12,0,app1,6,1,17,3,0.091,8
rope,Rope,12,0,app1,6,2,16,1,0.19,9
rope,Rope,12,0,app1,9,2,16,2,0.182,0
rope,Rope,12,0,app1,9,2,16,2,0.182,1
rope,Rope,12,0,app1,9,4,14,3,0.32,2
rope,Rope,12,0,app1,9,0,18,4,0.0,3
rope,Rope,12,0,app1,9,2,16,3,0.174,4
rope,Rope,12,0,app1,9,0,18,4,0.0,5
rope,Rope,12,0,app1,9,2,16,2,0.182,6
rope,Rope,12,0,app1,9,4,14,3,0.32,7
rope,Rope,12,0,app1,9,2,16,2,0.182,8
rope,Rope,12,0,app1,9,2,16,1,0.19,9
rope,Rope,12,0,app1,12,2,16,2,0.182,0
rope,Rope,12,0,app1,12,3,15,1,0.273,1
rope,Rope,12,0,app1,12,4,14,2,0.333,2
rope,Rope,12,0,app1,12,2,16,2,0.182,3
rope,Rope,12,0,app1,12,3,15,2,0.261,4
rope,Rope,12,0,app1,12,0,18,4,0.0,5
rope,Rope,12,0,app1,12,2,16,2,0.182,6
rope,Rope,12,0,app1,12,4,14,2,0.333,7
rope,Rope,12,0,app1,12,2,16,2,0.182,8
rope,Rope,12,0,app1,12,2,16,0,0.2,9
rope,Rope,12,0,app1,24,2,16,1,0.19,0
rope,Rope,12,0,app1,24,3,15,1,0.273,1
rope,Rope,12,0,app1,24,4,14,2,0.333,2
rope,Rope,12,0,app1,24,3,15,0,0.286,3
rope,Rope,12,0,app1,24,3,15,0,0.286,4
rope,Rope,12,0,app1,24,2,16,1,0.19,5
rope,Rope,12,0,app1,24,2,16,1,0.19,6
rope,Rope,12,0,app1,24,4,14,1,0.348,7
rope,Rope,12,0,app1,24,3,15,0,0.286,8
rope,Rope,12,0,app1,24,2,16,0,0.2,9
rope,Rope,12,0,app1,72,2,16,1,0.19,0
rope,Rope,12,0,app1,72,3,15,1,0.273,1
rope,Rope,12,0,app1,72,4,14,2,0.333,2
rope,Rope,12,0,app1,72,3,15,0,0.286,3
rope,Rope,12,0,app1,72,3,15,0,0.286,4
rope,Rope,12,0,app1,72,2,16,1,0.19,5
rope,Rope,12,0,app1,72,2,16,1,0.19,6
rope,Rope,12,0,app1,72,4,14,1,0.348,7
rope,Rope,12,0,app1,72,3,15,0,0.286,8
rope,Rope,12,0,app1,72,2,16,0,0.2,9
rope,Rope,12,0,app2,1,13,5,8,0.667,0
rope,Rope,12,0,app2,1,12,6,9,0.615,1
rope,Rope,12,0,app2,1,15,3,6,0.769,2
rope,Rope,12,0,app2,1,13,5,7,0.684,3
rope,Rope,12,0,app2,1,15,3,6,0.769,4
rope,Rope,12,0,app2,1,11,7,8,0.595,5
rope,Rope,12,0,app2,1,14,4,7,0.718,6
rope,Rope,12,0,app2,1,13,5,10,0.634,7
rope,Rope,12,0,app2,1,15,3,5,0.789,8
rope,Rope,12,0,app2,1,14,4,7,0.718,9
rope,Rope,12,0,app2,3,13,5,7,0.684,0
rope,Rope,12,0,app2,3,12,6,9,0.615,1
rope,Rope,12,0,app2,3,14,4,6,0.737,2
rope,Rope,12,0,app2,3,13,5,7,0.684,3
rope,Rope,12,0,app2,3,15,3,6,0.769,4
rope,Rope,12,0,app2,3,11,7,8,0.595,5
rope,Rope,12,0,app2,3,15,3,5,0.789,6
rope,Rope,12,0,app2,3,15,3,6,0.769,7
rope,Rope,12,0,app2,3,15,3,5,0.789,8
rope,Rope,12,0,app2,3,15,3,5,0.789,9
rope,Rope,12,0,app2,6,13,5,6,0.703,0
rope,Rope,12,0,app2,6,12,6,8,0.632,1
rope,Rope,12,0,app2,6,15,3,3,0.833,2
rope,Rope,12,0,app2,6,13,5,7,0.684,3
rope,Rope,12,0,app2,6,15,3,5,0.789,4
rope,Rope,12,0,app2,6,11,7,8,0.595,5
rope,Rope,12,0,app2,6,15,3,5,0.789,6
rope,Rope,12,0,app2,6,15,3,5,0.789,7
rope,Rope,12,0,app2,6,15,3,4,0.811,8
rope,Rope,12,0,app2,6,15,3,3,0.833,9
rope,Rope,12,0,app2,9,14,4,4,0.778,0
rope,Rope,12,0,app2,9,12,6,6,0.667,1
rope,Rope,12,0,app2,9,15,3,2,0.857,2
rope,Rope,12,0,app2,9,13,5,7,0.684,3
rope,Rope,12,0,app2,9,15,3,4,0.811,4
rope,Rope,12,0,app2,9,11,7,8,0.595,5
rope,Rope,12,0,app2,9,15,3,3,0.833,6
rope,Rope,12,0,app2,9,15,3,4,0.811,7
rope,Rope,12,0,app2,9,15,3,3,0.833,8
rope,Rope,12,0,app2,9,15,3,3,0.833,9
rope,Rope,12,0,app2,12,14,4,4,0.778,0
rope,Rope,12,0,app2,12,13,5,4,0.743,1
rope,Rope,12,0,app2,12,15,3,1,0.882,2
rope,Rope,12,0,app2,12,14,4,4,0.778,3
rope,Rope,12,0,app2,12,16,2,3,0.865,4
rope,Rope,12,0,app2,12,10,8,8,0.556,5
rope,Rope,12,0,app2,12,15,3,3,0.833,6
rope,Rope,12,0,app2,12,15,3,3,0.833,7
rope,Rope,12,0,app2,12,15,3,3,0.833,8
rope,Rope,12,0,app2,12,15,3,2,0.857,9
rope,Rope,12,0,app2,24,14,4,3,0.8,0
rope,Rope,12,0,app2,24,13,5,4,0.743,1
rope,Rope,12,0,app2,24,15,3,1,0.882,2
rope,Rope,12,0,app2,24,14,4,3,0.8,3
rope,Rope,12,0,app2,24,16,2,1,0.914,4
rope,Rope,12,0,app2,24,12,6,4,0.706,5
rope,Rope,12,0,app2,24,15,3,2,0.857,6
rope,Rope,12,0,app2,24,15,3,2,0.857,7
rope,Rope,12,0,app2,24,16,2,1,0.914,8
rope,Rope,12,0,app2,24,15,3,2,0.857,9
rope,Rope,12,0,app2,72,14,4,3,0.8,0
rope,Rope,12,0,app2,72,13,5,4,0.743,1
rope,Rope,12,0,app2,72,15,3,1,0.882,2
rope,Rope,12,0,app2,72,14,4,3,0.8,3
rope,Rope,12,0,app2,72,16,2,1,0.914,4
rope,Rope,12,0,app2,72,12,6,4,0.706,5
rope,Rope,12,0,app2,72,15,3,2,0.857,6
rope,Rope,12,0,app2,72,15,3,2,0.857,7
rope,Rope,12,0,app2,72,16,2,1,0.914,8
rope,Rope,12,0,app2,72,15,3,2,0.857,9
rope,Rope,12,0,app3,1,13,5,8,0.667,0
rope,Rope,12,0,app3,1,12,6,9,0.615,1
rope,Rope,12,0,app3,1,15,3,6,0.769,2
rope,Rope,12,0,app3,1,13,5,7,0.684,3
rope,Rope,12,0,app3,1,15,3,6,0.769,4
rope,Rope,12,0,app3,1,11,7,8,0.595,5
rope,Rope,12,0,app3,1,14,4,7,0.718,6
rope,Rope,12,0,app3,1,13,5,10,0.634,7
rope,Rope,12,0,app3,1,15,3,5,0.789,8
rope,Rope,12,0,app3,1,14,4,7,0.718,9
rope,Rope,12,0,app3,3,13,5,7,0.684,0
rope,Rope,12,0,app3,3,12,6,9,0.615,1
rope,Rope,12,0,app3,3,14,4,7,0.718,2
rope,Rope,12,0,app3,3,13,5,7,0.684,3
rope,Rope,12,0,app3,3,15,3,6,0.769,4
rope,Rope,12,0,app3,3,11,7,8,0.595,5
rope,Rope,12,0,app3,3,15,3,5,0.789,6
rope,Rope,12,0,app3,3,15,3,6,0.769,7
rope,Rope,12,0,app3,3,15,3,5,0.789,8
rope,Rope,12,0,app3,3,15,3,5,0.789,9
rope,Rope,12,0,app3,6,13,5,7,0.684,0
rope,Rope,12,0,app3,6,12,6,9,0.615,1
rope,Rope,12,0,app3,6,15,3,4,0.811,2
rope,Rope,12,0,app3,6,13,5,7,0.684,3
rope,Rope,12,0,app3,6,15,3,5,0.789,4
rope,Rope,12,0,app3,6,11,7,8,0.595,5
rope,Rope,12,0,app3,6,15,3,5,0.789,6
rope,Rope,12,0,app3,6,15,3,6,0.769,7
rope,Rope,12,0,app3,6,15,3,5,0.789,8
rope,Rope,12,0,app3,6,15,3,4,0.811,9
rope,Rope,12,0,app3,9,13,5,7,0.684,0
rope,Rope,12,0,app3,9,12,6,8,0.632,1
rope,Rope,12,0,app3,9,15,3,3,0.833,2
rope,Rope,12,0,app3,9,13,5,7,0.684,3
rope,Rope,12,0,app3,9,15,3,5,0.789,4
rope,Rope,12,0,app3,9,11,7,8,0.595,5
rope,Rope,12,0,app3,9,15,3,5,0.789,6
rope,Rope,12,0,app3,9,14,4,7,0.718,7
rope,Rope,12,0,app3,9,15,3,4,0.811,8
rope,Rope,12,0,app3,9,15,3,4,0.811,9
rope,Rope,12,0,app3,12,14,4,4,0.778,0
rope,Rope,12,0,app3,12,12,6,7,0.649,1
rope,Rope,12,0,app3,12,15,3,2,0.857,2
rope,Rope,12,0,app3,12,13,5,6,0.703,3
rope,Rope,12,0,app3,12,15,3,5,0.789,4
rope,Rope,12,0,app3,12,10,8,8,0.556,5
rope,Rope,12,0,app3,12,15,3,5,0.789,6
rope,Rope,12,0,app3,12,14,4,6,0.737,7
rope,Rope,12,0,app3,12,14,4,5,0.757,8
rope,Rope,12,0,app3,12,15,3,4,0.811,9
rope,Rope,12,0,app3,24,13,5,5,0.722,0
rope,Rope,12,0,app3,24,13,5,5,0.722,1
rope,Rope,12,0,app3,24,15,3,2,0.857,2
rope,Rope,12,0,app3,24,14,4,4,0.778,3
rope,Rope,12,0,app3,24,16,2,2,0.889,4
rope,Rope,12,0,app3,24,11,7,6,0.629,5
rope,Rope,12,0,app3,24,15,3,3,0.833,6
rope,Rope,12,0,app3,24,15,3,3,0.833,7
rope,Rope,12,0,app3,24,16,2,2,0.889,8
rope,Rope,12,0,app3,24,15,3,3,0.833,9
rope,Rope,12,0,app3,72,14,4,3,0.8,0
rope,Rope,12,0,app3,72,13,5,4,0.743,1
rope,Rope,12,0,app3,72,15,3,1,0.882,2
rope,Rope,12,0,app3,72,14,4,3,0.8,3
rope,Rope,12,0,app3,72,16,2,1,0.914,4
rope,Rope,12,0,app3,72,12,6,4,0.706,5
rope,Rope,12,0,app3,72,15,3,2,0.857,6
rope,Rope,12,0,app3,72,15,3,2,0.857,7
rope,Rope,12,0,app3,72,16,2,1,0.914,8
rope,Rope,12,0,app3,72,15,3,2,0.857,9
zero,Zero,6,0,app0,1,0,18,9,0.0,0
zero,Zero,6,0,app0,1,1,17,6,0.08,1
zero,Zero,6,0,app0,1,0,18,7,0.0,2
zero,Zero,6,0,app0,1,2,16,9,0.138,3
zero,Zero,6,0,app0,1,2,16,8,0.143,4
zero,Zero,6,0,app0,1,1,17,6,0.08,5
zero,Zero,6,0,app0,1,2,16,6,0.154,6
zero,Zero,6,0,app0,1,1,17,5,0.083,7
zero,Zero,6,0,app0,1,1,17,6,0.08,8
zero,Zero,6,0,app0,1,0,18,8,0.0,9
zero,Zero,6,0,app0,3,1,17,6,0.08,0
zero,Zero,6,0,app0,3,1,17,5,0.083,1
zero,Zero,6,0,app0,3,1,17,4,0.087,2
zero,Zero,6,0,app0,3,3,15,6,0.222,3
zero,Zero,6,0,app0,3,3,15,7,0.214,4
zero,Zero,6,0,app0,3,1,17,6,0.08,5
zero,Zero,6,0,app0,3,2,16,5,0.16,6
zero,Zero,6,0,app0,3,1,17,4,0.087,7
zero,Zero,6,0,app0,3,1,17,6,0.08,8
zero,Zero,6,0,app0,3,1,17,6,0.08,9
zero,Zero,6,0,app0,6,1,17,5,0.083,0
zero,Zero,6,0,app0,6,1,17,4,0.087,1
zero,Zero,6,0,app0,6,1,17,3,0.091,2
zero,Zero,6,0,app0,6,3,15,4,0.24,3
zero,Zero,6,0,app0,6,3,15,6,0.222,4
zero,Zero,6,0,app0,6,1,17,5,0.083,5
zero,Zero,6,0,app0,6,2,16,5,0.16,6
zero,Zero,6,0,app0,6,1,17,3,0.091,7
zero,Zero,6,0,app0,6,1,17,6,0.08,8
zero,Zero,6,0,app0,6,1,17,5,0.083,9
zero,Zero,6,0,app0,9,1,17,4,0.087,0
zero,Zero,6,0,app0,9,1,17,4,0.087,1
zero,Zero,6,0,app0,9,1,17,3,0.091,2
zero,Zero,6,0,app0,9,3,15,4,0.24,3
zero,Zero,6,0,app0,9,3,15,5,0.231,4
zero,Zero,6,0,app0,9,2,16,4,0.167,5
zero,Zero,6,0,app0,9,3,15,4,0.24,6
zero,Zero,6,0,app0,9,1,17,3,0.091,7
zero,Zero,6,0,app0,9,2,16,4,0.167,8
zero,Zero,6,0,app0,9,2,16,4,0.167,9
zero,Zero,6,0,app0,12,1,17,4,0.087,0
zero,Zero,6,0,app0,12,1,17,4,0.087,1
zero,Zero,6,0,app0,12,1,17,3,0.091,2
zero,Zero,6,0,app0,12,3,15,3,0.25,3
zero,Zero,6,0,app0,12,4,14,4,0.308,4
zero,Zero,6,0,app0,12,2,16,4,0.167,5
zero,Zero,6,0,app0,12,2,16,4,0.167,6
zero,Zero,6,0,app0,12,1,17,3,0.091,7
zero,Zero,6,0,app0,12,2,16,4,0.167,8
zero,Zero,6,0,app0,12,3,15,3,0.25,9
zero,Zero,6,0,app0,24,3,15,1,0.273,0
zero,Zero,6,0,app0,24,3,15,2,0.261,1
zero,Zero,6,0,app0,24,1,17,2,0.095,2
zero,Zero,6,0,app0,24,4,14,2,0.333,3
zero,Zero,6,0,app0,24,5,13,3,0.385,4
zero,Zero,6,0,app0,24,3,15,2,0.261,5
zero,Zero,6,0,app0,24,4,14,2,0.333,6
zero,Zero,6,0,app0,24,3,15,1,0.273,7
zero,Zero,6,0,app0,24,3,15,2,0.261,8
zero,Zero,6,0,app0,24,4,14,1,0.348,9
zero,Zero,6,0,app0,72,3,15,0,0.286,0
zero,Zero,6,0,app0,72,3,15,1,0.273,1
zero,Zero,6,0,app0,72,2,16,1,0.19,2
zero,Zero,6,0,app0,72,5,13,0,0.435,3
zero,Zero,6,0,app0,72,5,13,1,0.417,4
zero,Zero,6,0,app0,72,3,15,1,0.273,5
zero,Zero,6,0,app0,72,4,14,1,0.348,6
zero,Zero,6,0,app0,72,3,15,0,0.286,7
zero,Zero,6,0,app0,72,3,15,1,0.273,8
zero,Zero,6,0,app0,72,4,14,0,0.364,9
zero,Zero,6,0,app1,1,0,18,9,0.0,0
zero,Zero,6,0,app1,1,1,17,6,0.08,1
zero,Zero,6,0,app1,1,0,18,7,0.0,2
zero,Zero,6,0,app1,1,2,16,9,0.138,3
zero,Zero,6,0,app1,1,2,16,8,0.143,4
zero,Zero,6,0,app1,1,1,17,6,0.08,5
zero,Zero,6,0,app1,1,2,16,6,0.154,6
zero,Zero,6,0,app1,1,1,17,5,0.083,7
zero,Zero,6,0,app1,1,1,17,6,0.08,8
zero,Zero,6,0,app1,1,0,18,8,0.0,9
zero,Zero,6,0,app1,3,1,17,5,0.083,0
zero,Zero,6,0,app1,3,1,17,5,0.083,1
zero,Zero,6,0,app1,3,1,17,4,0.087,2
zero,Zero,6,0,app1,3,3,15,4,0.24,3
zero,Zero,6,0,app1,3,3,15,6,0.222,4
zero,Zero,6,0,app1,3,1,17,6,0.08,5
zero,Zero,6,0,app1,3,2,16,5,0.16,6
zero,Zero,6,0,app1,3,1,17,4,0.087,7
zero,Zero,6,0,app1,3,1,17,5,0.083,8
zero,Zero,6,0,app1,3,1,17,5,0.083,9
zero,Zero,6,0,app1,6,1,17,3,0.091,0
zero,Zero,6,0,app1,6,1,17,4,0.087,1
zero,Zero,6,0,app1,6,1,17,3,0.091,2
zero,Zero,6,0,app1,6,3,15,4,0.24,3
zero,Zero,6,0,app1,6,3,15,3,0.25,4
zero,Zero,6,0,app1,6,1,17,5,0.083,5
zero,Zero,6,0,app1,6,2,16,5,0.16,6
zero,Zero,6,0,app1,6,1,17,3,0.091,7
zero,Zero,6,0,app1,6,1,17,4,0.087,8
zero,Zero,6,0,app1,6,1,17,4,0.087,9
zero,Zero,6,0,app1,9,2,16,2,0.182,0
zero,Zero,6,0,app1,9,1,17,4,0.087,1
zero,Zero,6,0,app1,9,1,17,3,0.091,2
zero,Zero,6,0,app1,9,3,15,4,0.24,3
zero,Zero,6,0,app1,9,3,15,3,0.25,4
zero,Zero,6,0,app1,9,2,16,4,0.167,5
zero,Zero,6,0,app1,9,3,15,4,0.24,6
zero,Zero,6,0,app1,9,2,16,2,0.182,7
zero,Zero,6,0,app1,9,2,16,3,0.174,8
zero,Zero,6,0,app1,9,2,16,3,0.174,9
zero,Zero,6,0,app1,12,2,16,2,0.182,0
zero,Zero,6,0,app1,12,1,17,4,0.087,1
zero,Zero,6,0,app1,12,1,17,3,0.091,2
zero,Zero,6,0,app1,12,3,15,3,0.25,3
zero,Zero,6,0,app1,12,4,14,2,0.333,4
zero,Zero,6,0,app1,12,2,16,3,0.174,5
zero,Zero,6,0,app1,12,3,15,3,0.25,6
zero,Zero,6,0,app1,12,2,16,2,0.182,7
zero,Zero,6,0,app1,12,2,16,3,0.174,8
zero,Zero,6,0,app1,12,3,15,2,0.261,9
zero,Zero,6,0,app1,24,3,15,0,0.286,0
zero,Zero,6,0,app1,24,3,15,1,0.273,1
zero,Zero,6,0,app1,24,1,17,2,0.095,2
zero,Zero,6,0,app1,24,5,13,0,0.435,3
zero,Zero,6,0,app1,24,5,13,1,0.417,4
zero,Zero,6,0,app1,24,3,15,1,0.273,5
zero,Zero,6,0,app1,24,4,14,1,0.348,6
zero,Zero,6,0,app1,24,3,15,0,0.286,7
zero,Zero,6,0,app1,24,3,15,1,0.273,8
zero,Zero,6,0,app1,24,4,14,0,0.364,9
zero,Zero,6,0,app1,72,3,15,0,0.286,0
zero,Zero,6,0,app1,72,3,15,1,0.273,1
zero,Zero,6,0,app1,72,2,16,1,0.19,2
zero,Zero,6,0,app1,72,5,13,0,0.435,3
zero,Zero,6,0,app1,72,5,13,1,0.417,4
zero,Zero,6,0,app1,72,3,15,1,0.273,5
zero,Zero,6,0,app1,72,4,14,1,0.348,6
zero,Zero,6,0,app1,72,3,15,0,0.286,7
zero,Zero,6,0,app1,72,3,15,1,0.273,8
zero,Zero,6,0,app1,72,4,14,0,0.364,9
zero,Zero,6,0,app2,1,14,4,8,0.7,0
zero,Zero,6,0,app2,1,14,4,6,0.737,1
zero,Zero,6,0,app2,1,13,5,7,0.684,2
zero,Zero,6,0,app2,1,14,4,8,0.7,3
zero,Zero,6,0,app2,1,12,6,11,0.585,4
zero,Zero,6,0,app2,1,15,3,6,0.769,5
zero,Zero,6,0,app2,1,14,4,6,0.737,6
zero,Zero,6,0,app2,1,13,5,8,0.667,7
zero,Zero,6,0,app2,1,14,4,7,0.718,8
zero,Zero,6,0,app2,1,14,4,10,0.667,9
zero,Zero,6,0,app2,3,14,4,6,0.737,0
zero,Zero,6,0,app2,3,14,4,6,0.737,1
zero,Zero,6,0,app2,3,13,5,6,0.703,2
zero,Zero,6,0,app2,3,15,3,6,0.769,3
zero,Zero,6,0,app2,3,13,5,8,0.667,4
zero,Zero,6,0,app2,3,15,3,6,0.769,5
zero,Zero,6,0,app2,3,14,4,6,0.737,6
zero,Zero,6,0,app2,3,13,5,8,0.667,7
zero,Zero,6,0,app2,3,14,4,6,0.737,8
zero,Zero,6,0,app2,3,14,4,8,0.7,9
zero,Zero,6,0,app2,6,14,4,6,0.737,0
zero,Zero,6,0,app2,6,14,4,6,0.737,1
zero,Zero,6,0,app2,6,13,5,6,0.703,2
zero,Zero,6,0,app2,6,15,3,5,0.789,3
zero,Zero,6,0,app2,6,13,5,6,0.703,4
zero,Zero,6,0,app2,6,15,3,6,0.769,5
zero,Zero,6,0,app2,6,14,4,5,0.757,6
zero,Zero,6,0,app2,6,13,5,8,0.667,7
zero,Zero,6,0,app2,6,14,4,6,0.737,8
zero,Zero,6,0,app2,6,14,4,8,0.7,9
zero,Zero,6,0,app2,9,14,4,5,0.757,0
zero,Zero,6,0,app2,9,14,4,6,0.737,1
zero,Zero,6,0,app2,9,13,5,6,0.703,2
zero,Zero,6,0,app2,9,15,3,5,0.789,3
zero,Zero,6,0,app2,9,13,5,6,0.703,4
zero,Zero,6,0,app2,9,15,3,5,0.789,5
zero,Zero,6,0,app2,9,14,4,5,0.757,6
zero,Zero,6,0,app2,9,13,5,7,0.684,7
zero,Zero,6,0,app2,9,14,4,5,0.757,8
zero,Zero,6,0,app2,9,14,4,7,0.718,9
zero,Zero,6,0,app2,12,14,4,5,0.757,0
zero,Zero,6,0,app2,12,14,4,6,0.737,1
zero,Zero,6,0,app2,12,13,5,6,0.703,2
zero,Zero,6,0,app2,12,15,3,5,0.789,3
zero,Zero,6,0,app2,12,14,4,4,0.778,4
zero,Zero,6,0,app2,12,15,3,4,0.811,5
zero,Zero,6,0,app2,12,14,4,4,0.778,6
zero,Zero,6,0,app2,12,13,5,7,0.684,7
zero,Zero,6,0,app2,12,14,4,5,0.757,8
zero,Zero,6,0,app2,12,14,4,6,0.737,9
zero,Zero,6,0,app2,24,14,4,3,0.8,0
zero,Zero,6,0,app2,24,14,4,3,0.8,1
zero,Zero,6,0,app2,24,13,5,5,0.722,2
zero,Zero,6,0,app2,24,15,3,2,0.857,3
zero,Zero,6,0,app2,24,14,4,3,0.8,4
zero,Zero,6,0,app2,24,15,3,2,0.857,5
zero,Zero,6,0,app2,24,14,4,2,0.824,6
zero,Zero,6,0,app2,24,13,5,5,0.722,7
zero,Zero,6,0,app2,24,14,4,3,0.8,8
zero,Zero,6,0,app2,24,14,4,4,0.778,9
zero,Zero,6,0,app2,72,14,4,3,0.8,0
zero,Zero,6,0,app2,72,14,4,3,0.8,1
zero,Zero,6,0,app2,72,13,5,4,0.743,2
zero,Zero,6,0,app2,72,15,3,2,0.857,3
zero,Zero,6,0,app2,72,14,4,3,0.8,4
zero,Zero,6,0,app2,72,15,3,2,0.857,5
zero,Zero,6,0,app2,72,14,4,2,0.824,6
zero,Zero,6,0,app2,72,13,5,5,0.722,7
zero,Zero,6,0,app2,72,14,4,3,0.8,8
zero,Zero,6,0,app2,72,14,4,4,0.778,9
zero,Zero,6,0,app3,1,14,4,8,0.7,0
zero,Zero,6,0,app3,1,14,4,6,0.737,1
zero,Zero,6,0,app3,1,13,5,7,0.684,2
zero,Zero,6,0,app3,1,14,4,8,0.7,3
zero,Zero,6,0,app3,1,12,6,11,0.585,4
zero,Zero,6,0,app3,1,15,3,6,0.769,5
zero,Zero,6,0,app3,1,14,4,6,0.737,6
zero,Zero,6,0,app3,1,13,5,8,0.667,7
zero,Zero,6,0,app3,1,14,4,7,0.718,8
zero,Zero,6,0,app3,1,14,4,10,0.667,9
zero,Zero,6,0,app3,3,14,4,7,0.718,0
zero,Zero,6,0,app3,3,14,4,6,0.737,1
zero,Zero,6,0,app3,3,13,5,6,0.703,2
zero,Zero,6,0,app3,3,14,4,8,0.7,3
zero,Zero,6,0,app3,3,13,5,9,0.65,4
zero,Zero,6,0,app3,3,15,3,6,0.769,5
zero,Zero,6,0,app3,3,14,4,6,0.737,6
zero,Zero,6,0,app3,3,13,5,8,0.667,7
zero,Zero,6,0,app3,3,14,4,7,0.718,8
zero,Zero,6,0,app3,3,14,4,9,0.683,9
zero,Zero,6,0,app3,6,14,4,7,0.718,0
zero,Zero,6,0,app3,6,14,4,6,0.737,1
zero,Zero,6,0,app3,6,13,5,6,0.703,2
zero,Zero,6,0,app3,6,15,3,5,0.789,3
zero,Zero,6,0,app3,6,13,5,9,0.65,4
zero,Zero,6,0,app3,6,15,3,6,0.769,5
zero,Zero,6,0,app3,6,14,4,5,0.757,6
zero,Zero,6,0,app3,6,13,5,8,0.667,7
zero,Zero,6,0,app3,6,14,4,7,0.718,8
zero,Zero,6,0,app3,6,14,4,9,0.683,9
zero,Zero,6,0,app3,9,14,4,6,0.737,0
zero,Zero,6,0,app3,9,14,4,6,0.737,1
zero,Zero,6,0,app3,9,13,5,6,0.703,2
zero,Zero,6,0,app3,9,15,3,5,0.789,3
zero,Zero,6,0,app3,9,13,5,8,0.667,4
zero,Zero,6,0,app3,9,15,3,5,0.789,5
zero,Zero,6,0,app3,9,14,4,5,0.757,6
zero,Zero,6,0,app3,9,13,5,8,0.667,7
zero,Zero,6,0,app3,9,14,4,5,0.757,8
zero,Zero,6,0,app3,9,14,4,8,0.7,9
zero,Zero,6,0,app3,12,13,5,7,0.684,0
zero,Zero,6,0,app3,12,14,4,6,0.737,1
zero,Zero,6,0,app3,12,13,5,6,0.703,2
zero,Zero,6,0,app3,12,15,3,5,0.789,3
zero,Zero,6,0,app3,12,14,4,6,0.737,4
zero,Zero,6,0,app3,12,15,3,5,0.789,5
zero,Zero,6,0,app3,12,14,4,5,0.757,6
zero,Zero,6,0,app3,12,12,6,9,0.615,7
zero,Zero,6,0,app3,12,14,4,5,0.757,8
zero,Zero,6,0,app3,12,14,4,6,0.737,9
zero,Zero,6,0,app3,24,14,4,4,0.778,0
zero,Zero,6,0,app3,24,14,4,4,0.778,1
zero,Zero,6,0,app3,24,13,5,5,0.722,2
zero,Zero,6,0,app3,24,15,3,4,0.811,3
zero,Zero,6,0,app3,24,14,4,4,0.778,4
zero,Zero,6,0,app3,24,15,3,3,0.833,5
zero,Zero,6,0,app3,24,14,4,3,0.8,6
zero,Zero,6,0,app3,24,13,5,6,0.703,7
zero,Zero,6,0,app3,24,14,4,4,0.778,8
zero,Zero,6,0,app3,24,14,4,5,0.757,9
zero,Zero,6,0,app3,72,14,4,3,0.8,0
zero,Zero,6,0,app3,72,14,4,3,0.8,1
zero,Zero,6,0,app3,72,13,5,4,0.743,2
zero,Zero,6,0,app3,72,15,3,2,0.857,3
zero,Zero,6,0,app3,72,14,4,3,0.8,4
zero,Zero,6,0,app3,72,15,3,2,0.857,5
zero,Zero,6,0,app3,72,14,4,2,0.824,6
zero,Zero,6,0,app3,72,13,5,5,0.722,7
zero,Zero,6,0,app3,72,14,4,3,0.8,8
zero,Zero,6,0,app3,72,14,4,4,0.778,9
zero,Zero,12,0,app0,1,0,18,8,0.0,0
zero,Zero,12,0,app0,1,0,18,7,0.0,1
zero,Zero,12,0,app0,1,0,18,4,0.0,2
zero,Zero,12,0,app0,1,0,18,6,0.0,3
zero,Zero,12,0,app0,1,0,18,5,0.0,4
zero,Zero,12,0,app0,1,0,18,8,0.0,5
zero,Zero,12,0,app0,1,0,18,8,0.0,6
zero,Zero,12,0,app0,1,0,18,7,0.0,7
zero,Zero,12,0,app0,1,0,18,8,0.0,8
zero,Zero,12,0,app0,1,0,18,9,0.0,9
zero,Zero,12,0,app0,3,2,16,6,0.154,0
zero,Zero,12,0,app0,3,1,17,6,0.08,1
zero,Zero,12,0,app0,3,0,18,4,0.0,2
zero,Zero,12,0,app0,3,1,17,5,0.083,3
zero,Zero,12,0,app0,3,0,18,5,0.0,4
zero,Zero,12,0,app0,3,1,17,7,0.077,5
zero,Zero,12,0,app0,3,1,17,7,0.077,6
zero,Zero,12,0,app0,3,1,17,6,0.08,7
zero,Zero,12,0,app0,3,1,17,7,0.077,8
zero,Zero,12,0,app0,3,1,17,8,0.074,9
zero,Zero,12,0,app0,6,2,16,4,0.167,0
zero,Zero,12,0,app0,6,1,17,6,0.08,1
zero,Zero,12,0,app0,6,0,18,4,0.0,2
zero,Zero,12,0,app0,6,0,18,4,0.0,3
zero,Zero,12,0,app0,6,0,18,4,0.0,4
zero,Zero,12,0,app0,6,1,17,6,0.08,5
zero,Zero,12,0,app0,6,1,17,5,0.083,6
zero,Zero,12,0,app0,6,1,17,5,0.083,7
zero,Zero,12,0,app0,6,0,18,5,0.0,8
zero,Zero,12,0,app0,6,1,17,6,0.08,9
zero,Zero,12,0,app0,9,3,15,3,0.25,0
zero,Zero,12,0,app0,9,2,16,5,0.16,1
zero,Zero,12,0,app0,9,1,17,3,0.091,2
zero,Zero,12,0,app0,9,2,16,2,0.182,3
zero,Zero,12,0,app0,9,0,18,4,0.0,4
zero,Zero,12,0,app0,9,2,16,4,0.167,5
zero,Zero,12,0,app0,9,1,17,5,0.083,6
zero,Zero,12,0,app0,9,1,17,5,0.083,7
zero,Zero,12,0,app0,9,1,17,4,0.087,8
zero,Zero,12,0,app0,9,3,15,3,0.25,9
zero,Zero,12,0,app0,12,3,15,2,0.261,0
zero,Zero,12,0,app0,12,2,16,4,0.167,1
zero,Zero,12,0,app0,12,2,16,1,0.19,2
zero,Zero,12,0,app0,12,2,16,2,0.182,3
zero,Zero,12,0,app0,12,0,18,4,0.0,4
zero,Zero,12,0,app0,12,2,16,4,0.167,5
zero,Zero,12,0,app0,12,1,17,4,0.087,6
zero,Zero,12,0,app0,12,0,18,4,0.0,7
zero,Zero,12,0,app0,12,1,17,4,0.087,8
zero,Zero,12,0,app0,12,2,16,3,0.174,9
zero,Zero,12,0,app0,24,3,15,2,0.261,0
zero,Zero,12,0,app0,24,2,16,4,0.167,1
zero,Zero,12,0,app0,24,2,16,1,0.19,2
zero,Zero,12,0,app0,24,2,16,1,0.19,3
zero,Zero,12,0,app0,24,2,16,2,0.182,4
zero,Zero,12,0,app0,24,2,16,3,0.174,5
zero,Zero,12,0,app0,24,2,16,2,0.182,6
zero,Zero,12,0,app0,24,2,16,2,0.182,7
zero,Zero,12,0,app0,24,2,16,2,0.182,8
zero,Zero,12,0,app0,24,4,14,1,0.348,9
zero,Zero,12,0,app0,72,3,15,1,0.273,0
zero,Zero,12,0,app0,72,2,16,2,0.182,1
zero,Zero,12,0,app0,72,2,16,0,0.2,2
zero,Zero,12,0,app0,72,2,16,0,0.2,3
zero,Zero,12,0,app0,72,2,16,1,0.19,4
zero,Zero,12,0,app0,72,2,16,2,0.182,5
zero,Zero,12,0,app0,72,2,16,1,0.19,6
zero,Zero,12,0,app0,72,2,16,1,0.19,7
zero,Zero,12,0,app0,72,2,16,1,0.19,8
zero,Zero,12,0,app0,72,4,14,0,0.364,9
zero,Zero,12,0,app1,1,0,18,8,0.0,0
zero,Zero,12,0,app1,1,0,18,7,0.0,1
zero,Zero,12,0,app1,1,0,18,4,0.0,2
zero,Zero,12,0,app1,1,0,18,6,0.0,3
zero,Zero,12,0,app1,1,0,18,5,0.0,4
zero,Zero,12,0,app1,1,0,18,8,0.0,5
zero,Zero,12,0,app1,1,0,18,8,0.0,6
zero,Zero,12,0,app1,1,0,18,7,0.0,7
zero,Zero,12,0,app1,1,0,18,8,0.0,8
zero,Zero,12,0,app1,1,0,18,9,0.0,9
zero,Zero,12,0,app1,3,2,16,5,0.16,0
zero,Zero,12,0,app1,3,1,17,4,0.087,1
zero,Zero,12,0,app1,3,0,18,4,0.0,2
zero,Zero,12,0,app1,3,1,17,4,0.087,3
zero,Zero,12,0,app1,3,0,18,5,0.0,4
zero,Zero,12,0,app1,3,1,17,5,0.083,5
zero,Zero,12,0,app1,3,1,17,4,0.087,6
zero,Zero,12,0,app1,3,1,17,6,0.08,7
zero,Zero,12,0,app1,3,1,17,6,0.08,8
zero,Zero,12,0,app1,3,1,17,6,0.08,9
zero,Zero,12,0,app1,6,2,16,3,0.174,0
zero,Zero,12,0,app1,6,1,17,4,0.087,1
zero,Zero,12,0,app1,6,0,18,3,0.0,2
zero,Zero,12,0,app1,6,1,17,3,0.091,3
zero,Zero,12,0,app1,6,0,18,4,0.0,4
zero,Zero,12,0,app1,6,1,17,5,0.083,5
zero,Zero,12,0,app1,6,1,17,3,0.091,6
zero,Zero,12,0,app1,6,1,17,5,0.083,7
zero,Zero,12,0,app1,6,1,17,4,0.087,8
zero,Zero,12,0,app1,6,2,16,3,0.174,9
zero,Zero,12,0,app1,9,3,15,2,0.261,0
zero,Zero,12,0,app1,9,2,16,3,0.174,1
zero,Zero,12,0,app1,9,1,17,2,0.095,2
zero,Zero,12,0,app1,9,2,16,1,0.19,3
zero,Zero,12,0,app1,9,0,18,4,0.0,4
zero,Zero,12,0,app1,9,2,16,4,0.167,5
zero,Zero,12,0,app1,9,2,16,2,0.182,6
zero,Zero,12,0,app1,9,2,16,3,0.174,7
zero,Zero,12,0,app1,9,2,16,2,0.182,8
zero,Zero,12,0,app1,9,3,15,2,0.261,9
zero,Zero,12,0,app1,12,3,15,1,0.273,0
zero,Zero,12,0,app1,12,2,16,2,0.182,1
zero,Zero,12,0,app1,12,2,16,1,0.19,2
zero,Zero,12,0,app1,12,2,16,0,0.2,3
zero,Zero,12,0,app1,12,1,17,3,0.091,4
zero,Zero,12,0,app1,12,2,16,2,0.182,5
zero,Zero,12,0,app1,12,2,16,2,0.182,6
zero,Zero,12,0,app1,12,2,16,2,0.182,7
zero,Zero,12,0,app1,12,2,16,2,0.182,8
zero,Zero,12,0,app1,12,3,15,1,0.273,9
zero,Zero,12,0,app1,24,3,15,1,0.273,0
zero,Zero,12,0,app1,24,2,16,2,0.182,1
zero,Zero,12,0,app1,24,2,16,0,0.2,2
zero,Zero,12,0,app1,24,2,16,0,0.2,3
zero,Zero,12,0,app1,24,2,16,1,0.19,4
zero,Zero,12,0,app1,24,2,16,2,0.182,5
zero,Zero,12,0,app1,24,2,16,1,0.19,6
zero,Zero,12,0,app1,24,2,16,1,0.19,7
zero,Zero,12,0,app1,24,2,16,1,0.19,8
zero,Zero,12,0,app1,24,4,14,0,0.364,9
zero,Zero,12,0,app1,72,3,15,1,0.273,0
zero,Zero,12,0,app1,72,2,16,2,0.182,1
zero,Zero,12,0,app1,72,2,16,0,0.2,2
zero,Zero,12,0,app1,72,2,16,0,0.2,3
zero,Zero,12,0,app1,72,2,16,1,0.19,4
zero,Zero,12,0,app1,72,2,16,2,0.182,5
zero,Zero,12,0,app1,72,2,16,1,0.19,6
zero,Zero,12,0,app1,72,2,16,1,0.19,7
zero,Zero,12,0,app1,72,2,16,1,0.19,8
zero,Zero,12,0,app1,72,4,14,0,0.364,9
zero,Zero,12,0,app2,1,15,3,6,0.769,0
zero,Zero,12,0,app2,1,14,4,6,0.737,1
zero,Zero,12,0,app2,1,15,3,4,0.811,2
zero,Zero,12,0,app2,1,16,2,4,0.842,3
zero,Zero,12,0,app2,1,14,4,5,0.757,4
zero,Zero,12,0,app2,1,13,5,7,0.684,5
zero,Zero,12,0,app2,1,14,4,7,0.718,6
zero,Zero,12,0,app2,1,14,4,5,0.757,7
zero,Zero,12,0,app2,1,15,3,4,0.811,8
zero,Zero,12,0,app2,1,15,3,7,0.75,9
zero,Zero,12,0,app2,3,15,3,5,0.789,0
zero,Zero,12,0,app2,3,14,4,4,0.778,1
zero,Zero,12,0,app2,3,15,3,4,0.811,2
zero,Zero,12,0,app2,3,16,2,4,0.842,3
zero,Zero,12,0,app2,3,14,4,5,0.757,4
zero,Zero,12,0,app2,3,13,5,7,0.684,5
zero,Zero,12,0,app2,3,14,4,6,0.737,6
zero,Zero,12,0,app2,3,14,4,5,0.757,7
zero,Zero,12,0,app2,3,15,3,4,0.811,8
zero,Zero,12,0,app2,3,15,3,7,0.75,9
zero,Zero,12,0,app2,6,15,3,4,0.811,0
zero,Zero,12,0,app2,6,14,4,4,0.778,1
zero,Zero,12,0,app2,6,15,3,4,0.811,2
zero,Zero,12,0,app2,6,16,2,4,0.842,3
zero,Zero,12,0,app2,6,14,4,5,0.757,4
zero,Zero,12,0,app2,6,13,5,7,0.684,5
zero,Zero,12,0,app2,6,14,4,5,0.757,6
zero,Zero,12,0,app2,6,14,4,5,0.757,7
zero,Zero,12,0,app2,6,15,3,4,0.811,8
zero,Zero,12,0,app2,6,15,3,5,0.789,9
zero,Zero,12,0,app2,9,15,3,3,0.833,0
zero,Zero,12,0,app2,9,14,4,3,0.8,1
zero,Zero,12,0,app2,9,15,3,3,0.833,2
zero,Zero,12,0,app2,9,16,2,2,0.889,3
zero,Zero,12,0,app2,9,13,5,6,0.703,4
zero,Zero,12,0,app2,9,13,5,6,0.703,5
zero,Zero,12,0,app2,9,14,4,4,0.778,6
zero,Zero,12,0,app2,9,14,4,4,0.778,7
zero,Zero,12,0,app2,9,15,3,2,0.857,8
zero,Zero,12,0,app2,9,15,3,4,0.811,9
zero,Zero,12,0,app2,12,15,3,2,0.857,0
zero,Zero,12,0,app2,12,14,4,2,0.824,1
zero,Zero,12,0,app2,12,15,3,2,0.857,2
zero,Zero,12,0,app2,12,16,2,1,0.914,3
zero,Zero,12,0,app2,12,14,4,4,0.778,4
zero,Zero,12,0,app2,12,13,5,4,0.743,5
zero,Zero,12,0,app2,12,14,4,4,0.778,6
zero,Zero,12,0,app2,12,14,4,3,0.8,7
zero,Zero,12,0,app2,12,15,3,2,0.857,8
zero,Zero,12,0,app2,12,15,3,3,0.833,9
zero,Zero,12,0,app2,24,15,3,2,0.857,0
zero,Zero,12,0,app2,24,14,4,2,0.824,1
zero,Zero,12,0,app2,24,15,3,1,0.882,2
zero,Zero,12,0,app2,24,16,2,1,0.914,3
zero,Zero,12,0,app2,24,14,4,2,0.824,4
zero,Zero,12,0,app2,24,13,5,4,0.743,5
zero,Zero,12,0,app2,24,14,4,3,0.8,6
zero,Zero,12,0,app2,24,14,4,2,0.824,7
zero,Zero,12,0,app2,24,15,3,1,0.882,8
zero,Zero,12,0,app2,24,15,3,2,0.857,9
zero,Zero,12,0,app2,72,15,3,2,0.857,0
zero,Zero,12,0,app2,72,14,4,2,0.824,1
zero,Zero,12,0,app2,72,15,3,1,0.882,2
zero,Zero,12,0,app2,72,16,2,1,0.914,3
zero,Zero,12,0,app2,72,14,4,2,0.824,4
zero,Zero,12,0,app2,72,13,5,4,0.743,5
zero,Zero,12,0,app2,72,14,4,3,0.8,6
zero,Zero,12,0,app2,72,14,4,2,0.824,7
zero,Zero,12,0,app2,72,15,3,1,0.882,8
zero,Zero,12,0,app2,72,15,3,2,0.857,9
zero,Zero,12,0,app3,1,15,3,6,0.769,0
zero,Zero,12,0,app3,1,14,4,6,0.737,1
zero,Zero,12,0,app3,1,15,3,4,0.811,2
zero,Zero,12,0,app3,1,16,2,4,0.842,3
zero,Zero,12,0,app3,1,14,4,5,0.757,4
zero,Zero,12,0,app3,1,13,5,7,0.684,5
zero,Zero,12,0,app3,1,14,4,7,0.718,6
zero,Zero,12,0,app3,1,14,4,5,0.757,7
zero,Zero,12,0,app3,1,15,3,4,0.811,8
zero,Zero,12,0,app3,1,15,3,7,0.75,9
zero,Zero,12,0,app3,3,15,3,5,0.789,0
zero,Zero,12,0,app3,3,14,4,6,0.737,1
zero,Zero,12,0,app3,3,15,3,4,0.811,2
zero,Zero,12,0,app3,3,16,2,4,0.842,3
zero,Zero,12,0,app3,3,14,4,5,0.757,4
zero,Zero,12,0,app3,3,13,5,7,0.684,5
zero,Zero,12,0,app3,3,14,4,7,0.718,6
zero,Zero,12,0,app3,3,14,4,5,0.757,7
zero,Zero,12,0,app3,3,15,3,4,0.811,8
zero,Zero,12,0,app3,3,15,3,7,0.75,9
zero,Zero,12,0,app3,6,15,3,5,0.789,0
zero,Zero,12,0,app3,6,14,4,5,0.757,1
zero,Zero,12,0,app3,6,15,3,4,0.811,2
zero,Zero,12,0,app3,6,16,2,4,0.842,3
zero,Zero,12,0,app3,6,14,4,5,0.757,4
zero,Zero,12,0,app3,6,13,5,7,0.684,5
zero,Zero,12,0,app3,6,14,4,6,0.737,6
zero,Zero,12,0,app3,6,14,4,5,0.757,7
zero,Zero,12,0,app3,6,15,3,4,0.811,8
zero,Zero,12,0,app3,6,15,3,6,0.769,9
zero,Zero,12,0,app3,9,15,3,4,0.811,0
zero,Zero,12,0,app3,9,14,4,4,0.778,1
zero,Zero,12,0,app3,9,15,3,3,0.833,2
zero,Zero,12,0,app3,9,16,2,3,0.865,3
zero,Zero,12,0,app3,9,14,4,5,0.757,4
zero,Zero,12,0,app3,9,13,5,6,0.703,5
zero,Zero,12,0,app3,9,14,4,6,0.737,6
zero,Zero,12,0,app3,9,14,4,5,0.757,7
zero,Zero,12,0,app3,9,15,3,4,0.811,8
zero,Zero,12,0,app3,9,15,3,5,0.789,9
zero,Zero,12,0,app3,12,15,3,3,0.833,0
zero,Zero,12,0,app3,12,14,4,4,0.778,1
zero,Zero,12,0,app3,12,15,3,2,0.857,2
zero,Zero,12,0,app3,12,16,2,3,0.865,3
zero,Zero,12,0,app3,12,14,4,5,0.757,4
zero,Zero,12,0,app3,12,13,5,6,0.703,5
zero,Zero,12,0,app3,12,13,5,7,0.684,6
zero,Zero,12,0,app3,12,13,5,6,0.703,7
zero,Zero,12,0,app3,12,15,3,4,0.811,8
zero,Zero,12,0,app3,12,14,4,6,0.737,9
zero,Zero,12,0,app3,24,15,3,3,0.833,0
zero,Zero,12,0,app3,24,14,4,4,0.778,1
zero,Zero,12,0,app3,24,15,3,2,0.857,2
zero,Zero,12,0,app3,24,16,2,2,0.889,3
zero,Zero,12,0,app3,24,14,4,3,0.8,4
zero,Zero,12,0,app3,24,13,5,5,0.722,5
zero,Zero,12,0,app3,24,14,4,4,0.778,6
zero,Zero,12,0,app3,24,14,4,3,0.8,7
zero,Zero,12,0,app3,24,15,3,2,0.857,8
zero,Zero,12,0,app3,24,15,3,3,0.833,9
zero,Zero,12,0,app3,72,15,3,2,0.857,0
zero,Zero,12,0,app3,72,14,4,2,0.824,1
zero,Zero,12,0,app3,72,15,3,1,0.882,2
zero,Zero,12,0,app3,72,16,2,1,0.914,3
zero,Zero,12,0,app3,72,14,4,2,0.824,4
zero,Zero,12,0,app3,72,13,5,4,0.743,5
zero,Zero,12,0,app3,72,14,4,3,0.8,6
zero,Zero,12,0,app3,72,14,4,2,0.824,7
zero,Zero,12,0,app3,72,15,3,1,0.882,8
zero,Zero,12,0,app3,72,15,3,2,0.857,9
sin,Sin,6,0,app0,1,0,18,6,0.0,0
sin,Sin,6,0,app0,1,1,17,3,0.091,1
sin,Sin,6,0,app0,1,0,18,9,0.0,2
sin,Sin,6,0,app0,1,4,14,9,0.258,3
sin,Sin,6,0,app0,1,3,15,7,0.214,4
sin,Sin,6,0,app0,1,1,17,4,0.087,5
sin,Sin,6,0,app0,1,1,17,8,0.074,6
sin,Sin,6,0,app0,1,2,16,8,0.143,7
sin,Sin,6,0,app0,1,1,17,2,0.095,8
sin,Sin,6,0,app0,1,3,15,8,0.207,9
sin,Sin,6,0,app0,3,1,17,3,0.091,0
sin,Sin,6,0,app0,3,1,17,3,0.091,1
sin,Sin,6,0,app0,3,1,17,7,0.077,2
sin,Sin,6,0,app0,3,3,15,10,0.194,3
sin,Sin,6,0,app0,3,4,14,6,0.286,4
sin,Sin,6,0,app0,3,1,17,4,0.087,5
sin,Sin,6,0,app0,3,1,17,7,0.077,6
sin,Sin,6,0,app0,3,2,16,7,0.148,7
sin,Sin,6,0,app0,3,1,17,1,0.1,8
sin,Sin,6,0,app0,3,2,16,9,0.138,9
sin,Sin,6,0,app0,6,1,17,3,0.091,0
sin,Sin,6,0,app0,6,1,17,3,0.091,1
sin,Sin,6,0,app0,6,1,17,7,0.077,2
sin,Sin,6,0,app0,6,4,14,6,0.286,3
sin,Sin,6,0,app0,6,4,14,5,0.296,4
sin,Sin,6,0,app0,6,2,16,3,0.174,5
sin,Sin,6,0,app0,6,1,17,7,0.077,6
sin,Sin,6,0,app0,6,2,16,5,0.16,7
sin,Sin,6,0,app0,6,1,17,1,0.1,8
sin,Sin,6,0,app0,6,3,15,5,0.231,9
sin,Sin,6,0,app0,9,2,16,2,0.182,0
sin,Sin,6,0,app0,9,2,16,2,0.182,1
sin,Sin,6,0,app0,9,2,16,5,0.16,2
sin,Sin,6,0,app0,9,5,13,5,0.357,3
sin,Sin,6,0,app0,9,5,13,3,0.385,4
sin,Sin,6,0,app0,9,3,15,2,0.261,5
sin,Sin,6,0,app0,9,2,16,5,0.16,6
sin,Sin,6,0,app0,9,3,15,4,0.24,7
sin,Sin,6,0,app0,9,1,17,1,0.1,8
sin,Sin,6,0,app0,9,3,15,5,0.231,9
sin,Sin,6,0,app0,12,2,16,2,0.182,0
sin,Sin,6,0,app0,12,2,16,2,0.182,1
sin,Sin,6,0,app0,12,2,16,5,0.16,2
sin,Sin,6,0,app0,12,6,12,3,0.444,3
sin,Sin,6,0,app0,12,5,13,3,0.385,4
sin,Sin,6,0,app0,12,3,15,2,0.261,5
sin,Sin,6,0,app0,12,2,16,5,0.16,6
sin,Sin,6,0,app0,12,3,15,4,0.24,7
sin,Sin,6,0,app0,12,1,17,1,0.1,8
sin,Sin,6,0,app0,12,3,15,4,0.24,9
sin,Sin,6,0,app0,24,3,15,1,0.273,0
sin,Sin,6,0,app0,24,3,15,1,0.273,1
sin,Sin,6,0,app0,24,3,15,2,0.261,2
sin,Sin,6,0,app0,24,6,12,2,0.462,3
sin,Sin,6,0,app0,24,6,12,1,0.48,4
sin,Sin,6,0,app0,24,4,14,1,0.348,5
sin,Sin,6,0,app0,24,3,15,3,0.25,6
sin,Sin,6,0,app0,24,4,14,3,0.32,7
sin,Sin,6,0,app0,24,2,16,0,0.2,8
sin,Sin,6,0,app0,24,4,14,2,0.333,9
sin,Sin,6,0,app0,72,3,15,0,0.286,0
sin,Sin,6,0,app0,72,3,15,0,0.286,1
sin,Sin,6,0,app0,72,3,15,1,0.273,2
sin,Sin,6,0,app0,72,6,12,1,0.48,3
sin,Sin,6,0,app0,72,6,12,0,0.5,4
sin,Sin,6,0,app0,72,4,14,0,0.364,5
sin,Sin,6,0,app0,72,3,15,2,0.261,6
sin,Sin,6,0,app0,72,4,14,2,0.333,7
sin,Sin,6,0,app0,72,2,16,0,0.2,8
sin,Sin,6,0,app0,72,4,14,1,0.348,9
sin,Sin,6,0,app1,1,0,18,6,0.0,0
sin,Sin,6,0,app1,1,1,17,3,0.091,1
sin,Sin,6,0,app1,1,0,18,9,0.0,2
sin,Sin,6,0,app1,1,4,14,9,0.258,3
sin,Sin,6,0,app1,1,3,15,7,0.214,4
sin,Sin,6,0,app1,1,1,17,4,0.087,5
sin,Sin,6,0,app1,1,1,17,8,0.074,6
sin,Sin,6,0,app1,1,2,16,8,0.143,7
sin,Sin,6,0,app1,1,1,17,2,0.095,8
sin,Sin,6,0,app1,1,3,15,8,0.207,9
sin,Sin,6,0,app1,3,1,17,3,0.091,0
sin,Sin,6,0,app1,3,1,17,3,0.091,1
sin,Sin,6,0,app1,3,1,17,7,0.077,2
sin,Sin,6,0,app1,3,4,14,8,0.267,3
sin,Sin,6,0,app1,3,4,14,5,0.296,4
sin,Sin,6,0,app1,3,1,17,4,0.087,5
sin,Sin,6,0,app1,3,1,17,6,0.08,6
sin,Sin,6,0,app1,3,2,16,5,0.16,7
sin,Sin,6,0,app1,3,1,17,1,0.1,8
sin,Sin,6,0,app1,3,3,15,6,0.222,9
sin,Sin,6,0,app1,6,1,17,3,0.091,0
sin,Sin,6,0,app1,6,1,17,3,0.091,1
sin,Sin,6,0,app1,6,1,17,6,0.08,2
sin,Sin,6,0,app1,6,4,14,4,0.308,3
sin,Sin,6,0,app1,6,4,14,3,0.32,4
sin,Sin,6,0,app1,6,2,16,3,0.174,5
sin,Sin,6,0,app1,6,1,17,6,0.08,6
sin,Sin,6,0,app1,6,2,16,5,0.16,7
sin,Sin,6,0,app1,6,1,17,1,0.1,8
sin,Sin,6,0,app1,6,3,15,3,0.25,9
sin,Sin,6,0,app1,9,2,16,2,0.182,0
sin,Sin,6,0,app1,9,2,16,2,0.182,1
sin,Sin,6,0,app1,9,2,16,4,0.167,2
sin,Sin,6,0,app1,9,5,13,2,0.4,3
sin,Sin,6,0,app1,9,5,13,2,0.4,4
sin,Sin,6,0,app1,9,3,15,2,0.261,5
sin,Sin,6,0,app1,9,2,16,4,0.167,6
sin,Sin,6,0,app1,9,3,15,4,0.24,7
sin,Sin,6,0,app1,9,1,17,1,0.1,8
sin,Sin,6,0,app1,9,3,15,2,0.261,9
sin,Sin,6,0,app1,12,2,16,2,0.182,0
sin,Sin,6,0,app1,12,2,16,2,0.182,1
sin,Sin,6,0,app1,12,2,16,3,0.174,2
sin,Sin,6,0,app1,12,6,12,1,0.48,3
sin,Sin,6,0,app1,12,5,13,1,0.417,4
sin,Sin,6,0,app1,12,3,15,2,0.261,5
sin,Sin,6,0,app1,12,2,16,4,0.167,6
sin,Sin,6,0,app1,12,3,15,4,0.24,7
sin,Sin,6,0,app1,12,1,17,1,0.1,8
sin,Sin,6,0,app1,12,3,15,2,0.261,9
sin,Sin,6,0,app1,24,3,15,0,0.286,0
sin,Sin,6,0,app1,24,3,15,0,0.286,1
sin,Sin,6,0,app1,24,3,15,1,0.273,2
sin,Sin,6,0,app1,24,6,12,1,0.48,3
sin,Sin,6,0,app1,24,6,12,0,0.5,4
sin,Sin,6,0,app1,24,4,14,0,0.364,5
sin,Sin,6,0,app1,24,3,15,2,0.261,6
sin,Sin,6,0,app1,24,4,14,2,0.333,7
sin,Sin,6,0,app1,24,2,16,0,0.2,8
sin,Sin,6,0,app1,24,4,14,1,0.348,9
sin,Sin,6,0,app1,72,3,15,0,0.286,0
sin,Sin,6,0,app1,72,3,15,0,0.286,1
sin,Sin,6,0,app1,72,3,15,1,0.273,2
sin,Sin,6,0,app1,72,6,12,1,0.48,3
sin,Sin,6,0,app1,72,6,12,0,0.5,4
sin,Sin,6,0,app1,72,4,14,0,0.364,5
sin,Sin,6,0,app1,72,3,15,2,0.261,6
sin,Sin,6,0,app1,72,4,14,2,0.333,7
sin,Sin,6,0,app1,72,2,16,0,0.2,8
sin,Sin,6,0,app1,72,4,14,1,0.348,9
sin,Sin,6,0,app2,1,14,4,7,0.718,0
sin,Sin,6,0,app2,1,14,4,6,0.737,1
sin,Sin,6,0,app2,1,13,5,11,0.619,2
sin,Sin,6,0,app2,1,17,1,7,0.81,3
sin,Sin,6,0,app2,1,14,4,9,0.683,4
sin,Sin,6,0,app2,1,14,4,7,0.718,5
sin,Sin,6,0,app2,1,11,7,9,0.579,6
sin,Sin,6,0,app2,1,14,4,7,0.718,7
sin,Sin,6,0,app2,1,11,7,7,0.611,8
sin,Sin,6,0,app2,1,15,3,7,0.75,9
sin,Sin,6,0,app2,3,14,4,6,0.737,0
sin,Sin,6,0,app2,3,14,4,6,0.737,1
sin,Sin,6,0,app2,3,13,5,9,0.65,2
sin,Sin,6,0,app2,3,17,1,6,0.829,3
sin,Sin,6,0,app2,3,15,3,7,0.75,4
sin,Sin,6,0,app2,3,14,4,7,0.718,5
sin,Sin,6,0,app2,3,11,7,8,0.595,6
sin,Sin,6,0,app2,3,15,3,5,0.789,7
sin,Sin,6,0,app2,3,11,7,7,0.611,8
sin,Sin,6,0,app2,3,16,2,5,0.821,9
sin,Sin,6,0,app2,6,14,4,6,0.737,0
sin,Sin,6,0,app2,6,14,4,6,0.737,1
sin,Sin,6,0,app2,6,13,5,8,0.667,2
sin,Sin,6,0,app2,6,17,1,4,0.872,3
sin,Sin,6,0,app2,6,15,3,5,0.789,4
sin,Sin,6,0,app2,6,15,3,5,0.789,5
sin,Sin,6,0,app2,6,11,7,8,0.595,6
sin,Sin,6,0,app2,6,15,3,5,0.789,7
sin,Sin,6,0,app2,6,11,7,7,0.611,8
sin,Sin,6,0,app2,6,16,2,3,0.865,9
sin,Sin,6,0,app2,9,14,4,5,0.757,0
sin,Sin,6,0,app2,9,14,4,5,0.757,1
sin,Sin,6,0,app2,9,13,5,7,0.684,2
sin,Sin,6,0,app2,9,17,1,2,0.919,3
sin,Sin,6,0,app2,9,15,3,4,0.811,4
sin,Sin,6,0,app2,9,15,3,4,0.811,5
sin,Sin,6,0,app2,9,11,7,7,0.611,6
sin,Sin,6,0,app2,9,15,3,4,0.811,7
sin,Sin,6,0,app2,9,11,7,7,0.611,8
sin,Sin,6,0,app2,9,16,2,2,0.889,9
sin,Sin,6,0,app2,12,14,4,5,0.757,0
sin,Sin,6,0,app2,12,14,4,5,0.757,1
sin,Sin,6,0,app2,12,13,5,6,0.703,2
sin,Sin,6,0,app2,12,17,1,1,0.944,3
sin,Sin,6,0,app2,12,15,3,3,0.833,4
sin,Sin,6,0,app2,12,15,3,4,0.811,5
sin,Sin,6,0,app2,12,11,7,7,0.611,6
sin,Sin,6,0,app2,12,15,3,4,0.811,7
sin,Sin,6,0,app2,12,11,7,7,0.611,8
sin,Sin,6,0,app2,12,16,2,2,0.889,9
sin,Sin,6,0,app2,24,14,4,3,0.8,0
sin,Sin,6,0,app2,24,14,4,3,0.8,1
sin,Sin,6,0,app2,24,13,5,4,0.743,2
sin,Sin,6,0,app2,24,17,1,1,0.944,3
sin,Sin,6,0,app2,24,15,3,2,0.857,4
sin,Sin,6,0,app2,24,15,3,2,0.857,5
sin,Sin,6,0,app2,24,11,7,5,0.647,6
sin,Sin,6,0,app2,24,15,3,2,0.857,7
sin,Sin,6,0,app2,24,11,7,6,0.629,8
sin,Sin,6,0,app2,24,16,2,1,0.914,9
sin,Sin,6,0,app2,72,14,4,3,0.8,0
sin,Sin,6,0,app2,72,14,4,3,0.8,1
sin,Sin,6,0,app2,72,13,5,4,0.743,2
sin,Sin,6,0,app2,72,17,1,1,0.944,3
sin,Sin,6,0,app2,72,15,3,2,0.857,4
sin,Sin,6,0,app2,72,15,3,2,0.857,5
sin,Sin,6,0,app2,72,11,7,5,0.647,6
sin,Sin,6,0,app2,72,15,3,2,0.857,7
sin,Sin,6,0,app2,72,11,7,6,0.629,8
sin,Sin,6,0,app2,72,16,2,1,0.914,9
sin,Sin,6,0,app3,1,14,4,7,0.718,0
sin,Sin,6,0,app3,1,14,4,6,0.737,1
sin,Sin,6,0,app3,1,13,5,11,0.619,2
sin,Sin,6,0,app3,1,17,1,7,0.81,3
sin,Sin,6,0,app3,1,14,4,9,0.683,4
sin,Sin,6,0,app3,1,14,4,7,0.718,5
sin,Sin,6,0,app3,1,11,7,9,0.579,6
sin,Sin,6,0,app3,1,14,4,7,0.718,7
sin,Sin,6,0,app3,1,11,7,7,0.611,8
sin,Sin,6,0,app3,1,15,3,7,0.75,9
sin,Sin,6,0,app3,3,14,4,6,0.737,0
sin,Sin,6,0,app3,3,14,4,6,0.737,1
sin,Sin,6,0,app3,3,13,5,9,0.65,2
sin,Sin,6,0,app3,3,17,1,6,0.829,3
sin,Sin,6,0,app3,3,15,3,7,0.75,4
sin,Sin,6,0,app3,3,14,4,7,0.718,5
sin,Sin,6,0,app3,3,11,7,9,0.579,6
sin,Sin,6,0,app3,3,14,4,7,0.718,7
sin,Sin,6,0,app3,3,11,7,7,0.611,8
sin,Sin,6,0,app3,3,15,3,7,0.75,9
sin,Sin,6,0,app3,6,14,4,6,0.737,0
sin,Sin,6,0,app3,6,14,4,6,0.737,1
sin,Sin,6,0,app3,6,13,5,9,0.65,2
sin,Sin,6,0,app3,6,17,1,6,0.829,3
sin,Sin,6,0,app3,6,15,3,7,0.75,4
sin,Sin,6,0,app3,6,15,3,5,0.789,5
sin,Sin,6,0,app3,6,11,7,9,0.579,6
sin,Sin,6,0,app3,6,15,3,5,0.789,7
sin,Sin,6,0,app3,6,11,7,7,0.611,8
sin,Sin,6,0,app3,6,16,2,5,0.821,9
sin,Sin,6,0,app3,9,14,4,5,0.757,0
sin,Sin,6,0,app3,9,14,4,5,0.757,1
sin,Sin,6,0,app3,9,13,5,8,0.667,2
sin,Sin,6,0,app3,9,17,1,5,0.85,3
sin,Sin,6,0,app3,9,15,3,5,0.789,4
sin,Sin,6,0,app3,9,15,3,4,0.811,5
sin,Sin,6,0,app3,9,11,7,7,0.611,6
sin,Sin,6,0,app3,9,15,3,4,0.811,7
sin,Sin,6,0,app3,9,11,7,7,0.611,8
sin,Sin,6,0,app3,9,16,2,4,0.842,9
sin,Sin,6,0,app3,12,14,4,5,0.757,0
sin,Sin,6,0,app3,12,14,4,5,0.757,1
sin,Sin,6,0,app3,12,13,5,7,0.684,2
sin,Sin,6,0,app3,12,17,1,3,0.895,3
sin,Sin,6,0,app3,12,15,3,5,0.789,4
sin,Sin,6,0,app3,12,15,3,4,0.811,5
sin,Sin,6,0,app3,12,11,7,7,0.611,6
sin,Sin,6,0,app3,12,15,3,4,0.811,7
sin,Sin,6,0,app3,12,11,7,7,0.611,8
sin,Sin,6,0,app3,12,16,2,4,0.842,9
sin,Sin,6,0,app3,24,14,4,4,0.778,0
sin,Sin,6,0,app3,24,14,4,4,0.778,1
sin,Sin,6,0,app3,24,13,5,5,0.722,2
sin,Sin,6,0,app3,24,17,1,2,0.919,3
sin,Sin,6,0,app3,24,15,3,3,0.833,4
sin,Sin,6,0,app3,24,15,3,3,0.833,5
sin,Sin,6,0,app3,24,11,7,6,0.629,6
sin,Sin,6,0,app3,24,15,3,3,0.833,7
sin,Sin,6,0,app3,24,11,7,6,0.629,8
sin,Sin,6,0,app3,24,16,2,2,0.889,9
sin,Sin,6,0,app3,72,14,4,3,0.8,0
sin,Sin,6,0,app3,72,14,4,3,0.8,1
sin,Sin,6,0,app3,72,13,5,4,0.743,2
sin,Sin,6,0,app3,72,17,1,1,0.944,3
sin,Sin,6,0,app3,72,15,3,2,0.857,4
sin,Sin,6,0,app3,72,15,3,2,0.857,5
sin,Sin,6,0,app3,72,11,7,5,0.647,6
sin,Sin,6,0,app3,72,15,3,2,0.857,7
sin,Sin,6,0,app3,72,11,7,6,0.629,8
sin,Sin,6,0,app3,72,16,2,1,0.914,9
sin,Sin,12,0,app0,1,0,18,10,0.0,0
sin,Sin,12,0,app0,1,0,18,8,0.0,1
sin,Sin,12,0,app0,1,0,18,5,0.0,2
sin,Sin,12,0,app0,1,0,18,7,0.0,3
sin,Sin,12,0,app0,1,0,18,8,0.0,4
sin,Sin,12,0,app0,1,0,18,8,0.0,5
sin,Sin,12,0,app0,1,0,18,7,0.0,6
sin,Sin,12,0,app0,1,0,18,6,0.0,7
sin,Sin,12,0,app0,1,0,18,7,0.0,8
sin,Sin,12,0,app0,1,2,16,7,0.148,9
sin,Sin,12,0,app0,3,1,17,9,0.071,0
sin,Sin,12,0,app0,3,1,17,7,0.077,1
sin,Sin,12,0,app0,3,1,17,4,0.087,2
sin,Sin,12,0,app0,3,1,17,6,0.08,3
sin,Sin,12,0,app0,3,1,17,7,0.077,4
sin,Sin,12,0,app0,3,2,16,6,0.154,5
sin,Sin,12,0,app0,3,1,17,6,0.08,6
sin,Sin,12,0,app0,3,1,17,5,0.083,7
sin,Sin,12,0,app0,3,2,16,5,0.16,8
sin,Sin,12,0,app0,3,3,15,6,0.222,9
sin,Sin,12,0,app0,6,0,18,8,0.0,0
sin,Sin,12,0,app0,6,1,17,5,0.083,1
sin,Sin,12,0,app0,6,1,17,4,0.087,2
sin,Sin,12,0,app0,6,0,18,5,0.0,3
sin,Sin,12,0,app0,6,1,17,5,0.083,4
sin,Sin,12,0,app0,6,3,15,4,0.24,5
sin,Sin,12,0,app0,6,1,17,4,0.087,6
sin,Sin,12,0,app0,6,1,17,5,0.083,7
sin,Sin,12,0,app0,6,2,16,4,0.167,8
sin,Sin,12,0,app0,6,3,15,4,0.24,9
sin,Sin,12,0,app0,9,3,15,4,0.24,0
sin,Sin,12,0,app0,9,3,15,3,0.25,1
sin,Sin,12,0,app0,9,2,16,3,0.174,2
sin,Sin,12,0,app0,9,2,16,3,0.174,3
sin,Sin,12,0,app0,9,2,16,3,0.174,4
sin,Sin,12,0,app0,9,3,15,3,0.25,5
sin,Sin,12,0,app0,9,2,16,2,0.182,6
sin,Sin,12,0,app0,9,2,16,4,0.167,7
sin,Sin,12,0,app0,9,3,15,3,0.25,8
sin,Sin,12,0,app0,9,3,15,3,0.25,9
sin,Sin,12,0,app0,12,2,16,4,0.167,0
sin,Sin,12,0,app0,12,3,15,3,0.25,1
sin,Sin,12,0,app0,12,2,16,3,0.174,2
sin,Sin,12,0,app0,12,2,16,3,0.174,3
sin,Sin,12,0,app0,12,2,16,2,0.182,4
sin,Sin,12,0,app0,12,3,15,2,0.261,5
sin,Sin,12,0,app0,12,2,16,2,0.182,6
sin,Sin,12,0,app0,12,1,17,4,0.087,7
sin,Sin,12,0,app0,12,3,15,2,0.261,8
sin,Sin,12,0,app0,12,3,15,3,0.25,9
sin,Sin,12,0,app0,24,3,15,2,0.261,0
sin,Sin,12,0,app0,24,3,15,2,0.261,1
sin,Sin,12,0,app0,24,2,16,2,0.182,2
sin,Sin,12,0,app0,24,2,16,2,0.182,3
sin,Sin,12,0,app0,24,2,16,2,0.182,4
sin,Sin,12,0,app0,24,3,15,2,0.261,5
sin,Sin,12,0,app0,24,2,16,1,0.19,6
sin,Sin,12,0,app0,24,2,16,3,0.174,7
sin,Sin,12,0,app0,24,3,15,1,0.273,8
sin,Sin,12,0,app0,24,3,15,2,0.261,9
sin,Sin,12,0,app0,72,3,15,1,0.273,0
sin,Sin,12,0,app0,72,3,15,1,0.273,1
sin,Sin,12,0,app0,72,2,16,1,0.19,2
sin,Sin,12,0,app0,72,2,16,1,0.19,3
sin,Sin,12,0,app0,72,2,16,0,0.2,4
sin,Sin,12,0,app0,72,3,15,1,0.273,5
sin,Sin,12,0,app0,72,2,16,0,0.2,6
sin,Sin,12,0,app0,72,2,16,2,0.182,7
sin,Sin,12,0,app0,72,3,15,0,0.286,8
sin,Sin,12,0,app0,72,3,15,1,0.273,9
sin,Sin,12,0,app1,1,0,18,10,0.0,0
sin,Sin,12,0,app1,1,0,18,8,0.0,1
sin,Sin,12,0,app1,1,0,18,5,0.0,2
sin,Sin,12,0,app1,1,0,18,7,0.0,3
sin,Sin,12,0,app1,1,0,18,8,0.0,4
sin,Sin,12,0,app1,1,0,18,8,0.0,5
sin,Sin,12,0,app1,1,0,18,7,0.0,6
sin,Sin,12,0,app1,1,0,18,6,0.0,7
sin,Sin,12,0,app1,1,0,18,7,0.0,8
sin,Sin,12,0,app1,1,2,16,7,0.148,9
sin,Sin,12,0,app1,3,1,17,5,0.083,0
sin,Sin,12,0,app1,3,1,17,7,0.077,1
sin,Sin,12,0,app1,3,1,17,4,0.087,2
sin,Sin,12,0,app1,3,1,17,5,0.083,3
sin,Sin,12,0,app1,3,1,17,4,0.087,4
sin,Sin,12,0,app1,3,2,16,4,0.167,5
sin,Sin,12,0,app1,3,1,17,3,0.091,6
sin,Sin,12,0,app1,3,1,17,5,0.083,7
sin,Sin,12,0,app1,3,2,16,5,0.16,8
sin,Sin,12,0,app1,3,3,15,2,0.261,9
sin,Sin,12,0,app1,6,1,17,4,0.087,0
sin,Sin,12,0,app1,6,2,16,3,0.174,1
sin,Sin,12,0,app1,6,1,17,4,0.087,2
sin,Sin,12,0,app1,6,1,17,4,0.087,3
sin,Sin,12,0,app1,6,1,17,1,0.1,4
sin,Sin,12,0,app1,6,3,15,2,0.261,5
sin,Sin,12,0,app1,6,1,17,1,0.1,6
sin,Sin,12,0,app1,6,1,17,5,0.083,7
sin,Sin,12,0,app1,6,2,16,2,0.182,8
sin,Sin,12,0,app1,6,3,15,2,0.261,9
sin,Sin,12,0,app1,9,3,15,2,0.261,0
sin,Sin,12,0,app1,9,3,15,1,0.273,1
sin,Sin,12,0,app1,9,2,16,3,0.174,2
sin,Sin,12,0,app1,9,2,16,2,0.182,3
sin,Sin,12,0,app1,9,2,16,0,0.2,4
sin,Sin,12,0,app1,9,3,15,1,0.273,5
sin,Sin,12,0,app1,9,2,16,0,0.2,6
sin,Sin,12,0,app1,9,2,16,4,0.167,7
sin,Sin,12,0,app1,9,3,15,1,0.273,8
sin,Sin,12,0,app1,9,3,15,1,0.273,9
sin,Sin,12,0,app1,12,3,15,1,0.273,0
sin,Sin,12,0,app1,12,3,15,1,0.273,1
sin,Sin,12,0,app1,12,2,16,2,0.182,2
sin,Sin,12,0,app1,12,2,16,1,0.19,3
sin,Sin,12,0,app1,12,2,16,0,0.2,4
sin,Sin,12,0,app1,12,3,15,1,0.273,5
sin,Sin,12,0,app1,12,2,16,0,0.2,6
sin,Sin,12,0,app1,12,2,16,3,0.174,7
sin,Sin,12,0,app1,12,3,15,0,0.286,8
sin,Sin,12,0,app1,12,3,15,1,0.273,9
sin,Sin,12,0,app1,24,3,15,1,0.273,0
sin,Sin,12,0,app1,24,3,15,1,0.273,1
sin,Sin,12,0,app1,24,2,16,1,0.19,2
sin,Sin,12,0,app1,24,2,16,1,0.19,3
sin,Sin,12,0,app1,24,2,16,0,0.2,4
sin,Sin,12,0,app1,24,3,15,1,0.273,5
sin,Sin,12,0,app1,24,2,16,0,0.2,6
sin,Sin,12,0,app1,24,2,16,2,0.182,7
sin,Sin,12,0,app1,24,3,15,0,0.286,8
sin,Sin,12,0,app1,24,3,15,1,0.273,9
sin,Sin,12,0,app1,72,3,15,0,0.286,0
sin,Sin,12,0,app1,72,3,15,1,0.273,1
sin,Sin,12,0,app1,72,2,16,1,0.19,2
sin,Sin,12,0,app1,72,2,16,1,0.19,3
sin,Sin,12,0,app1,72,2,16,0,0.2,4
sin,Sin,12,0,app1,72,3,15,1,0.273,5
sin,Sin,12,0,app1,72,2,16,0,0.2,6
sin,Sin,12,0,app1,72,2,16,2,0.182,7
sin,Sin,12,0,app1,72,3,15,0,0.286,8
sin,Sin,12,0,app1,72,3,15,0,0.286,9
sin,Sin,12,0,app2,1,15,3,7,0.75,0
sin,Sin,12,0,app2,1,14,4,6,0.737,1
sin,Sin,12,0,app2,1,13,5,7,0.684,2
sin,Sin,12,0,app2,1,15,3,4,0.811,3
sin,Sin,12,0,app2,1,15,3,5,0.789,4
sin,Sin,12,0,app2,1,16,2,5,0.821,5
sin,Sin,12,0,app2,1,14,4,5,0.757,6
sin,Sin,12,0,app2,1,12,6,8,0.632,7
sin,Sin,12,0,app2,1,15,3,6,0.769,8
sin,Sin,12,0,app2,1,14,4,7,0.718,9
sin,Sin,12,0,app2,3,15,3,6,0.769,0
sin,Sin,12,0,app2,3,13,5,7,0.684,1
sin,Sin,12,0,app2,3,14,4,5,0.757,2
sin,Sin,12,0,app2,3,15,3,4,0.811,3
sin,Sin,12,0,app2,3,15,3,4,0.811,4
sin,Sin,12,0,app2,3,16,2,4,0.842,5
sin,Sin,12,0,app2,3,14,4,5,0.757,6
sin,Sin,12,0,app2,3,12,6,8,0.632,7
sin,Sin,12,0,app2,3,16,2,4,0.842,8
sin,Sin,12,0,app2,3,15,3,4,0.811,9
sin,Sin,12,0,app2,6,14,4,6,0.737,0
sin,Sin,12,0,app2,6,14,4,4,0.778,1
sin,Sin,12,0,app2,6,14,4,5,0.757,2
sin,Sin,12,0,app2,6,15,3,4,0.811,3
sin,Sin,12,0,app2,6,14,4,3,0.8,4
sin,Sin,12,0,app2,6,16,2,2,0.889,5
sin,Sin,12,0,app2,6,14,4,3,0.8,6
sin,Sin,12,0,app2,6,12,6,8,0.632,7
sin,Sin,12,0,app2,6,16,2,3,0.865,8
sin,Sin,12,0,app2,6,15,3,4,0.811,9
sin,Sin,12,0,app2,9,15,3,3,0.833,0
sin,Sin,12,0,app2,9,14,4,2,0.824,1
sin,Sin,12,0,app2,9,14,4,4,0.778,2
sin,Sin,12,0,app2,9,15,3,2,0.857,3
sin,Sin,12,0,app2,9,15,3,1,0.882,4
sin,Sin,12,0,app2,9,16,2,1,0.914,5
sin,Sin,12,0,app2,9,14,4,2,0.824,6
sin,Sin,12,0,app2,9,12,6,7,0.649,7
sin,Sin,12,0,app2,9,16,2,2,0.889,8
sin,Sin,12,0,app2,9,15,3,3,0.833,9
sin,Sin,12,0,app2,12,15,3,2,0.857,0
sin,Sin,12,0,app2,12,14,4,2,0.824,1
sin,Sin,12,0,app2,12,14,4,3,0.8,2
sin,Sin,12,0,app2,12,15,3,1,0.882,3
sin,Sin,12,0,app2,12,15,3,1,0.882,4
sin,Sin,12,0,app2,12,16,2,1,0.914,5
sin,Sin,12,0,app2,12,14,4,2,0.824,6
sin,Sin,12,0,app2,12,12,6,6,0.667,7
sin,Sin,12,0,app2,12,16,2,1,0.914,8
sin,Sin,12,0,app2,12,15,3,3,0.833,9
sin,Sin,12,0,app2,24,15,3,2,0.857,0
sin,Sin,12,0,app2,24,14,4,2,0.824,1
sin,Sin,12,0,app2,24,14,4,2,0.824,2
sin,Sin,12,0,app2,24,15,3,1,0.882,3
sin,Sin,12,0,app2,24,15,3,1,0.882,4
sin,Sin,12,0,app2,24,16,2,1,0.914,5
sin,Sin,12,0,app2,24,14,4,2,0.824,6
sin,Sin,12,0,app2,24,12,6,5,0.686,7
sin,Sin,12,0,app2,24,16,2,1,0.914,8
sin,Sin,12,0,app2,24,15,3,3,0.833,9
sin,Sin,12,0,app2,72,15,3,1,0.882,0
sin,Sin,12,0,app2,72,14,4,2,0.824,1
sin,Sin,12,0,app2,72,14,4,2,0.824,2
sin,Sin,12,0,app2,72,15,3,1,0.882,3
sin,Sin,12,0,app2,72,15,3,1,0.882,4
sin,Sin,12,0,app2,72,16,2,1,0.914,5
sin,Sin,12,0,app2,72,14,4,2,0.824,6
sin,Sin,12,0,app2,72,12,6,5,0.686,7
sin,Sin,12,0,app2,72,16,2,1,0.914,8
sin,Sin,12,0,app2,72,15,3,2,0.857,9
sin,Sin,12,0,app3,1,15,3,7,0.75,0
sin,Sin,12,0,app3,1,14,4,6,0.737,1
sin,Sin,12,0,app3,1,13,5,7,0.684,2
sin,Sin,12,0,app3,1,15,3,4,0.811,3
sin,Sin,12,0,app3,1,15,3,5,0.789,4
sin,Sin,12,0,app3,1,16,2,5,0.821,5
sin,Sin,12,0,app3,1,14,4,5,0.757,6
sin,Sin,12,0,app3,1,12,6,8,0.632,7
sin,Sin,12,0,app3,1,15,3,6,0.769,8
sin,Sin,12,0,app3,1,14,4,7,0.718,9
sin,Sin,12,0,app3,3,15,3,7,0.75,0
sin,Sin,12,0,app3,3,13,5,7,0.684,1
sin,Sin,12,0,app3,3,14,4,5,0.757,2
sin,Sin,12,0,app3,3,15,3,4,0.811,3
sin,Sin,12,0,app3,3,15,3,5,0.789,4
sin,Sin,12,0,app3,3,16,2,4,0.842,5
sin,Sin,12,0,app3,3,14,4,5,0.757,6
sin,Sin,12,0,app3,3,12,6,8,0.632,7
sin,Sin,12,0,app3,3,16,2,4,0.842,8
sin,Sin,12,0,app3,3,15,3,5,0.789,9
sin,Sin,12,0,app3,6,14,4,8,0.7,0
sin,Sin,12,0,app3,6,14,4,5,0.757,1
sin,Sin,12,0,app3,6,14,4,5,0.757,2
sin,Sin,12,0,app3,6,15,3,4,0.811,3
sin,Sin,12,0,app3,6,14,4,6,0.737,4
sin,Sin,12,0,app3,6,16,2,3,0.865,5
sin,Sin,12,0,app3,6,14,4,5,0.757,6
sin,Sin,12,0,app3,6,12,6,8,0.632,7
sin,Sin,12,0,app3,6,16,2,4,0.842,8
sin,Sin,12,0,app3,6,15,3,5,0.789,9
sin,Sin,12,0,app3,9,15,3,4,0.811,0
sin,Sin,12,0,app3,9,14,4,4,0.778,1
sin,Sin,12,0,app3,9,14,4,4,0.778,2
sin,Sin,12,0,app3,9,15,3,3,0.833,3
sin,Sin,12,0,app3,9,15,3,4,0.811,4
sin,Sin,12,0,app3,9,16,2,3,0.865,5
sin,Sin,12,0,app3,9,14,4,4,0.778,6
sin,Sin,12,0,app3,9,12,6,7,0.649,7
sin,Sin,12,0,app3,9,16,2,3,0.865,8
sin,Sin,12,0,app3,9,15,3,5,0.789,9
sin,Sin,12,0,app3,12,14,4,5,0.757,0
sin,Sin,12,0,app3,12,14,4,4,0.778,1
sin,Sin,12,0,app3,12,14,4,4,0.778,2
sin,Sin,12,0,app3,12,15,3,3,0.833,3
sin,Sin,12,0,app3,12,15,3,3,0.833,4
sin,Sin,12,0,app3,12,16,2,2,0.889,5
sin,Sin,12,0,app3,12,14,4,4,0.778,6
sin,Sin,12,0,app3,12,11,7,8,0.595,7
sin,Sin,12,0,app3,12,16,2,2,0.889,8
sin,Sin,12,0,app3,12,15,3,5,0.789,9
sin,Sin,12,0,app3,24,15,3,3,0.833,0
sin,Sin,12,0,app3,24,14,4,3,0.8,1
sin,Sin,12,0,app3,24,14,4,3,0.8,2
sin,Sin,12,0,app3,24,15,3,2,0.857,3
sin,Sin,12,0,app3,24,15,3,2,0.857,4
sin,Sin,12,0,app3,24,16,2,2,0.889,5
sin,Sin,12,0,app3,24,14,4,3,0.8,6
sin,Sin,12,0,app3,24,12,6,6,0.667,7
sin,Sin,12,0,app3,24,16,2,2,0.889,8
sin,Sin,12,0,app3,24,15,3,4,0.811,9
sin,Sin,12,0,app3,72,15,3,2,0.857,0
sin,Sin,12,0,app3,72,14,4,2,0.824,1
sin,Sin,12,0,app3,72,14,4,2,0.824,2
sin,Sin,12,0,app3,72,15,3,1,0.882,3
sin,Sin,12,0,app3,72,15,3,1,0.882,4
sin,Sin,12,0,app3,72,16,2,1,0.914,5
sin,Sin,12,0,app3,72,14,4,2,0.824,6
sin,Sin,12,0,app3,72,12,6,5,0.686,7
sin,Sin,12,0,app3,72,16,2,1,0.914,8
sin,Sin,12,0,app3,72,15,3,3,0.833,9
nn,Nn,6,0,app0,1,1,17,3,0.091,0
nn,Nn,6,0,app0,1,0,18,8,0.0,1
nn,Nn,6,0,app0,1,4,14,14,0.222,2
nn,Nn,6,0,app0,1,2,16,6,0.154,3
nn,Nn,6,0,app0,1,2,16,15,0.114,4
nn,Nn,6,0,app0,1,3,15,7,0.214,5
nn,Nn,6,0,app0,1,4,14,11,0.242,6
nn,Nn,6,0,app0,1,1,17,13,0.062,7
nn,Nn,6,0,app0,1,1,17,4,0.087,8
nn,Nn,6,0,app0,1,2,16,4,0.167,9
nn,Nn,6,0,app0,3,1,17,3,0.091,0
nn,Nn,6,0,app0,3,3,15,5,0.231,1
nn,Nn,6,0,app0,3,5,13,13,0.278,2
nn,Nn,6,0,app0,3,3,15,5,0.231,3
nn,Nn,6,0,app0,3,5,13,11,0.294,4
nn,Nn,6,0,app0,3,3,15,7,0.214,5
nn,Nn,6,0,app0,3,4,14,11,0.242,6
nn,Nn,6,0,app0,3,2,16,12,0.125,7
nn,Nn,6,0,app0,3,1,17,4,0.087,8
nn,Nn,6,0,app0,3,4,14,2,0.333,9
nn,Nn,6,0,app0,6,1,17,4,0.087,0
nn,Nn,6,0,app0,6,4,14,3,0.32,1
nn,Nn,6,0,app0,6,5,13,13,0.278,2
nn,Nn,6,0,app0,6,3,15,6,0.222,3
nn,Nn,6,0,app0,6,5,13,10,0.303,4
nn,Nn,6,0,app0,6,4,14,6,0.286,5
nn,Nn,6,0,app0,6,5,13,7,0.333,6
nn,Nn,6,0,app0,6,2,16,10,0.133,7
nn,Nn,6,0,app0,6,1,17,5,0.083,8
nn,Nn,6,0,app0,6,4,14,2,0.333,9
nn,Nn,6,0,app0,9,1,17,3,0.091,0
nn,Nn,6,0,app0,9,4,14,2,0.333,1
nn,Nn,6,0,app0,9,5,13,12,0.286,2
nn,Nn,6,0,app0,9,3,15,5,0.231,3
nn,Nn,6,0,app0,9,5,13,10,0.303,4
nn,Nn,6,0,app0,9,4,14,6,0.286,5
nn,Nn,6,0,app0,9,5,13,7,0.333,6
nn,Nn,6,0,app0,9,3,15,9,0.2,7
nn,Nn,6,0,app0,9,1,17,4,0.087,8
nn,Nn,6,0,app0,9,4,14,2,0.333,9
nn,Nn,6,0,app0,12,1,17,3,0.091,0
nn,Nn,6,0,app0,12,4,14,2,0.333,1
nn,Nn,6,0,app0,12,7,11,9,0.412,2
nn,Nn,6,0,app0,12,3,15,5,0.231,3
nn,Nn,6,0,app0,12,5,13,8,0.323,4
nn,Nn,6,0,app0,12,4,14,5,0.296,5
nn,Nn,6,0,app0,12,5,13,7,0.333,6
nn,Nn,6,0,app0,12,3,15,9,0.2,7
nn,Nn,6,0,app0,12,1,17,4,0.087,8
nn,Nn,6,0,app0,12,4,14,2,0.333,9
nn,Nn,6,0,app0,24,2,16,2,0.182,0
nn,Nn,6,0,app0,24,5,13,1,0.417,1
nn,Nn,6,0,app0,24,8,10,6,0.5,2
nn,Nn,6,0,app0,24,5,13,3,0.385,3
nn,Nn,6,0,app0,24,8,10,4,0.533,4
nn,Nn,6,0,app0,24,4,14,5,0.296,5
nn,Nn,6,0,app0,24,8,10,3,0.552,6
nn,Nn,6,0,app0,24,6,12,5,0.414,7
nn,Nn,6,0,app0,24,2,16,3,0.174,8
nn,Nn,6,0,app0,24,5,13,1,0.417,9
nn,Nn,6,0,app0,72,3,15,0,0.286,0
nn,Nn,6,0,app0,72,5,13,0,0.435,1
nn,Nn,6,0,app0,72,9,9,4,0.581,2
nn,Nn,6,0,app0,72,5,13,1,0.417,3
nn,Nn,6,0,app0,72,8,10,3,0.552,4
nn,Nn,6,0,app0,72,5,13,3,0.385,5
nn,Nn,6,0,app0,72,8,10,2,0.571,6
nn,Nn,6,0,app0,72,6,12,3,0.444,7
nn,Nn,6,0,app0,72,2,16,3,0.174,8
nn,Nn,6,0,app0,72,5,13,1,0.417,9
nn,Nn,6,0,app1,1,1,17,3,0.091,0
nn,Nn,6,0,app1,1,0,18,8,0.0,1
nn,Nn,6,0,app1,1,4,14,14,0.222,2
nn,Nn,6,0,app1,1,2,16,6,0.154,3
nn,Nn,6,0,app1,1,2,16,15,0.114,4
nn,Nn,6,0,app1,1,3,15,7,0.214,5
nn,Nn,6,0,app1,1,4,14,11,0.242,6
nn,Nn,6,0,app1,1,1,17,13,0.062,7
nn,Nn,6,0,app1,1,1,17,4,0.087,8
nn,Nn,6,0,app1,1,2,16,4,0.167,9
nn,Nn,6,0,app1,3,1,17,3,0.091,0
nn,Nn,6,0,app1,3,3,15,5,0.231,1
nn,Nn,6,0,app1,3,5,13,12,0.286,2
nn,Nn,6,0,app1,3,3,15,5,0.231,3
nn,Nn,6,0,app1,3,5,13,10,0.303,4
nn,Nn,6,0,app1,3,3,15,6,0.222,5
nn,Nn,6,0,app1,3,4,14,9,0.258,6
nn,Nn,6,0,app1,3,2,16,11,0.129,7
nn,Nn,6,0,app1,3,1,17,4,0.087,8
nn,Nn,6,0,app1,3,4,14,2,0.333,9
nn,Nn,6,0,app1,6,1,17,3,0.091,0
nn,Nn,6,0,app1,6,4,14,2,0.333,1
nn,Nn,6,0,app1,6,5,13,11,0.294,2
nn,Nn,6,0,app1,6,3,15,5,0.231,3
nn,Nn,6,0,app1,6,5,13,9,0.312,4
nn,Nn,6,0,app1,6,4,14,5,0.296,5
nn,Nn,6,0,app1,6,5,13,7,0.333,6
nn,Nn,6,0,app1,6,2,16,10,0.133,7
nn,Nn,6,0,app1,6,1,17,4,0.087,8
nn,Nn,6,0,app1,6,4,14,2,0.333,9
nn,Nn,6,0,app1,9,1,17,3,0.091,0
nn,Nn,6,0,app1,9,4,14,2,0.333,1
nn,Nn,6,0,app1,9,5,13,10,0.303,2
nn,Nn,6,0,app1,9,3,15,5,0.231,3
nn,Nn,6,0,app1,9,5,13,8,0.323,4
nn,Nn,6,0,app1,9,4,14,4,0.308,5
nn,Nn,6,0,app1,9,5,13,7,0.333,6
nn,Nn,6,0,app1,9,3,15,8,0.207,7
nn,Nn,6,0,app1,9,1,17,4,0.087,8
nn,Nn,6,0,app1,9,4,14,2,0.333,9
nn,Nn,6,0,app1,12,1,17,3,0.091,0
nn,Nn,6,0,app1,12,4,14,2,0.333,1
nn,Nn,6,0,app1,12,7,11,8,0.424,2
nn,Nn,6,0,app1,12,3,15,5,0.231,3
nn,Nn,6,0,app1,12,6,12,6,0.4,4
nn,Nn,6,0,app1,12,4,14,4,0.308,5
nn,Nn,6,0,app1,12,5,13,7,0.333,6
nn,Nn,6,0,app1,12,3,15,7,0.214,7
nn,Nn,6,0,app1,12,1,17,4,0.087,8
nn,Nn,6,0,app1,12,4,14,2,0.333,9
nn,Nn,6,0,app1,24,2,16,2,0.182,0
nn,Nn,6,0,app1,24,5,13,0,0.435,1
nn,Nn,6,0,app1,24,9,9,4,0.581,2
nn,Nn,6,0,app1,24,5,13,1,0.417,3
nn,Nn,6,0,app1,24,8,10,3,0.552,4
nn,Nn,6,0,app1,24,4,14,4,0.308,5
nn,Nn,6,0,app1,24,8,10,2,0.571,6
nn,Nn,6,0,app1,24,6,12,3,0.444,7
nn,Nn,6,0,app1,24,2,16,3,0.174,8
nn,Nn,6,0,app1,24,5,13,1,0.417,9
nn,Nn,6,0,app1,72,3,15,0,0.286,0
nn,Nn,6,0,app1,72,5,13,0,0.435,1
nn,Nn,6,0,app1,72,9,9,4,0.581,2
nn,Nn,6,0,app1,72,5,13,1,0.417,3
nn,Nn,6,0,app1,72,8,10,3,0.552,4
nn,Nn,6,0,app1,72,5,13,3,0.385,5
nn,Nn,6,0,app1,72,8,10,2,0.571,6
nn,Nn,6,0,app1,72,6,12,3,0.444,7
nn,Nn,6,0,app1,72,2,16,4,0.167,8
nn,Nn,6,0,app1,72,5,13,1,0.417,9
nn,Nn,6,0,app2,1,9,9,5,0.562,0
nn,Nn,6,0,app2,1,7,11,8,0.424,1
nn,Nn,6,0,app2,1,10,8,12,0.5,2
nn,Nn,6,0,app2,1,9,9,7,0.529,3
nn,Nn,6,0,app2,1,11,7,13,0.524,4
nn,Nn,6,0,app2,1,11,7,6,0.629,5
nn,Nn,6,0,app2,1,10,8,11,0.513,6
nn,Nn,6,0,app2,1,12,6,10,0.6,7
nn,Nn,6,0,app2,1,13,5,6,0.703,8
nn,Nn,6,0,app2,1,8,10,7,0.485,9
nn,Nn,6,0,app2,3,9,9,5,0.562,0
nn,Nn,6,0,app2,3,8,10,5,0.516,1
nn,Nn,6,0,app2,3,11,7,10,0.564,2
nn,Nn,6,0,app2,3,10,8,6,0.588,3
nn,Nn,6,0,app2,3,13,5,9,0.65,4
nn,Nn,6,0,app2,3,11,7,5,0.647,5
nn,Nn,6,0,app2,3,10,8,11,0.513,6
nn,Nn,6,0,app2,3,13,5,9,0.65,7
nn,Nn,6,0,app2,3,13,5,6,0.703,8
nn,Nn,6,0,app2,3,10,8,3,0.645,9
nn,Nn,6,0,app2,6,9,9,5,0.562,0
nn,Nn,6,0,app2,6,9,9,3,0.6,1
nn,Nn,6,0,app2,6,11,7,9,0.579,2
nn,Nn,6,0,app2,6,10,8,6,0.588,3
nn,Nn,6,0,app2,6,13,5,8,0.667,4
nn,Nn,6,0,app2,6,11,7,3,0.688,5
nn,Nn,6,0,app2,6,11,7,9,0.579,6
nn,Nn,6,0,app2,6,13,5,9,0.65,7
nn,Nn,6,0,app2,6,13,5,6,0.703,8
nn,Nn,6,0,app2,6,10,8,3,0.645,9
nn,Nn,6,0,app2,9,9,9,5,0.562,0
nn,Nn,6,0,app2,9,9,9,3,0.6,1
nn,Nn,6,0,app2,9,11,7,8,0.595,2
nn,Nn,6,0,app2,9,10,8,6,0.588,3
nn,Nn,6,0,app2,9,13,5,8,0.667,4
nn,Nn,6,0,app2,9,11,7,3,0.688,5
nn,Nn,6,0,app2,9,11,7,9,0.579,6
nn,Nn,6,0,app2,9,13,5,7,0.684,7
nn,Nn,6,0,app2,9,13,5,6,0.703,8
nn,Nn,6,0,app2,9,10,8,3,0.645,9
nn,Nn,6,0,app2,12,9,9,5,0.562,0
nn,Nn,6,0,app2,12,9,9,3,0.6,1
nn,Nn,6,0,app2,12,13,5,5,0.722,2
nn,Nn,6,0,app2,12,10,8,6,0.588,3
nn,Nn,6,0,app2,12,13,5,7,0.684,4
nn,Nn,6,0,app2,12,11,7,3,0.688,5
nn,Nn,6,0,app2,12,11,7,9,0.579,6
nn,Nn,6,0,app2,12,13,5,7,0.684,7
nn,Nn,6,0,app2,12,12,6,7,0.649,8
nn,Nn,6,0,app2,12,10,8,3,0.645,9
nn,Nn,6,0,app2,24,9,9,5,0.562,0
nn,Nn,6,0,app2,24,10,8,0,0.714,1
nn,Nn,6,0,app2,24,15,3,1,0.882,2
nn,Nn,6,0,app2,24,11,7,2,0.71,3
nn,Nn,6,0,app2,24,14,4,4,0.778,4
nn,Nn,6,0,app2,24,11,7,3,0.688,5
nn,Nn,6,0,app2,24,13,5,3,0.765,6
nn,Nn,6,0,app2,24,15,3,2,0.857,7
nn,Nn,6,0,app2,24,13,5,5,0.722,8
nn,Nn,6,0,app2,24,11,7,2,0.71,9
nn,Nn,6,0,app2,72,10,8,2,0.667,0
nn,Nn,6,0,app2,72,10,8,0,0.714,1
nn,Nn,6,0,app2,72,15,3,1,0.882,2
nn,Nn,6,0,app2,72,11,7,2,0.71,3
nn,Nn,6,0,app2,72,14,4,4,0.778,4
nn,Nn,6,0,app2,72,12,6,2,0.75,5
nn,Nn,6,0,app2,72,13,5,3,0.765,6
nn,Nn,6,0,app2,72,15,3,2,0.857,7
nn,Nn,6,0,app2,72,13,5,6,0.703,8
nn,Nn,6,0,app2,72,11,7,2,0.71,9
nn,Nn,6,0,app3,1,9,9,5,0.562,0
nn,Nn,6,0,app3,1,7,11,8,0.424,1
nn,Nn,6,0,app3,1,10,8,12,0.5,2
nn,Nn,6,0,app3,1,9,9,7,0.529,3
nn,Nn,6,0,app3,1,11,7,13,0.524,4
nn,Nn,6,0,app3,1,11,7,6,0.629,5
nn,Nn,6,0,app3,1,10,8,11,0.513,6
nn,Nn,6,0,app3,1,12,6,10,0.6,7
nn,Nn,6,0,app3,1,13,5,6,0.703,8
nn,Nn,6,0,app3,1,8,10,7,0.485,9
nn,Nn,6,0,app3,3,9,9,5,0.562,0
nn,Nn,6,0,app3,3,8,10,5,0.516,1
nn,Nn,6,0,app3,3,11,7,10,0.564,2
nn,Nn,6,0,app3,3,10,8,6,0.588,3
nn,Nn,6,0,app3,3,13,5,10,0.634,4
nn,Nn,6,0,app3,3,11,7,6,0.629,5
nn,Nn,6,0,app3,3,10,8,11,0.513,6
nn,Nn,6,0,app3,3,13,5,9,0.65,7
nn,Nn,6,0,app3,3,13,5,6,0.703,8
nn,Nn,6,0,app3,3,10,8,3,0.645,9
nn,Nn,6,0,app3,6,9,9,5,0.562,0
nn,Nn,6,0,app3,6,9,9,3,0.6,1
nn,Nn,6,0,app3,6,11,7,9,0.579,2
nn,Nn,6,0,app3,6,10,8,6,0.588,3
nn,Nn,6,0,app3,6,13,5,9,0.65,4
nn,Nn,6,0,app3,6,11,7,4,0.667,5
nn,Nn,6,0,app3,6,11,7,9,0.579,6
nn,Nn,6,0,app3,6,13,5,9,0.65,7
nn,Nn,6,0,app3,6,13,5,6,0.703,8
nn,Nn,6,0,app3,6,10,8,3,0.645,9
nn,Nn,6,0,app3,9,9,9,5,0.562,0
nn,Nn,6,0,app3,9,9,9,3,0.6,1
nn,Nn,6,0,app3,9,11,7,9,0.579,2
nn,Nn,6,0,app3,9,10,8,6,0.588,3
nn,Nn,6,0,app3,9,13,5,9,0.65,4
nn,Nn,6,0,app3,9,11,7,4,0.667,5
nn,Nn,6,0,app3,9,11,7,9,0.579,6
nn,Nn,6,0,app3,9,13,5,8,0.667,7
nn,Nn,6,0,app3,9,13,5,6,0.703,8
nn,Nn,6,0,app3,9,10,8,3,0.645,9
nn,Nn,6,0,app3,12,9,9,5,0.562,0
nn,Nn,6,0,app3,12,9,9,3,0.6,1
nn,Nn,6,0,app3,12,13,5,6,0.703,2
nn,Nn,6,0,app3,12,10,8,6,0.588,3
nn,Nn,6,0,app3,12,13,5,9,0.65,4
nn,Nn,6,0,app3,12,11,7,4,0.667,5
nn,Nn,6,0,app3,12,11,7,9,0.579,6
nn,Nn,6,0,app3,12,12,6,9,0.615,7
nn,Nn,6,0,app3,12,12,6,7,0.649,8
nn,Nn,6,0,app3,12,10,8,3,0.645,9
nn,Nn,6,0,app3,24,9,9,5,0.562,0
nn,Nn,6,0,app3,24,10,8,1,0.69,1
nn,Nn,6,0,app3,24,13,5,4,0.743,2
nn,Nn,6,0,app3,24,11,7,3,0.688,3
nn,Nn,6,0,app3,24,14,4,5,0.757,4
nn,Nn,6,0,app3,24,11,7,4,0.667,5
nn,Nn,6,0,app3,24,13,5,4,0.743,6
nn,Nn,6,0,app3,24,15,3,3,0.833,7
nn,Nn,6,0,app3,24,13,5,5,0.722,8
nn,Nn,6,0,app3,24,11,7,2,0.71,9
nn,Nn,6,0,app3,72,10,8,2,0.667,0
nn,Nn,6,0,app3,72,10,8,0,0.714,1
nn,Nn,6,0,app3,72,15,3,1,0.882,2
nn,Nn,6,0,app3,72,11,7,2,0.71,3
nn,Nn,6,0,app3,72,14,4,4,0.778,4
nn,Nn,6,0,app3,72,12,6,2,0.75,5
nn,Nn,6,0,app3,72,13,5,3,0.765,6
nn,Nn,6,0,app3,72,15,3,2,0.857,7
nn,Nn,6,0,app3,72,13,5,5,0.722,8
nn,Nn,6,0,app3,72,11,7,2,0.71,9
nn,Nn,12,0,app0,1,1,17,15,0.059,0
nn,Nn,12,0,app0,1,0,18,9,0.0,1
nn,Nn,12,0,app0,1,1,17,7,0.077,2
nn,Nn,12,0,app0,1,2,16,9,0.138,3
nn,Nn,12,0,app0,1,1,17,13,0.062,4
nn,Nn,12,0,app0,1,2,16,15,0.114,5
nn,Nn,12,0,app0,1,1,17,4,0.087,6
nn,Nn,12,0,app0,1,1,17,11,0.067,7
nn,Nn,12,0,app0,1,0,18,12,0.0,8
nn,Nn,12,0,app0,1,1,17,11,0.067,9
nn,Nn,12,0,app0,3,2,16,13,0.121,0
nn,Nn,12,0,app0,3,0,18,9,0.0,1
nn,Nn,12,0,app0,3,2,16,6,0.154,2
nn,Nn,12,0,app0,3,2,16,9,0.138,3
nn,Nn,12,0,app0,3,1,17,13,0.062,4
nn,Nn,12,0,app0,3,3,15,13,0.176,5
nn,Nn,12,0,app0,3,1,17,4,0.087,6
nn,Nn,12,0,app0,3,1,17,11,0.067,7
nn,Nn,12,0,app0,3,0,18,12,0.0,8
nn,Nn,12,0,app0,3,2,16,10,0.133,9
nn,Nn,12,0,app0,6,3,15,11,0.188,0
nn,Nn,12,0,app0,6,1,17,8,0.074,1
nn,Nn,12,0,app0,6,3,15,5,0.231,2
nn,Nn,12,0,app0,6,3,15,8,0.207,3
nn,Nn,12,0,app0,6,2,16,12,0.125,4
nn,Nn,12,0,app0,6,4,14,12,0.235,5
nn,Nn,12,0,app0,6,1,17,4,0.087,6
nn,Nn,12,0,app0,6,3,15,8,0.207,7
nn,Nn,12,0,app0,6,1,17,10,0.069,8
nn,Nn,12,0,app0,6,2,16,10,0.133,9
nn,Nn,12,0,app0,9,5,13,9,0.312,0
nn,Nn,12,0,app0,9,2,16,5,0.16,1
nn,Nn,12,0,app0,9,4,14,4,0.308,2
nn,Nn,12,0,app0,9,3,15,8,0.207,3
nn,Nn,12,0,app0,9,4,14,9,0.258,4
nn,Nn,12,0,app0,9,4,14,11,0.242,5
nn,Nn,12,0,app0,9,1,17,4,0.087,6
nn,Nn,12,0,app0,9,3,15,8,0.207,7
nn,Nn,12,0,app0,9,1,17,8,0.074,8
nn,Nn,12,0,app0,9,3,15,9,0.2,9
nn,Nn,12,0,app0,12,5,13,8,0.323,0
nn,Nn,12,0,app0,12,2,16,5,0.16,1
nn,Nn,12,0,app0,12,4,14,5,0.296,2
nn,Nn,12,0,app0,12,3,15,7,0.214,3
nn,Nn,12,0,app0,12,4,14,10,0.25,4
nn,Nn,12,0,app0,12,4,14,9,0.258,5
nn,Nn,12,0,app0,12,2,16,2,0.182,6
nn,Nn,12,0,app0,12,3,15,6,0.222,7
nn,Nn,12,0,app0,12,2,16,7,0.148,8
nn,Nn,12,0,app0,12,3,15,7,0.214,9
nn,Nn,12,0,app0,24,5,13,5,0.357,0
nn,Nn,12,0,app0,24,2,16,3,0.174,1
nn,Nn,12,0,app0,24,4,14,4,0.308,2
nn,Nn,12,0,app0,24,4,14,6,0.286,3
nn,Nn,12,0,app0,24,3,15,8,0.207,4
nn,Nn,12,0,app0,24,4,14,6,0.286,5
nn,Nn,12,0,app0,24,2,16,2,0.182,6
nn,Nn,12,0,app0,24,4,14,3,0.32,7
nn,Nn,12,0,app0,24,3,15,4,0.24,8
nn,Nn,12,0,app0,24,4,14,4,0.308,9
nn,Nn,12,0,app0,72,5,13,4,0.37,0
nn,Nn,12,0,app0,72,3,15,2,0.261,1
nn,Nn,12,0,app0,72,4,14,3,0.32,2
nn,Nn,12,0,app0,72,4,14,4,0.308,3
nn,Nn,12,0,app0,72,4,14,6,0.286,4
nn,Nn,12,0,app0,72,5,13,5,0.357,5
nn,Nn,12,0,app0,72,2,16,1,0.19,6
nn,Nn,12,0,app0,72,4,14,2,0.333,7
nn,Nn,12,0,app0,72,3,15,4,0.24,8
nn,Nn,12,0,app0,72,5,13,2,0.4,9
nn,Nn,12,0,app1,1,1,17,15,0.059,0
nn,Nn,12,0,app1,1,0,18,9,0.0,1
nn,Nn,12,0,app1,1,1,17,7,0.077,2
nn,Nn,12,0,app1,1,2,16,9,0.138,3
nn,Nn,12,0,app1,1,1,17,13,0.062,4
nn,Nn,12,0,app1,1,2,16,15,0.114,5
nn,Nn,12,0,app1,1,1,17,4,0.087,6
nn,Nn,12,0,app1,1,1,17,11,0.067,7
nn,Nn,12,0,app1,1,0,18,12,0.0,8
nn,Nn,12,0,app1,1,1,17,11,0.067,9
nn,Nn,12,0,app1,3,2,16,13,0.121,0
nn,Nn,12,0,app1,3,0,18,9,0.0,1
nn,Nn,12,0,app1,3,2,16,6,0.154,2
nn,Nn,12,0,app1,3,2,16,8,0.143,3
nn,Nn,12,0,app1,3,1,17,13,0.062,4
nn,Nn,12,0,app1,3,3,15,11,0.188,5
nn,Nn,12,0,app1,3,1,17,4,0.087,6
nn,Nn,12,0,app1,3,1,17,10,0.069,7
nn,Nn,12,0,app1,3,0,18,10,0.0,8
nn,Nn,12,0,app1,3,2,16,10,0.133,9
nn,Nn,12,0,app1,6,3,15,9,0.2,0
nn,Nn,12,0,app1,6,1,17,5,0.083,1
nn,Nn,12,0,app1,6,3,15,4,0.24,2
nn,Nn,12,0,app1,6,3,15,5,0.231,3
nn,Nn,12,0,app1,6,2,16,10,0.133,4
nn,Nn,12,0,app1,6,4,14,8,0.267,5
nn,Nn,12,0,app1,6,1,17,3,0.091,6
nn,Nn,12,0,app1,6,3,15,4,0.24,7
nn,Nn,12,0,app1,6,1,17,9,0.071,8
nn,Nn,12,0,app1,6,2,16,9,0.138,9
nn,Nn,12,0,app1,9,5,13,4,0.37,0
nn,Nn,12,0,app1,9,2,16,4,0.167,1
nn,Nn,12,0,app1,9,4,14,2,0.333,2
nn,Nn,12,0,app1,9,3,15,5,0.231,3
nn,Nn,12,0,app1,9,4,14,8,0.267,4
nn,Nn,12,0,app1,9,4,14,7,0.276,5
nn,Nn,12,0,app1,9,1,17,3,0.091,6
nn,Nn,12,0,app1,9,3,15,3,0.25,7
nn,Nn,12,0,app1,9,2,16,6,0.154,8
nn,Nn,12,0,app1,9,3,15,4,0.24,9
nn,Nn,12,0,app1,12,5,13,3,0.385,0
nn,Nn,12,0,app1,12,3,15,2,0.261,1
nn,Nn,12,0,app1,12,4,14,3,0.32,2
nn,Nn,12,0,app1,12,3,15,5,0.231,3
nn,Nn,12,0,app1,12,4,14,7,0.276,4
nn,Nn,12,0,app1,12,5,13,6,0.345,5
nn,Nn,12,0,app1,12,2,16,1,0.19,6
nn,Nn,12,0,app1,12,4,14,2,0.333,7
nn,Nn,12,0,app1,12,3,15,5,0.231,8
nn,Nn,12,0,app1,12,4,14,3,0.32,9
nn,Nn,12,0,app1,24,5,13,3,0.385,0
nn,Nn,12,0,app1,24,3,15,2,0.261,1
nn,Nn,12,0,app1,24,4,14,2,0.333,2
nn,Nn,12,0,app1,24,4,14,4,0.308,3
nn,Nn,12,0,app1,24,4,14,6,0.286,4
nn,Nn,12,0,app1,24,5,13,5,0.357,5
nn,Nn,12,0,app1,24,2,16,1,0.19,6
nn,Nn,12,0,app1,24,4,14,1,0.348,7
nn,Nn,12,0,app1,24,3,15,4,0.24,8
nn,Nn,12,0,app1,24,4,14,3,0.32,9
nn,Nn,12,0,app1,72,5,13,3,0.385,0
nn,Nn,12,0,app1,72,3,15,1,0.273,1
nn,Nn,12,0,app1,72,4,14,2,0.333,2
nn,Nn,12,0,app1,72,4,14,3,0.32,3
nn,Nn,12,0,app1,72,4,14,6,0.286,4
nn,Nn,12,0,app1,72,5,13,4,0.37,5
nn,Nn,12,0,app1,72,2,16,1,0.19,6
nn,Nn,12,0,app1,72,4,14,1,0.348,7
nn,Nn,12,0,app1,72,3,15,4,0.24,8
nn,Nn,12,0,app1,72,5,13,1,0.417,9
nn,Nn,12,0,app2,1,14,4,12,0.636,0
nn,Nn,12,0,app2,1,10,8,6,0.588,1
nn,Nn,12,0,app2,1,14,4,9,0.683,2
nn,Nn,12,0,app2,1,14,4,9,0.683,3
nn,Nn,12,0,app2,1,12,6,10,0.6,4
nn,Nn,12,0,app2,1,16,2,10,0.727,5
nn,Nn,12,0,app2,1,11,7,3,0.688,6
nn,Nn,12,0,app2,1,12,6,8,0.632,7
nn,Nn,12,0,app2,1,11,7,6,0.629,8
nn,Nn,12,0,app2,1,14,4,11,0.651,9
nn,Nn,12,0,app2,3,14,4,10,0.667,0
nn,Nn,12,0,app2,3,10,8,6,0.588,1
nn,Nn,12,0,app2,3,14,4,8,0.7,2
nn,Nn,12,0,app2,3,14,4,8,0.7,3
nn,Nn,12,0,app2,3,12,6,8,0.632,4
nn,Nn,12,0,app2,3,16,2,9,0.744,5
nn,Nn,12,0,app2,3,11,7,3,0.688,6
nn,Nn,12,0,app2,3,12,6,7,0.649,7
nn,Nn,12,0,app2,3,11,7,6,0.629,8
nn,Nn,12,0,app2,3,15,3,8,0.732,9
nn,Nn,12,0,app2,6,15,3,6,0.769,0
nn,Nn,12,0,app2,6,11,7,3,0.688,1
nn,Nn,12,0,app2,6,13,5,7,0.684,2
nn,Nn,12,0,app2,6,14,4,5,0.757,3
nn,Nn,12,0,app2,6,13,5,5,0.722,4
nn,Nn,12,0,app2,6,16,2,6,0.8,5
nn,Nn,12,0,app2,6,11,7,2,0.71,6
nn,Nn,12,0,app2,6,13,5,2,0.788,7
nn,Nn,12,0,app2,6,12,6,4,0.706,8
nn,Nn,12,0,app2,6,15,3,7,0.75,9
nn,Nn,12,0,app2,9,15,3,3,0.833,0
nn,Nn,12,0,app2,9,12,6,2,0.75,1
nn,Nn,12,0,app2,9,14,4,4,0.778,2
nn,Nn,12,0,app2,9,14,4,5,0.757,3
nn,Nn,12,0,app2,9,13,5,5,0.722,4
nn,Nn,12,0,app2,9,16,2,6,0.8,5
nn,Nn,12,0,app2,9,11,7,2,0.71,6
nn,Nn,12,0,app2,9,13,5,2,0.788,7
nn,Nn,12,0,app2,9,13,5,3,0.765,8
nn,Nn,12,0,app2,9,15,3,5,0.789,9
nn,Nn,12,0,app2,12,15,3,2,0.857,0
nn,Nn,12,0,app2,12,12,6,1,0.774,1
nn,Nn,12,0,app2,12,14,4,5,0.757,2
nn,Nn,12,0,app2,12,14,4,5,0.757,3
nn,Nn,12,0,app2,12,15,3,4,0.811,4
nn,Nn,12,0,app2,12,16,2,5,0.821,5
nn,Nn,12,0,app2,12,12,6,0,0.8,6
nn,Nn,12,0,app2,12,14,4,1,0.848,7
nn,Nn,12,0,app2,12,13,5,2,0.788,8
nn,Nn,12,0,app2,12,15,3,4,0.811,9
nn,Nn,12,0,app2,24,15,3,2,0.857,0
nn,Nn,12,0,app2,24,12,6,1,0.774,1
nn,Nn,12,0,app2,24,14,4,4,0.778,2
nn,Nn,12,0,app2,24,14,4,4,0.778,3
nn,Nn,12,0,app2,24,15,3,3,0.833,4
nn,Nn,12,0,app2,24,16,2,4,0.842,5
nn,Nn,12,0,app2,24,12,6,0,0.8,6
nn,Nn,12,0,app2,24,14,4,1,0.848,7
nn,Nn,12,0,app2,24,13,5,2,0.788,8
nn,Nn,12,0,app2,24,15,3,4,0.811,9
nn,Nn,12,0,app2,72,15,3,2,0.857,0
nn,Nn,12,0,app2,72,12,6,0,0.8,1
nn,Nn,12,0,app2,72,14,4,4,0.778,2
nn,Nn,12,0,app2,72,14,4,3,0.8,3
nn,Nn,12,0,app2,72,15,3,3,0.833,4
nn,Nn,12,0,app2,72,16,2,3,0.865,5
nn,Nn,12,0,app2,72,12,6,0,0.8,6
nn,Nn,12,0,app2,72,14,4,1,0.848,7
nn,Nn,12,0,app2,72,13,5,2,0.788,8
nn,Nn,12,0,app2,72,16,2,2,0.889,9
nn,Nn,12,0,app3,1,14,4,12,0.636,0
nn,Nn,12,0,app3,1,10,8,6,0.588,1
nn,Nn,12,0,app3,1,14,4,9,0.683,2
nn,Nn,12,0,app3,1,14,4,9,0.683,3
nn,Nn,12,0,app3,1,12,6,10,0.6,4
nn,Nn,12,0,app3,1,16,2,10,0.727,5
nn,Nn,12,0,app3,1,11,7,3,0.688,6
nn,Nn,12,0,app3,1,12,6,8,0.632,7
nn,Nn,12,0,app3,1,11,7,6,0.629,8
nn,Nn,12,0,app3,1,14,4,11,0.651,9
nn,Nn,12,0,app3,3,14,4,10,0.667,0
nn,Nn,12,0,app3,3,10,8,6,0.588,1
nn,Nn,12,0,app3,3,14,4,8,0.7,2
nn,Nn,12,0,app3,3,14,4,9,0.683,3
nn,Nn,12,0,app3,3,12,6,8,0.632,4
nn,Nn,12,0,app3,3,16,2,9,0.744,5
nn,Nn,12,0,app3,3,11,7,3,0.688,6
nn,Nn,12,0,app3,3,12,6,8,0.632,7
nn,Nn,12,0,app3,3,11,7,6,0.629,8
nn,Nn,12,0,app3,3,15,3,8,0.732,9
nn,Nn,12,0,app3,6,15,3,7,0.75,0
nn,Nn,12,0,app3,6,11,7,4,0.667,1
nn,Nn,12,0,app3,6,13,5,8,0.667,2
nn,Nn,12,0,app3,6,14,4,7,0.718,3
nn,Nn,12,0,app3,6,13,5,6,0.703,4
nn,Nn,12,0,app3,6,16,2,8,0.762,5
nn,Nn,12,0,app3,6,11,7,3,0.688,6
nn,Nn,12,0,app3,6,13,5,5,0.722,7
nn,Nn,12,0,app3,6,12,6,5,0.686,8
nn,Nn,12,0,app3,6,15,3,7,0.75,9
nn,Nn,12,0,app3,9,15,3,6,0.769,0
nn,Nn,12,0,app3,9,12,6,3,0.727,1
nn,Nn,12,0,app3,9,14,4,6,0.737,2
nn,Nn,12,0,app3,9,14,4,7,0.718,3
nn,Nn,12,0,app3,9,13,5,6,0.703,4
nn,Nn,12,0,app3,9,16,2,8,0.762,5
nn,Nn,12,0,app3,9,11,7,3,0.688,6
nn,Nn,12,0,app3,9,13,5,5,0.722,7
nn,Nn,12,0,app3,9,12,6,5,0.686,8
nn,Nn,12,0,app3,9,15,3,7,0.75,9
nn,Nn,12,0,app3,12,15,3,5,0.789,0
nn,Nn,12,0,app3,12,11,7,3,0.688,1
nn,Nn,12,0,app3,12,14,4,7,0.718,2
nn,Nn,12,0,app3,12,14,4,7,0.718,3
nn,Nn,12,0,app3,12,13,5,7,0.684,4
nn,Nn,12,0,app3,12,16,2,7,0.78,5
nn,Nn,12,0,app3,12,12,6,1,0.774,6
nn,Nn,12,0,app3,12,13,5,5,0.722,7
nn,Nn,12,0,app3,12,12,6,4,0.706,8
nn,Nn,12,0,app3,12,15,3,7,0.75,9
nn,Nn,12,0,app3,24,15,3,4,0.811,0
nn,Nn,12,0,app3,24,11,7,2,0.71,1
nn,Nn,12,0,app3,24,14,4,6,0.737,2
nn,Nn,12,0,app3,24,14,4,6,0.737,3
nn,Nn,12,0,app3,24,14,4,5,0.757,4
nn,Nn,12,0,app3,24,16,2,5,0.821,5
nn,Nn,12,0,app3,24,11,7,1,0.733,6
nn,Nn,12,0,app3,24,13,5,3,0.765,7
nn,Nn,12,0,app3,24,13,5,2,0.788,8
nn,Nn,12,0,app3,24,15,3,4,0.811,9
nn,Nn,12,0,app3,72,15,3,3,0.833,0
nn,Nn,12,0,app3,72,12,6,1,0.774,1
nn,Nn,12,0,app3,72,14,4,5,0.757,2
nn,Nn,12,0,app3,72,14,4,4,0.778,3
nn,Nn,12,0,app3,72,15,3,3,0.833,4
nn,Nn,12,0,app3,72,16,2,4,0.842,5
nn,Nn,12,0,app3,72,12,6,0,0.8,6
nn,Nn,12,0,app3,72,14,4,2,0.824,7
nn,Nn,12,0,app3,72,13,5,2,0.788,8
nn,Nn,12,0,app3,72,15,3,3,0.833,9
rnn,Rnn,6,0,app0,1,4,14,6,0.286,0
rnn,Rnn,6,0,app0,1,1,17,5,0.083,1
rnn,Rnn,6,0,app0,1,3,15,6,0.222,2
rnn,Rnn,6,0,app0,1,5,13,4,0.37,3
rnn,Rnn,6,0,app0,1,2,16,6,0.154,4
rnn,Rnn,6,0,app0,1,2,16,9,0.138,5
rnn,Rnn,6,0,app0,1,4,14,8,0.267,6
rnn,Rnn,6,0,app0,1,3,15,7,0.214,7
rnn,Rnn,6,0,app0,1,3,15,10,0.194,8
rnn,Rnn,6,0,app0,1,0,18,7,0.0,9
rnn,Rnn,6,0,app0,3,5,13,4,0.37,0
rnn,Rnn,6,0,app0,3,2,16,4,0.167,1
rnn,Rnn,6,0,app0,3,4,14,3,0.32,2
rnn,Rnn,6,0,app0,3,6,12,3,0.444,3
rnn,Rnn,6,0,app0,3,3,15,5,0.231,4
rnn,Rnn,6,0,app0,3,4,14,6,0.286,5
rnn,Rnn,6,0,app0,3,5,13,7,0.333,6
rnn,Rnn,6,0,app0,3,4,14,5,0.296,7
rnn,Rnn,6,0,app0,3,6,12,5,0.414,8
rnn,Rnn,6,0,app0,3,1,17,4,0.087,9
rnn,Rnn,6,0,app0,6,5,13,3,0.385,0
rnn,Rnn,6,0,app0,6,2,16,4,0.167,1
rnn,Rnn,6,0,app0,6,4,14,2,0.333,2
rnn,Rnn,6,0,app0,6,6,12,4,0.429,3
rnn,Rnn,6,0,app0,6,3,15,5,0.231,4
rnn,Rnn,6,0,app0,6,4,14,3,0.32,5
rnn,Rnn,6,0,app0,6,6,12,5,0.414,6
rnn,Rnn,6,0,app0,6,4,14,5,0.296,7
rnn,Rnn,6,0,app0,6,6,12,4,0.429,8
rnn,Rnn,6,0,app0,6,1,17,3,0.091,9
rnn,Rnn,6,0,app0,9,5,13,3,0.385,0
rnn,Rnn,6,0,app0,9,2,16,4,0.167,1
rnn,Rnn,6,0,app0,9,5,13,1,0.417,2
rnn,Rnn,6,0,app0,9,6,12,2,0.462,3
rnn,Rnn,6,0,app0,9,3,15,5,0.231,4
rnn,Rnn,6,0,app0,9,5,13,2,0.4,5
rnn,Rnn,6,0,app0,9,7,11,3,0.5,6
rnn,Rnn,6,0,app0,9,4,14,5,0.296,7
rnn,Rnn,6,0,app0,9,6,12,4,0.429,8
rnn,Rnn,6,0,app0,9,1,17,3,0.091,9
rnn,Rnn,6,0,app0,12,5,13,3,0.385,0
rnn,Rnn,6,0,app0,12,2,16,4,0.167,1
rnn,Rnn,6,0,app0,12,4,14,1,0.348,2
rnn,Rnn,6,0,app0,12,6,12,2,0.462,3
rnn,Rnn,6,0,app0,12,3,15,4,0.24,4
rnn,Rnn,6,0,app0,12,5,13,2,0.4,5
rnn,Rnn,6,0,app0,12,7,11,3,0.5,6
rnn,Rnn,6,0,app0,12,4,14,5,0.296,7
rnn,Rnn,6,0,app0,12,6,12,4,0.429,8
rnn,Rnn,6,0,app0,12,1,17,3,0.091,9
rnn,Rnn,6,0,app0,24,5,13,2,0.4,0
rnn,Rnn,6,0,app0,24,4,14,1,0.348,1
rnn,Rnn,6,0,app0,24,5,13,0,0.435,2
rnn,Rnn,6,0,app0,24,6,12,1,0.48,3
rnn,Rnn,6,0,app0,24,4,14,3,0.32,4
rnn,Rnn,6,0,app0,24,5,13,1,0.417,5
rnn,Rnn,6,0,app0,24,8,10,2,0.571,6
rnn,Rnn,6,0,app0,24,4,14,4,0.308,7
rnn,Rnn,6,0,app0,24,7,11,2,0.519,8
rnn,Rnn,6,0,app0,24,2,16,1,0.19,9
rnn,Rnn,6,0,app0,72,5,13,2,0.4,0
rnn,Rnn,6,0,app0,72,4,14,1,0.348,1
rnn,Rnn,6,0,app0,72,5,13,0,0.435,2
rnn,Rnn,6,0,app0,72,6,12,1,0.48,3
rnn,Rnn,6,0,app0,72,4,14,3,0.32,4
rnn,Rnn,6,0,app0,72,5,13,1,0.417,5
rnn,Rnn,6,0,app0,72,8,10,2,0.571,6
rnn,Rnn,6,0,app0,72,5,13,2,0.4,7
rnn,Rnn,6,0,app0,72,7,11,2,0.519,8
rnn,Rnn,6,0,app0,72,3,15,0,0.286,9
rnn,Rnn,6,0,app1,1,4,14,6,0.286,0
rnn,Rnn,6,0,app1,1,1,17,5,0.083,1
rnn,Rnn,6,0,app1,1,3,15,6,0.222,2
rnn,Rnn,6,0,app1,1,5,13,4,0.37,3
rnn,Rnn,6,0,app1,1,2,16,6,0.154,4
rnn,Rnn,6,0,app1,1,2,16,9,0.138,5
rnn,Rnn,6,0,app1,1,4,14,8,0.267,6
rnn,Rnn,6,0,app1,1,3,15,7,0.214,7
rnn,Rnn,6,0,app1,1,3,15,10,0.194,8
rnn,Rnn,6,0,app1,1,0,18,7,0.0,9
rnn,Rnn,6,0,app1,3,5,13,2,0.4,0
rnn,Rnn,6,0,app1,3,2,16,4,0.167,1
rnn,Rnn,6,0,app1,3,4,14,2,0.333,2
rnn,Rnn,6,0,app1,3,6,12,3,0.444,3
rnn,Rnn,6,0,app1,3,3,15,5,0.231,4
rnn,Rnn,6,0,app1,3,4,14,2,0.333,5
rnn,Rnn,6,0,app1,3,5,13,5,0.357,6
rnn,Rnn,6,0,app1,3,4,14,4,0.308,7
rnn,Rnn,6,0,app1,3,6,12,5,0.414,8
rnn,Rnn,6,0,app1,3,1,17,3,0.091,9
rnn,Rnn,6,0,app1,6,5,13,1,0.417,0
rnn,Rnn,6,0,app1,6,2,16,4,0.167,1
rnn,Rnn,6,0,app1,6,4,14,1,0.348,2
rnn,Rnn,6,0,app1,6,6,12,2,0.462,3
rnn,Rnn,6,0,app1,6,3,15,4,0.24,4
rnn,Rnn,6,0,app1,6,4,14,1,0.348,5
rnn,Rnn,6,0,app1,6,6,12,4,0.429,6
rnn,Rnn,6,0,app1,6,4,14,4,0.308,7
rnn,Rnn,6,0,app1,6,6,12,4,0.429,8
rnn,Rnn,6,0,app1,6,1,17,3,0.091,9
rnn,Rnn,6,0,app1,9,5,13,1,0.417,0
rnn,Rnn,6,0,app1,9,2,16,4,0.167,1
rnn,Rnn,6,0,app1,9,5,13,0,0.435,2
rnn,Rnn,6,0,app1,9,6,12,2,0.462,3
rnn,Rnn,6,0,app1,9,3,15,3,0.25,4
rnn,Rnn,6,0,app1,9,5,13,0,0.435,5
rnn,Rnn,6,0,app1,9,7,11,2,0.519,6
rnn,Rnn,6,0,app1,9,4,14,4,0.308,7
rnn,Rnn,6,0,app1,9,7,11,2,0.519,8
rnn,Rnn,6,0,app1,9,1,17,3,0.091,9
rnn,Rnn,6,0,app1,12,5,13,1,0.417,0
rnn,Rnn,6,0,app1,12,3,15,2,0.261,1
rnn,Rnn,6,0,app1,12,5,13,0,0.435,2
rnn,Rnn,6,0,app1,12,6,12,1,0.48,3
rnn,Rnn,6,0,app1,12,3,15,3,0.25,4
rnn,Rnn,6,0,app1,12,5,13,0,0.435,5
rnn,Rnn,6,0,app1,12,8,10,1,0.593,6
rnn,Rnn,6,0,app1,12,4,14,4,0.308,7
rnn,Rnn,6,0,app1,12,7,11,2,0.519,8
rnn,Rnn,6,0,app1,12,1,17,3,0.091,9
rnn,Rnn,6,0,app1,24,5,13,1,0.417,0
rnn,Rnn,6,0,app1,24,4,14,1,0.348,1
rnn,Rnn,6,0,app1,24,5,13,0,0.435,2
rnn,Rnn,6,0,app1,24,6,12,1,0.48,3
rnn,Rnn,6,0,app1,24,4,14,2,0.333,4
rnn,Rnn,6,0,app1,24,5,13,0,0.435,5
rnn,Rnn,6,0,app1,24,8,10,1,0.593,6
rnn,Rnn,6,0,app1,24,4,14,2,0.333,7
rnn,Rnn,6,0,app1,24,7,11,2,0.519,8
rnn,Rnn,6,0,app1,24,3,15,0,0.286,9
rnn,Rnn,6,0,app1,72,5,13,1,0.417,0
rnn,Rnn,6,0,app1,72,4,14,1,0.348,1
rnn,Rnn,6,0,app1,72,5,13,0,0.435,2
rnn,Rnn,6,0,app1,72,6,12,1,0.48,3
rnn,Rnn,6,0,app1,72,4,14,2,0.333,4
rnn,Rnn,6,0,app1,72,5,13,0,0.435,5
rnn,Rnn,6,0,app1,72,8,10,1,0.593,6
rnn,Rnn,6,0,app1,72,5,13,1,0.417,7
rnn,Rnn,6,0,app1,72,7,11,2,0.519,8
rnn,Rnn,6,0,app1,72,3,15,0,0.286,9
rnn,Rnn,6,0,app2,1,11,7,6,0.629,0
rnn,Rnn,6,0,app2,1,10,8,9,0.541,1
rnn,Rnn,6,0,app2,1,8,10,7,0.485,2
rnn,Rnn,6,0,app2,1,14,4,5,0.757,3
rnn,Rnn,6,0,app2,1,14,4,7,0.718,4
rnn,Rnn,6,0,app2,1,12,6,6,0.667,5
rnn,Rnn,6,0,app2,1,13,5,8,0.667,6
rnn,Rnn,6,0,app2,1,9,9,7,0.529,7
rnn,Rnn,6,0,app2,1,12,6,8,0.632,8
rnn,Rnn,6,0,app2,1,9,9,8,0.514,9
rnn,Rnn,6,0,app2,3,12,6,3,0.727,0
rnn,Rnn,6,0,app2,3,11,7,8,0.595,1
rnn,Rnn,6,0,app2,3,9,9,4,0.581,2
rnn,Rnn,6,0,app2,3,15,3,3,0.833,3
rnn,Rnn,6,0,app2,3,15,3,5,0.789,4
rnn,Rnn,6,0,app2,3,12,6,3,0.727,5
rnn,Rnn,6,0,app2,3,13,5,6,0.703,6
rnn,Rnn,6,0,app2,3,10,8,4,0.625,7
rnn,Rnn,6,0,app2,3,14,4,3,0.8,8
rnn,Rnn,6,0,app2,3,9,9,6,0.545,9
rnn,Rnn,6,0,app2,6,12,6,2,0.75,0
rnn,Rnn,6,0,app2,6,11,7,8,0.595,1
rnn,Rnn,6,0,app2,6,9,9,4,0.581,2
rnn,Rnn,6,0,app2,6,15,3,2,0.857,3
rnn,Rnn,6,0,app2,6,15,3,4,0.811,4
rnn,Rnn,6,0,app2,6,11,7,3,0.688,5
rnn,Rnn,6,0,app2,6,13,5,5,0.722,6
rnn,Rnn,6,0,app2,6,10,8,4,0.625,7
rnn,Rnn,6,0,app2,6,14,4,3,0.8,8
rnn,Rnn,6,0,app2,6,9,9,6,0.545,9
rnn,Rnn,6,0,app2,9,12,6,2,0.75,0
rnn,Rnn,6,0,app2,9,11,7,8,0.595,1
rnn,Rnn,6,0,app2,9,9,9,3,0.6,2
rnn,Rnn,6,0,app2,9,15,3,2,0.857,3
rnn,Rnn,6,0,app2,9,15,3,3,0.833,4
rnn,Rnn,6,0,app2,9,12,6,1,0.774,5
rnn,Rnn,6,0,app2,9,14,4,3,0.8,6
rnn,Rnn,6,0,app2,9,10,8,4,0.625,7
rnn,Rnn,6,0,app2,9,14,4,2,0.824,8
rnn,Rnn,6,0,app2,9,9,9,6,0.545,9
rnn,Rnn,6,0,app2,12,12,6,2,0.75,0
rnn,Rnn,6,0,app2,12,11,7,7,0.611,1
rnn,Rnn,6,0,app2,12,9,9,3,0.6,2
rnn,Rnn,6,0,app2,12,15,3,1,0.882,3
rnn,Rnn,6,0,app2,12,15,3,3,0.833,4
rnn,Rnn,6,0,app2,12,12,6,1,0.774,5
rnn,Rnn,6,0,app2,12,14,4,2,0.824,6
rnn,Rnn,6,0,app2,12,10,8,4,0.625,7
rnn,Rnn,6,0,app2,12,14,4,2,0.824,8
rnn,Rnn,6,0,app2,12,9,9,6,0.545,9
rnn,Rnn,6,0,app2,24,12,6,2,0.75,0
rnn,Rnn,6,0,app2,24,11,7,6,0.629,1
rnn,Rnn,6,0,app2,24,9,9,3,0.6,2
rnn,Rnn,6,0,app2,24,15,3,1,0.882,3
rnn,Rnn,6,0,app2,24,15,3,2,0.857,4
rnn,Rnn,6,0,app2,24,12,6,1,0.774,5
rnn,Rnn,6,0,app2,24,14,4,2,0.824,6
rnn,Rnn,6,0,app2,24,10,8,2,0.667,7
rnn,Rnn,6,0,app2,24,14,4,2,0.824,8
rnn,Rnn,6,0,app2,24,10,8,2,0.667,9
rnn,Rnn,6,0,app2,72,12,6,2,0.75,0
rnn,Rnn,6,0,app2,72,11,7,6,0.629,1
rnn,Rnn,6,0,app2,72,9,9,3,0.6,2
rnn,Rnn,6,0,app2,72,15,3,1,0.882,3
rnn,Rnn,6,0,app2,72,15,3,2,0.857,4
rnn,Rnn,6,0,app2,72,12,6,1,0.774,5
rnn,Rnn,6,0,app2,72,14,4,2,0.824,6
rnn,Rnn,6,0,app2,72,11,7,1,0.733,7
rnn,Rnn,6,0,app2,72,14,4,2,0.824,8
rnn,Rnn,6,0,app2,72,10,8,2,0.667,9
rnn,Rnn,6,0,app3,1,11,7,6,0.629,0
rnn,Rnn,6,0,app3,1,10,8,9,0.541,1
rnn,Rnn,6,0,app3,1,8,10,7,0.485,2
rnn,Rnn,6,0,app3,1,14,4,5,0.757,3
rnn,Rnn,6,0,app3,1,14,4,7,0.718,4
rnn,Rnn,6,0,app3,1,12,6,6,0.667,5
rnn,Rnn,6,0,app3,1,13,5,8,0.667,6
rnn,Rnn,6,0,app3,1,9,9,7,0.529,7
rnn,Rnn,6,0,app3,1,12,6,8,0.632,8
rnn,Rnn,6,0,app3,1,9,9,8,0.514,9
rnn,Rnn,6,0,app3,3,12,6,4,0.706,0
rnn,Rnn,6,0,app3,3,11,7,8,0.595,1
rnn,Rnn,6,0,app3,3,9,9,5,0.562,2
rnn,Rnn,6,0,app3,3,15,3,3,0.833,3
rnn,Rnn,6,0,app3,3,15,3,5,0.789,4
rnn,Rnn,6,0,app3,3,12,6,5,0.686,5
rnn,Rnn,6,0,app3,3,13,5,7,0.684,6
rnn,Rnn,6,0,app3,3,10,8,5,0.606,7
rnn,Rnn,6,0,app3,3,14,4,3,0.8,8
rnn,Rnn,6,0,app3,3,9,9,6,0.545,9
rnn,Rnn,6,0,app3,6,12,6,4,0.706,0
rnn,Rnn,6,0,app3,6,11,7,8,0.595,1
rnn,Rnn,6,0,app3,6,9,9,4,0.581,2
rnn,Rnn,6,0,app3,6,15,3,2,0.857,3
rnn,Rnn,6,0,app3,6,15,3,5,0.789,4
rnn,Rnn,6,0,app3,6,11,7,5,0.647,5
rnn,Rnn,6,0,app3,6,13,5,6,0.703,6
rnn,Rnn,6,0,app3,6,10,8,5,0.606,7
rnn,Rnn,6,0,app3,6,14,4,3,0.8,8
rnn,Rnn,6,0,app3,6,9,9,6,0.545,9
rnn,Rnn,6,0,app3,9,12,6,4,0.706,0
rnn,Rnn,6,0,app3,9,11,7,8,0.595,1
rnn,Rnn,6,0,app3,9,9,9,4,0.581,2
rnn,Rnn,6,0,app3,9,15,3,2,0.857,3
rnn,Rnn,6,0,app3,9,15,3,5,0.789,4
rnn,Rnn,6,0,app3,9,12,6,2,0.75,5
rnn,Rnn,6,0,app3,9,14,4,4,0.778,6
rnn,Rnn,6,0,app3,9,10,8,5,0.606,7
rnn,Rnn,6,0,app3,9,14,4,3,0.8,8
rnn,Rnn,6,0,app3,9,9,9,6,0.545,9
rnn,Rnn,6,0,app3,12,12,6,4,0.706,0
rnn,Rnn,6,0,app3,12,10,8,9,0.541,1
rnn,Rnn,6,0,app3,12,9,9,4,0.581,2
rnn,Rnn,6,0,app3,12,15,3,2,0.857,3
rnn,Rnn,6,0,app3,12,15,3,4,0.811,4
rnn,Rnn,6,0,app3,12,12,6,2,0.75,5
rnn,Rnn,6,0,app3,12,14,4,4,0.778,6
rnn,Rnn,6,0,app3,12,10,8,5,0.606,7
rnn,Rnn,6,0,app3,12,13,5,4,0.743,8
rnn,Rnn,6,0,app3,12,9,9,6,0.545,9
rnn,Rnn,6,0,app3,24,12,6,3,0.727,0
rnn,Rnn,6,0,app3,24,11,7,6,0.629,1
rnn,Rnn,6,0,app3,24,9,9,3,0.6,2
rnn,Rnn,6,0,app3,24,15,3,1,0.882,3
rnn,Rnn,6,0,app3,24,15,3,3,0.833,4
rnn,Rnn,6,0,app3,24,12,6,2,0.75,5
rnn,Rnn,6,0,app3,24,14,4,3,0.8,6
rnn,Rnn,6,0,app3,24,10,8,3,0.645,7
rnn,Rnn,6,0,app3,24,14,4,2,0.824,8
rnn,Rnn,6,0,app3,24,9,9,4,0.581,9
rnn,Rnn,6,0,app3,72,12,6,3,0.727,0
rnn,Rnn,6,0,app3,72,11,7,6,0.629,1
rnn,Rnn,6,0,app3,72,9,9,3,0.6,2
rnn,Rnn,6,0,app3,72,15,3,1,0.882,3
rnn,Rnn,6,0,app3,72,15,3,3,0.833,4
rnn,Rnn,6,0,app3,72,12,6,2,0.75,5
rnn,Rnn,6,0,app3,72,14,4,3,0.8,6
rnn,Rnn,6,0,app3,72,11,7,2,0.71,7
rnn,Rnn,6,0,app3,72,14,4,2,0.824,8
rnn,Rnn,6,0,app3,72,10,8,2,0.667,9
rnn,Rnn,12,0,app0,1,3,15,4,0.24,0
rnn,Rnn,12,0,app0,1,2,16,2,0.182,1
rnn,Rnn,12,0,app0,1,2,16,5,0.16,2
rnn,Rnn,12,0,app0,1,1,17,7,0.077,3
rnn,Rnn,12,0,app0,1,3,15,8,0.207,4
rnn,Rnn,12,0,app0,1,3,15,2,0.261,5
rnn,Rnn,12,0,app0,1,2,16,6,0.154,6
rnn,Rnn,12,0,app0,1,2,16,14,0.118,7
rnn,Rnn,12,0,app0,1,2,16,5,0.16,8
rnn,Rnn,12,0,app0,1,3,15,2,0.261,9
rnn,Rnn,12,0,app0,3,3,15,4,0.24,0
rnn,Rnn,12,0,app0,3,3,15,1,0.273,1
rnn,Rnn,12,0,app0,3,3,15,4,0.24,2
rnn,Rnn,12,0,app0,3,3,15,5,0.231,3
rnn,Rnn,12,0,app0,3,2,16,9,0.138,4
rnn,Rnn,12,0,app0,3,3,15,2,0.261,5
rnn,Rnn,12,0,app0,3,2,16,5,0.16,6
rnn,Rnn,12,0,app0,3,3,15,11,0.188,7
rnn,Rnn,12,0,app0,3,3,15,4,0.24,8
rnn,Rnn,12,0,app0,3,3,15,2,0.261,9
rnn,Rnn,12,0,app0,6,3,15,4,0.24,0
rnn,Rnn,12,0,app0,6,3,15,1,0.273,1
rnn,Rnn,12,0,app0,6,4,14,3,0.32,2
rnn,Rnn,12,0,app0,6,3,15,4,0.24,3
rnn,Rnn,12,0,app0,6,3,15,5,0.231,4
rnn,Rnn,12,0,app0,6,3,15,2,0.261,5
rnn,Rnn,12,0,app0,6,2,16,5,0.16,6
rnn,Rnn,12,0,app0,6,4,14,7,0.276,7
rnn,Rnn,12,0,app0,6,3,15,4,0.24,8
rnn,Rnn,12,0,app0,6,3,15,2,0.261,9
rnn,Rnn,12,0,app0,9,3,15,4,0.24,0
rnn,Rnn,12,0,app0,9,3,15,1,0.273,1
rnn,Rnn,12,0,app0,9,4,14,3,0.32,2
rnn,Rnn,12,0,app0,9,3,15,3,0.25,3
rnn,Rnn,12,0,app0,9,3,15,5,0.231,4
rnn,Rnn,12,0,app0,9,3,15,2,0.261,5
rnn,Rnn,12,0,app0,9,2,16,5,0.16,6
rnn,Rnn,12,0,app0,9,4,14,7,0.276,7
rnn,Rnn,12,0,app0,9,3,15,4,0.24,8
rnn,Rnn,12,0,app0,9,3,15,2,0.261,9
rnn,Rnn,12,0,app0,12,3,15,4,0.24,0
rnn,Rnn,12,0,app0,12,3,15,1,0.273,1
rnn,Rnn,12,0,app0,12,4,14,2,0.333,2
rnn,Rnn,12,0,app0,12,3,15,2,0.261,3
rnn,Rnn,12,0,app0,12,2,16,6,0.154,4
rnn,Rnn,12,0,app0,12,3,15,2,0.261,5
rnn,Rnn,12,0,app0,12,2,16,4,0.167,6
rnn,Rnn,12,0,app0,12,5,13,5,0.357,7
rnn,Rnn,12,0,app0,12,3,15,3,0.25,8
rnn,Rnn,12,0,app0,12,2,16,3,0.174,9
rnn,Rnn,12,0,app0,24,3,15,3,0.25,0
rnn,Rnn,12,0,app0,24,3,15,1,0.273,1
rnn,Rnn,12,0,app0,24,4,14,2,0.333,2
rnn,Rnn,12,0,app0,24,3,15,2,0.261,3
rnn,Rnn,12,0,app0,24,3,15,3,0.25,4
rnn,Rnn,12,0,app0,24,3,15,2,0.261,5
rnn,Rnn,12,0,app0,24,2,16,4,0.167,6
rnn,Rnn,12,0,app0,24,5,13,4,0.37,7
rnn,Rnn,12,0,app0,24,3,15,2,0.261,8
rnn,Rnn,12,0,app0,24,3,15,1,0.273,9
rnn,Rnn,12,0,app0,72,3,15,3,0.25,0
rnn,Rnn,12,0,app0,72,3,15,1,0.273,1
rnn,Rnn,12,0,app0,72,4,14,2,0.333,2
rnn,Rnn,12,0,app0,72,3,15,1,0.273,3
rnn,Rnn,12,0,app0,72,3,15,3,0.25,4
rnn,Rnn,12,0,app0,72,3,15,2,0.261,5
rnn,Rnn,12,0,app0,72,2,16,4,0.167,6
rnn,Rnn,12,0,app0,72,6,12,2,0.462,7
rnn,Rnn,12,0,app0,72,3,15,2,0.261,8
rnn,Rnn,12,0,app0,72,3,15,1,0.273,9
rnn,Rnn,12,0,app1,1,3,15,4,0.24,0
rnn,Rnn,12,0,app1,1,2,16,2,0.182,1
rnn,Rnn,12,0,app1,1,2,16,5,0.16,2
rnn,Rnn,12,0,app1,1,1,17,7,0.077,3
rnn,Rnn,12,0,app1,1,3,15,8,0.207,4
rnn,Rnn,12,0,app1,1,3,15,2,0.261,5
rnn,Rnn,12,0,app1,1,2,16,6,0.154,6
rnn,Rnn,12,0,app1,1,2,16,14,0.118,7
rnn,Rnn,12,0,app1,1,2,16,5,0.16,8
rnn,Rnn,12,0,app1,1,3,15,2,0.261,9
rnn,Rnn,12,0,app1,3,3,15,2,0.261,0
rnn,Rnn,12,0,app1,3,3,15,1,0.273,1
rnn,Rnn,12,0,app1,3,3,15,3,0.25,2
rnn,Rnn,12,0,app1,3,3,15,4,0.24,3
rnn,Rnn,12,0,app1,3,3,15,2,0.261,4
rnn,Rnn,12,0,app1,3,3,15,2,0.261,5
rnn,Rnn,12,0,app1,3,2,16,4,0.167,6
rnn,Rnn,12,0,app1,3,4,14,6,0.286,7
rnn,Rnn,12,0,app1,3,3,15,1,0.273,8
rnn,Rnn,12,0,app1,3,3,15,1,0.273,9
rnn,Rnn,12,0,app1,6,3,15,2,0.261,0
rnn,Rnn,12,0,app1,6,3,15,1,0.273,1
rnn,Rnn,12,0,app1,6,4,14,2,0.333,2
rnn,Rnn,12,0,app1,6,3,15,3,0.25,3
rnn,Rnn,12,0,app1,6,3,15,2,0.261,4
rnn,Rnn,12,0,app1,6,3,15,1,0.273,5
rnn,Rnn,12,0,app1,6,2,16,4,0.167,6
rnn,Rnn,12,0,app1,6,4,14,6,0.286,7
rnn,Rnn,12,0,app1,6,3,15,1,0.273,8
rnn,Rnn,12,0,app1,6,3,15,1,0.273,9
rnn,Rnn,12,0,app1,9,3,15,2,0.261,0
rnn,Rnn,12,0,app1,9,3,15,1,0.273,1
rnn,Rnn,12,0,app1,9,4,14,2,0.333,2
rnn,Rnn,12,0,app1,9,3,15,1,0.273,3
rnn,Rnn,12,0,app1,9,3,15,2,0.261,4
rnn,Rnn,12,0,app1,9,3,15,1,0.273,5
rnn,Rnn,12,0,app1,9,2,16,4,0.167,6
rnn,Rnn,12,0,app1,9,5,13,4,0.37,7
rnn,Rnn,12,0,app1,9,3,15,1,0.273,8
rnn,Rnn,12,0,app1,9,3,15,1,0.273,9
rnn,Rnn,12,0,app1,12,3,15,2,0.261,0
rnn,Rnn,12,0,app1,12,3,15,1,0.273,1
rnn,Rnn,12,0,app1,12,4,14,2,0.333,2
rnn,Rnn,12,0,app1,12,3,15,0,0.286,3
rnn,Rnn,12,0,app1,12,3,15,2,0.261,4
rnn,Rnn,12,0,app1,12,3,15,1,0.273,5
rnn,Rnn,12,0,app1,12,2,16,4,0.167,6
rnn,Rnn,12,0,app1,12,5,13,4,0.37,7
rnn,Rnn,12,0,app1,12,3,15,1,0.273,8
rnn,Rnn,12,0,app1,12,3,15,1,0.273,9
rnn,Rnn,12,0,app1,24,3,15,2,0.261,0
rnn,Rnn,12,0,app1,24,3,15,1,0.273,1
rnn,Rnn,12,0,app1,24,4,14,2,0.333,2
rnn,Rnn,12,0,app1,24,3,15,0,0.286,3
rnn,Rnn,12,0,app1,24,3,15,2,0.261,4
rnn,Rnn,12,0,app1,24,3,15,1,0.273,5
rnn,Rnn,12,0,app1,24,2,16,3,0.174,6
rnn,Rnn,12,0,app1,24,5,13,3,0.385,7
rnn,Rnn,12,0,app1,24,3,15,1,0.273,8
rnn,Rnn,12,0,app1,24,3,15,1,0.273,9
rnn,Rnn,12,0,app1,72,3,15,2,0.261,0
rnn,Rnn,12,0,app1,72,3,15,1,0.273,1
rnn,Rnn,12,0,app1,72,4,14,2,0.333,2
rnn,Rnn,12,0,app1,72,3,15,0,0.286,3
rnn,Rnn,12,0,app1,72,3,15,2,0.261,4
rnn,Rnn,12,0,app1,72,3,15,1,0.273,5
rnn,Rnn,12,0,app1,72,2,16,3,0.174,6
rnn,Rnn,12,0,app1,72,6,12,2,0.462,7
rnn,Rnn,12,0,app1,72,3,15,1,0.273,8
rnn,Rnn,12,0,app1,72,3,15,1,0.273,9
rnn,Rnn,12,0,app2,1,13,5,3,0.765,0
rnn,Rnn,12,0,app2,1,11,7,4,0.667,1
rnn,Rnn,12,0,app2,1,10,8,7,0.571,2
rnn,Rnn,12,0,app2,1,12,6,6,0.667,3
rnn,Rnn,12,0,app2,1,12,6,8,0.632,4
rnn,Rnn,12,0,app2,1,11,7,3,0.688,5
rnn,Rnn,12,0,app2,1,11,7,6,0.629,6
rnn,Rnn,12,0,app2,1,12,6,7,0.649,7
rnn,Rnn,12,0,app2,1,14,4,5,0.757,8
rnn,Rnn,12,0,app2,1,12,6,3,0.727,9
rnn,Rnn,12,0,app2,3,13,5,1,0.812,0
rnn,Rnn,12,0,app2,3,12,6,2,0.75,1
rnn,Rnn,12,0,app2,3,11,7,4,0.667,2
rnn,Rnn,12,0,app2,3,12,6,5,0.686,3
rnn,Rnn,12,0,app2,3,12,6,4,0.706,4
rnn,Rnn,12,0,app2,3,11,7,3,0.688,5
rnn,Rnn,12,0,app2,3,11,7,5,0.647,6
rnn,Rnn,12,0,app2,3,12,6,4,0.706,7
rnn,Rnn,12,0,app2,3,14,4,1,0.848,8
rnn,Rnn,12,0,app2,3,12,6,2,0.75,9
rnn,Rnn,12,0,app2,6,13,5,1,0.812,0
rnn,Rnn,12,0,app2,6,12,6,2,0.75,1
rnn,Rnn,12,0,app2,6,11,7,3,0.688,2
rnn,Rnn,12,0,app2,6,12,6,4,0.706,3
rnn,Rnn,12,0,app2,6,12,6,4,0.706,4
rnn,Rnn,12,0,app2,6,11,7,2,0.71,5
rnn,Rnn,12,0,app2,6,11,7,5,0.647,6
rnn,Rnn,12,0,app2,6,12,6,4,0.706,7
rnn,Rnn,12,0,app2,6,14,4,1,0.848,8
rnn,Rnn,12,0,app2,6,12,6,2,0.75,9
rnn,Rnn,12,0,app2,9,13,5,1,0.812,0
rnn,Rnn,12,0,app2,9,12,6,2,0.75,1
rnn,Rnn,12,0,app2,9,11,7,3,0.688,2
rnn,Rnn,12,0,app2,9,12,6,3,0.727,3
rnn,Rnn,12,0,app2,9,12,6,4,0.706,4
rnn,Rnn,12,0,app2,9,11,7,2,0.71,5
rnn,Rnn,12,0,app2,9,11,7,5,0.647,6
rnn,Rnn,12,0,app2,9,13,5,3,0.765,7
rnn,Rnn,12,0,app2,9,14,4,1,0.848,8
rnn,Rnn,12,0,app2,9,12,6,2,0.75,9
rnn,Rnn,12,0,app2,12,13,5,1,0.812,0
rnn,Rnn,12,0,app2,12,12,6,2,0.75,1
rnn,Rnn,12,0,app2,12,11,7,3,0.688,2
rnn,Rnn,12,0,app2,12,12,6,2,0.75,3
rnn,Rnn,12,0,app2,12,12,6,4,0.706,4
rnn,Rnn,12,0,app2,12,11,7,2,0.71,5
rnn,Rnn,12,0,app2,12,11,7,5,0.647,6
rnn,Rnn,12,0,app2,12,13,5,3,0.765,7
rnn,Rnn,12,0,app2,12,14,4,1,0.848,8
rnn,Rnn,12,0,app2,12,12,6,2,0.75,9
rnn,Rnn,12,0,app2,24,13,5,1,0.812,0
rnn,Rnn,12,0,app2,24,12,6,2,0.75,1
rnn,Rnn,12,0,app2,24,11,7,3,0.688,2
rnn,Rnn,12,0,app2,24,12,6,2,0.75,3
rnn,Rnn,12,0,app2,24,12,6,4,0.706,4
rnn,Rnn,12,0,app2,24,11,7,2,0.71,5
rnn,Rnn,12,0,app2,24,11,7,4,0.667,6
rnn,Rnn,12,0,app2,24,13,5,2,0.788,7
rnn,Rnn,12,0,app2,24,14,4,1,0.848,8
rnn,Rnn,12,0,app2,24,12,6,2,0.75,9
rnn,Rnn,12,0,app2,72,13,5,1,0.812,0
rnn,Rnn,12,0,app2,72,12,6,2,0.75,1
rnn,Rnn,12,0,app2,72,11,7,3,0.688,2
rnn,Rnn,12,0,app2,72,12,6,2,0.75,3
rnn,Rnn,12,0,app2,72,12,6,4,0.706,4
rnn,Rnn,12,0,app2,72,11,7,2,0.71,5
rnn,Rnn,12,0,app2,72,11,7,4,0.667,6
rnn,Rnn,12,0,app2,72,14,4,0,0.875,7
rnn,Rnn,12,0,app2,72,14,4,1,0.848,8
rnn,Rnn,12,0,app2,72,12,6,2,0.75,9
rnn,Rnn,12,0,app3,1,13,5,3,0.765,0
rnn,Rnn,12,0,app3,1,11,7,4,0.667,1
rnn,Rnn,12,0,app3,1,10,8,7,0.571,2
rnn,Rnn,12,0,app3,1,12,6,6,0.667,3
rnn,Rnn,12,0,app3,1,12,6,8,0.632,4
rnn,Rnn,12,0,app3,1,11,7,3,0.688,5
rnn,Rnn,12,0,app3,1,11,7,6,0.629,6
rnn,Rnn,12,0,app3,1,12,6,7,0.649,7
rnn,Rnn,12,0,app3,1,14,4,5,0.757,8
rnn,Rnn,12,0,app3,1,12,6,3,0.727,9
rnn,Rnn,12,0,app3,3,13,5,3,0.765,0
rnn,Rnn,12,0,app3,3,12,6,2,0.75,1
rnn,Rnn,12,0,app3,3,11,7,5,0.647,2
rnn,Rnn,12,0,app3,3,12,6,6,0.667,3
rnn,Rnn,12,0,app3,3,11,7,9,0.579,4
rnn,Rnn,12,0,app3,3,11,7,3,0.688,5
rnn,Rnn,12,0,app3,3,11,7,6,0.629,6
rnn,Rnn,12,0,app3,3,12,6,6,0.667,7
rnn,Rnn,12,0,app3,3,14,4,4,0.778,8
rnn,Rnn,12,0,app3,3,12,6,3,0.727,9
rnn,Rnn,12,0,app3,6,13,5,3,0.765,0
rnn,Rnn,12,0,app3,6,12,6,2,0.75,1
rnn,Rnn,12,0,app3,6,11,7,4,0.667,2
rnn,Rnn,12,0,app3,6,12,6,5,0.686,3
rnn,Rnn,12,0,app3,6,12,6,7,0.649,4
rnn,Rnn,12,0,app3,6,11,7,3,0.688,5
rnn,Rnn,12,0,app3,6,11,7,6,0.629,6
rnn,Rnn,12,0,app3,6,13,5,4,0.743,7
rnn,Rnn,12,0,app3,6,14,4,3,0.8,8
rnn,Rnn,12,0,app3,6,12,6,3,0.727,9
rnn,Rnn,12,0,app3,9,13,5,3,0.765,0
rnn,Rnn,12,0,app3,9,12,6,2,0.75,1
rnn,Rnn,12,0,app3,9,11,7,4,0.667,2
rnn,Rnn,12,0,app3,9,12,6,4,0.706,3
rnn,Rnn,12,0,app3,9,12,6,7,0.649,4
rnn,Rnn,12,0,app3,9,11,7,3,0.688,5
rnn,Rnn,12,0,app3,9,11,7,6,0.629,6
rnn,Rnn,12,0,app3,9,12,6,4,0.706,7
rnn,Rnn,12,0,app3,9,14,4,3,0.8,8
rnn,Rnn,12,0,app3,9,12,6,3,0.727,9
rnn,Rnn,12,0,app3,12,13,5,3,0.765,0
rnn,Rnn,12,0,app3,12,12,6,2,0.75,1
rnn,Rnn,12,0,app3,12,11,7,3,0.688,2
rnn,Rnn,12,0,app3,12,12,6,4,0.706,3
rnn,Rnn,12,0,app3,12,11,7,8,0.595,4
rnn,Rnn,12,0,app3,12,11,7,3,0.688,5
rnn,Rnn,12,0,app3,12,11,7,5,0.647,6
rnn,Rnn,12,0,app3,12,12,6,4,0.706,7
rnn,Rnn,12,0,app3,12,14,4,2,0.824,8
rnn,Rnn,12,0,app3,12,11,7,4,0.667,9
rnn,Rnn,12,0,app3,24,13,5,2,0.788,0
rnn,Rnn,12,0,app3,24,12,6,2,0.75,1
rnn,Rnn,12,0,app3,24,11,7,3,0.688,2
rnn,Rnn,12,0,app3,24,12,6,3,0.727,3
rnn,Rnn,12,0,app3,24,12,6,5,0.686,4
rnn,Rnn,12,0,app3,24,11,7,3,0.688,5
rnn,Rnn,12,0,app3,24,11,7,5,0.647,6
rnn,Rnn,12,0,app3,24,13,5,3,0.765,7
rnn,Rnn,12,0,app3,24,14,4,2,0.824,8
rnn,Rnn,12,0,app3,24,12,6,2,0.75,9
rnn,Rnn,12,0,app3,72,13,5,2,0.788,0
rnn,Rnn,12,0,app3,72,12,6,2,0.75,1
rnn,Rnn,12,0,app3,72,11,7,3,0.688,2
rnn,Rnn,12,0,app3,72,12,6,3,0.727,3
rnn,Rnn,12,0,app3,72,12,6,5,0.686,4
rnn,Rnn,12,0,app3,72,11,7,3,0.688,5
rnn,Rnn,12,0,app3,72,11,7,5,0.647,6
rnn,Rnn,12,0,app3,72,14,4,0,0.875,7
rnn,Rnn,12,0,app3,72,14,4,2,0.824,8
rnn,Rnn,12,0,app3,72,12,6,2,0.75,9
posner,Posner,6,0,app0,1,12,6,13,0.558,0
posner,Posner,6,0,app0,3,12,6,12,0.571,0
posner,Posner,6,0,app0,6,12,6,10,0.6,0
posner,Posner,6,0,app0,9,12,6,10,0.6,0
posner,Posner,6,0,app0,12,12,6,10,0.6,0
posner,Posner,6,0,app0,24,12,6,6,0.667,0
posner,Posner,6,0,app0,72,12,6,5,0.686,0
posner,Posner,6,0,app1,1,12,6,13,0.558,0
posner,Posner,6,0,app1,3,12,6,8,0.632,0
posner,Posner,6,0,app1,6,12,6,7,0.649,0
posner,Posner,6,0,app1,9,12,6,7,0.649,0
posner,Posner,6,0,app1,12,12,6,7,0.649,0
posner,Posner,6,0,app1,24,12,6,5,0.686,0
posner,Posner,6,0,app1,72,12,6,4,0.706,0
posner,Posner,6,0,app2,1,13,5,13,0.591,0
posner,Posner,6,0,app2,3,13,5,11,0.619,0
posner,Posner,6,0,app2,6,13,5,10,0.634,0
posner,Posner,6,0,app2,9,13,5,10,0.634,0
posner,Posner,6,0,app2,12,13,5,10,0.634,0
posner,Posner,6,0,app2,24,13,5,8,0.667,0
posner,Posner,6,0,app2,72,13,5,7,0.684,0
posner,Posner,6,0,app3,1,13,5,13,0.591,0
posner,Posner,6,0,app3,3,13,5,13,0.591,0
posner,Posner,6,0,app3,6,13,5,13,0.591,0
posner,Posner,6,0,app3,9,13,5,10,0.634,0
posner,Posner,6,0,app3,12,13,5,10,0.634,0
posner,Posner,6,0,app3,24,13,5,8,0.667,0
posner,Posner,6,0,app3,72,13,5,8,0.667,0
posner,Posner,12,0,app0,1,5,13,9,0.312,0
posner,Posner,12,0,app0,3,5,13,7,0.333,0
posner,Posner,12,0,app0,6,5,13,7,0.333,0
posner,Posner,12,0,app0,9,5,13,7,0.333,0
posner,Posner,12,0,app0,12,5,13,7,0.333,0
posner,Posner,12,0,app0,24,5,13,5,0.357,0
posner,Posner,12,0,app0,72,5,13,5,0.357,0
posner,Posner,12,0,app1,1,5,13,9,0.312,0
posner,Posner,12,0,app1,3,5,13,7,0.333,0
posner,Posner,12,0,app1,6,5,13,7,0.333,0
posner,Posner,12,0,app1,9,5,13,7,0.333,0
posner,Posner,12,0,app1,12,5,13,7,0.333,0
posner,Posner,12,0,app1,24,5,13,5,0.357,0
posner,Posner,12,0,app1,72,5,13,4,0.37,0
posner,Posner,12,0,app2,1,13,5,8,0.667,0
posner,Posner,12,0,app2,3,13,5,7,0.684,0
posner,Posner,12,0,app2,6,13,5,7,0.684,0
posner,Posner,12,0,app2,9,13,5,5,0.722,0
posner,Posner,12,0,app2,12,13,5,5,0.722,0
posner,Posner,12,0,app2,24,13,5,5,0.722,0
posner,Posner,12,0,app2,72,13,5,4,0.743,0
posner,Posner,12,0,app3,1,13,5,8,0.667,0
posner,Posner,12,0,app3,3,13,5,7,0.684,0
posner,Posner,12,0,app3,6,13,5,7,0.684,0
posner,Posner,12,0,app3,9,13,5,6,0.703,0
posner,Posner,12,0,app3,12,13,5,5,0.722,0
posner,Posner,12,0,app3,24,13,5,5,0.722,0
posner,Posner,12,0,app3,72,13,5,5,0.722,0
persistence,Persistence,6,0,app0,1,0,18,1,0.0,0
persistence,Persistence,6,0,app0,3,0,18,0,0.0,0
persistence,Persistence,6,0,app0,6,0,18,0,0.0,0
persistence,Persistence,6,0,app0,9,0,18,0,0.0,0
persistence,Persistence,6,0,app0,12,0,18,0,0.0,0
persistence,Persistence,6,0,app0,24,0,18,0,0.0,0
persistence,Persistence,6,0,app0,72,0,18,0,0.0,0
persistence,Persistence,6,0,app1,1,0,18,1,0.0,0
persistence,Persistence,6,0,app1,3,0,18,0,0.0,0
persistence,Persistence,6,0,app1,6,0,18,0,0.0,0
persistence,Persistence,6,0,app1,9,0,18,0,0.0,0
persistence,Persistence,6,0,app1,12,0,18,0,0.0,0
persistence,Persistence,6,0,app1,24,0,18,0,0.0,0
persistence,Persistence,6,0,app1,72,0,18,0,0.0,0
persistence,Persistence,6,0,app2,1,0,18,18,0.0,0
persistence,Persistence,6,0,app2,3,0,18,18,0.0,0
persistence,Persistence,6,0,app2,6,0,18,18,0.0,0
persistence,Persistence,6,0,app2,9,0,18,18,0.0,0
persistence,Persistence,6,0,app2,12,0,18,18,0.0,0
persistence,Persistence,6,0,app2,24,0,18,18,0.0,0
persistence,Persistence,6,0,app2,72,0,18,18,0.0,0
persistence,Persistence,6,0,app3,1,0,18,18,0.0,0
persistence,Persistence,6,0,app3,3,0,18,18,0.0,0
persistence,Persistence,6,0,app3,6,0,18,18,0.0,0
persistence,Persistence,6,0,app3,9,0,18,18,0.0,0
persistence,Persistence,6,0,app3,12,0,18,18,0.0,0
persistence,Persistence,6,0,app3,24,0,18,18,0.0,0
persistence,Persistence,6,0,app3,72,0,18,18,0.0,0
persistence,Persistence,12,0,app0,1,0,18,1,0.0,0
persistence,Persistence,12,0,app0,3,0,18,1,0.0,0
persistence,Persistence,12,0,app0,6,0,18,1,0.0,0
persistence,Persistence,12,0,app0,9,0,18,1,0.0,0
persistence,Persistence,12,0,app0,12,0,18,1,0.0,0
persistence,Persistence,12,0,app0,24,0,18,1,0.0,0
persistence,Persistence,12,0,app0,72,0,18,1,0.0,0
persistence,Persistence,12,0,app1,1,0,18,1,0.0,0
persistence,Persistence,12,0,app1,3,0,18,1,0.0,0
persistence,Persistence,12,0,app1,6,0,18,1,0.0,0
persistence,Persistence,12,0,app1,9,0,18,1,0.0,0
persistence,Persistence,12,0,app1,12,0,18,1,0.0,0
persistence,Persistence,12,0,app1,24,0,18,1,0.0,0
persistence,Persistence,12,0,app1,72,0,18,1,0.0,0
persistence,Persistence,12,0,app2,1,0,18,18,0.0,0
persistence,Persistence,12,0,app2,3,0,18,18,0.0,0
persistence,Persistence,12,0,app2,6,0,18,18,0.0,0
persistence,Persistence,12,0,app2,9,0,18,18,0.0,0
persistence,Persistence,12,0,app2,12,0,18,18,0.0,0
persistence,Persistence,12,0,app2,24,0,18,18,0.0,0
persistence,Persistence,12,0,app2,72,0,18,18,0.0,0
persistence,Persistence,12,0,app3,1,0,18,18,0.0,0
persistence,Persistence,12,0,app3,3,0,18,18,0.0,0
persistence,Persistence,12,0,app3,6,0,18,18,0.0,0
persistence,Persistence,12,0,app3,9,0,18,18,0.0,0
persistence,Persistence,12,0,app3,12,0,18,18,0.0,0
persistence,Persistence,12,0,app3,24,0,18,18,0.0,0
persistence,Persistence,12,0,app3,72,0,18,18,0.0,0
autogluon_naive,Naive,6,0,app0,1,0,18,1,0.0,0
autogluon_naive,Naive,6,0,app0,1,0,18,1,0.0,1
autogluon_naive,Naive,6,0,app0,1,0,18,1,0.0,2
autogluon_naive,Naive,6,0,app0,1,0,18,1,0.0,3
autogluon_naive,Naive,6,0,app0,1,0,18,1,0.0,4
autogluon_naive,Naive,6,0,app0,1,0,18,1,0.0,5
autogluon_naive,Naive,6,0,app0,1,0,18,1,0.0,6
autogluon_naive,Naive,6,0,app0,1,0,18,1,0.0,7
autogluon_naive,Naive,6,0,app0,1,0,18,1,0.0,8
autogluon_naive,Naive,6,0,app0,1,0,18,1,0.0,9
autogluon_naive,Naive,6,0,app0,3,0,18,0,0.0,0
autogluon_naive,Naive,6,0,app0,3,0,18,0,0.0,1
autogluon_naive,Naive,6,0,app0,3,0,18,0,0.0,2
autogluon_naive,Naive,6,0,app0,3,0,18,0,0.0,3
autogluon_naive,Naive,6,0,app0,3,0,18,0,0.0,4
autogluon_naive,Naive,6,0,app0,3,0,18,0,0.0,5
autogluon_naive,Naive,6,0,app0,3,0,18,0,0.0,6
autogluon_naive,Naive,6,0,app0,3,0,18,0,0.0,7
autogluon_naive,Naive,6,0,app0,3,0,18,0,0.0,8
autogluon_naive,Naive,6,0,app0,3,0,18,0,0.0,9
autogluon_naive,Naive,6,0,app0,6,0,18,0,0.0,0
autogluon_naive,Naive,6,0,app0,6,0,18,0,0.0,1
autogluon_naive,Naive,6,0,app0,6,0,18,0,0.0,2
autogluon_naive,Naive,6,0,app0,6,0,18,0,0.0,3
autogluon_naive,Naive,6,0,app0,6,0,18,0,0.0,4
autogluon_naive,Naive,6,0,app0,6,0,18,0,0.0,5
autogluon_naive,Naive,6,0,app0,6,0,18,0,0.0,6
autogluon_naive,Naive,6,0,app0,6,0,18,0,0.0,7
autogluon_naive,Naive,6,0,app0,6,0,18,0,0.0,8
autogluon_naive,Naive,6,0,app0,6,0,18,0,0.0,9
autogluon_naive,Naive,6,0,app0,9,0,18,0,0.0,0
autogluon_naive,Naive,6,0,app0,9,0,18,0,0.0,1
autogluon_naive,Naive,6,0,app0,9,0,18,0,0.0,2
autogluon_naive,Naive,6,0,app0,9,0,18,0,0.0,3
autogluon_naive,Naive,6,0,app0,9,0,18,0,0.0,4
autogluon_naive,Naive,6,0,app0,9,0,18,0,0.0,5
autogluon_naive,Naive,6,0,app0,9,0,18,0,0.0,6
autogluon_naive,Naive,6,0,app0,9,0,18,0,0.0,7
autogluon_naive,Naive,6,0,app0,9,0,18,0,0.0,8
autogluon_naive,Naive,6,0,app0,9,0,18,0,0.0,9
autogluon_naive,Naive,6,0,app0,12,0,18,0,0.0,0
autogluon_naive,Naive,6,0,app0,12,0,18,0,0.0,1
autogluon_naive,Naive,6,0,app0,12,0,18,0,0.0,2
autogluon_naive,Naive,6,0,app0,12,0,18,0,0.0,3
autogluon_naive,Naive,6,0,app0,12,0,18,0,0.0,4
autogluon_naive,Naive,6,0,app0,12,0,18,0,0.0,5
autogluon_naive,Naive,6,0,app0,12,0,18,0,0.0,6
autogluon_naive,Naive,6,0,app0,12,0,18,0,0.0,7
autogluon_naive,Naive,6,0,app0,12,0,18,0,0.0,8
autogluon_naive,Naive,6,0,app0,12,0,18,0,0.0,9
autogluon_naive,Naive,6,0,app0,24,0,18,0,0.0,0
autogluon_naive,Naive,6,0,app0,24,0,18,0,0.0,1
autogluon_naive,Naive,6,0,app0,24,0,18,0,0.0,2
autogluon_naive,Naive,6,0,app0,24,0,18,0,0.0,3
autogluon_naive,Naive,6,0,app0,24,0,18,0,0.0,4
autogluon_naive,Naive,6,0,app0,24,0,18,0,0.0,5
autogluon_naive,Naive,6,0,app0,24,0,18,0,0.0,6
autogluon_naive,Naive,6,0,app0,24,0,18,0,0.0,7
autogluon_naive,Naive,6,0,app0,24,0,18,0,0.0,8
autogluon_naive,Naive,6,0,app0,24,0,18,0,0.0,9
autogluon_naive,Naive,6,0,app0,72,0,18,0,0.0,0
autogluon_naive,Naive,6,0,app0,72,0,18,0,0.0,1
autogluon_naive,Naive,6,0,app0,72,0,18,0,0.0,2
autogluon_naive,Naive,6,0,app0,72,0,18,0,0.0,3
autogluon_naive,Naive,6,0,app0,72,0,18,0,0.0,4
autogluon_naive,Naive,6,0,app0,72,0,18,0,0.0,5
autogluon_naive,Naive,6,0,app0,72,0,18,0,0.0,6
autogluon_naive,Naive,6,0,app0,72,0,18,0,0.0,7
autogluon_naive,Naive,6,0,app0,72,0,18,0,0.0,8
autogluon_naive,Naive,6,0,app0,72,0,18,0,0.0,9
autogluon_naive,Naive,6,0,app1,1,0,18,1,0.0,0
autogluon_naive,Naive,6,0,app1,1,0,18,1,0.0,1
autogluon_naive,Naive,6,0,app1,1,0,18,1,0.0,2
autogluon_naive,Naive,6,0,app1,1,0,18,1,0.0,3
autogluon_naive,Naive,6,0,app1,1,0,18,1,0.0,4
autogluon_naive,Naive,6,0,app1,1,0,18,1,0.0,5
autogluon_naive,Naive,6,0,app1,1,0,18,1,0.0,6
autogluon_naive,Naive,6,0,app1,1,0,18,1,0.0,7
autogluon_naive,Naive,6,0,app1,1,0,18,1,0.0,8
autogluon_naive,Naive,6,0,app1,1,0,18,1,0.0,9
autogluon_naive,Naive,6,0,app1,3,0,18,0,0.0,0
autogluon_naive,Naive,6,0,app1,3,0,18,0,0.0,1
autogluon_naive,Naive,6,0,app1,3,0,18,0,0.0,2
autogluon_naive,Naive,6,0,app1,3,0,18,0,0.0,3
autogluon_naive,Naive,6,0,app1,3,0,18,0,0.0,4
autogluon_naive,Naive,6,0,app1,3,0,18,0,0.0,5
autogluon_naive,Naive,6,0,app1,3,0,18,0,0.0,6
autogluon_naive,Naive,6,0,app1,3,0,18,0,0.0,7
autogluon_naive,Naive,6,0,app1,3,0,18,0,0.0,8
autogluon_naive,Naive,6,0,app1,3,0,18,0,0.0,9
autogluon_naive,Naive,6,0,app1,6,0,18,0,0.0,0
autogluon_naive,Naive,6,0,app1,6,0,18,0,0.0,1
autogluon_naive,Naive,6,0,app1,6,0,18,0,0.0,2
autogluon_naive,Naive,6,0,app1,6,0,18,0,0.0,3
autogluon_naive,Naive,6,0,app1,6,0,18,0,0.0,4
autogluon_naive,Naive,6,0,app1,6,0,18,0,0.0,5
autogluon_naive,Naive,6,0,app1,6,0,18,0,0.0,6
autogluon_naive,Naive,6,0,app1,6,0,18,0,0.0,7
autogluon_naive,Naive,6,0,app1,6,0,18,0,0.0,8
autogluon_naive,Naive,6,0,app1,6,0,18,0,0.0,9
autogluon_naive,Naive,6,0,app1,9,0,18,0,0.0,0
autogluon_naive,Naive,6,0,app1,9,0,18,0,0.0,1
autogluon_naive,Naive,6,0,app1,9,0,18,0,0.0,2
autogluon_naive,Naive,6,0,app1,9,0,18,0,0.0,3
autogluon_naive,Naive,6,0,app1,9,0,18,0,0.0,4
autogluon_naive,Naive,6,0,app1,9,0,18,0,0.0,5
autogluon_naive,Naive,6,0,app1,9,0,18,0,0.0,6
autogluon_naive,Naive,6,0,app1,9,0,18,0,0.0,7
autogluon_naive,Naive,6,0,app1,9,0,18,0,0.0,8
autogluon_naive,Naive,6,0,app1,9,0,18,0,0.0,9
autogluon_naive,Naive,6,0,app1,12,0,18,0,0.0,0
autogluon_naive,Naive,6,0,app1,12,0,18,0,0.0,1
autogluon_naive,Naive,6,0,app1,12,0,18,0,0.0,2
autogluon_naive,Naive,6,0,app1,12,0,18,0,0.0,3
autogluon_naive,Naive,6,0,app1,12,0,18,0,0.0,4
autogluon_naive,Naive,6,0,app1,12,0,18,0,0.0,5
autogluon_naive,Naive,6,0,app1,12,0,18,0,0.0,6
autogluon_naive,Naive,6,0,app1,12,0,18,0,0.0,7
autogluon_naive,Naive,6,0,app1,12,0,18,0,0.0,8
autogluon_naive,Naive,6,0,app1,12,0,18,0,0.0,9
autogluon_naive,Naive,6,0,app1,24,0,18,0,0.0,0
autogluon_naive,Naive,6,0,app1,24,0,18,0,0.0,1
autogluon_naive,Naive,6,0,app1,24,0,18,0,0.0,2
autogluon_naive,Naive,6,0,app1,24,0,18,0,0.0,3
autogluon_naive,Naive,6,0,app1,24,0,18,0,0.0,4
autogluon_naive,Naive,6,0,app1,24,0,18,0,0.0,5
autogluon_naive,Naive,6,0,app1,24,0,18,0,0.0,6
autogluon_naive,Naive,6,0,app1,24,0,18,0,0.0,7
autogluon_naive,Naive,6,0,app1,24,0,18,0,0.0,8
autogluon_naive,Naive,6,0,app1,24,0,18,0,0.0,9
autogluon_naive,Naive,6,0,app1,72,0,18,0,0.0,0
autogluon_naive,Naive,6,0,app1,72,0,18,0,0.0,1
autogluon_naive,Naive,6,0,app1,72,0,18,0,0.0,2
autogluon_naive,Naive,6,0,app1,72,0,18,0,0.0,3
autogluon_naive,Naive,6,0,app1,72,0,18,0,0.0,4
autogluon_naive,Naive,6,0,app1,72,0,18,0,0.0,5
autogluon_naive,Naive,6,0,app1,72,0,18,0,0.0,6
autogluon_naive,Naive,6,0,app1,72,0,18,0,0.0,7
autogluon_naive,Naive,6,0,app1,72,0,18,0,0.0,8
autogluon_naive,Naive,6,0,app1,72,0,18,0,0.0,9
autogluon_naive,Naive,6,0,app2,1,0,18,18,0.0,0
autogluon_naive,Naive,6,0,app2,1,0,18,18,0.0,1
autogluon_naive,Naive,6,0,app2,1,0,18,18,0.0,2
autogluon_naive,Naive,6,0,app2,1,0,18,18,0.0,3
autogluon_naive,Naive,6,0,app2,1,0,18,18,0.0,4
autogluon_naive,Naive,6,0,app2,1,0,18,18,0.0,5
autogluon_naive,Naive,6,0,app2,1,0,18,18,0.0,6
autogluon_naive,Naive,6,0,app2,1,0,18,18,0.0,7
autogluon_naive,Naive,6,0,app2,1,0,18,18,0.0,8
autogluon_naive,Naive,6,0,app2,1,0,18,18,0.0,9
autogluon_naive,Naive,6,0,app2,3,0,18,18,0.0,0
autogluon_naive,Naive,6,0,app2,3,0,18,18,0.0,1
autogluon_naive,Naive,6,0,app2,3,0,18,18,0.0,2
autogluon_naive,Naive,6,0,app2,3,0,18,18,0.0,3
autogluon_naive,Naive,6,0,app2,3,0,18,18,0.0,4
autogluon_naive,Naive,6,0,app2,3,0,18,18,0.0,5
autogluon_naive,Naive,6,0,app2,3,0,18,18,0.0,6
autogluon_naive,Naive,6,0,app2,3,0,18,18,0.0,7
autogluon_naive,Naive,6,0,app2,3,0,18,18,0.0,8
autogluon_naive,Naive,6,0,app2,3,0,18,18,0.0,9
autogluon_naive,Naive,6,0,app2,6,0,18,18,0.0,0
autogluon_naive,Naive,6,0,app2,6,0,18,18,0.0,1
autogluon_naive,Naive,6,0,app2,6,0,18,18,0.0,2
autogluon_naive,Naive,6,0,app2,6,0,18,18,0.0,3
autogluon_naive,Naive,6,0,app2,6,0,18,18,0.0,4
autogluon_naive,Naive,6,0,app2,6,0,18,18,0.0,5
autogluon_naive,Naive,6,0,app2,6,0,18,18,0.0,6
autogluon_naive,Naive,6,0,app2,6,0,18,18,0.0,7
autogluon_naive,Naive,6,0,app2,6,0,18,18,0.0,8
autogluon_naive,Naive,6,0,app2,6,0,18,18,0.0,9
autogluon_naive,Naive,6,0,app2,9,0,18,18,0.0,0
autogluon_naive,Naive,6,0,app2,9,0,18,18,0.0,1
autogluon_naive,Naive,6,0,app2,9,0,18,18,0.0,2
autogluon_naive,Naive,6,0,app2,9,0,18,18,0.0,3
autogluon_naive,Naive,6,0,app2,9,0,18,18,0.0,4
autogluon_naive,Naive,6,0,app2,9,0,18,18,0.0,5
autogluon_naive,Naive,6,0,app2,9,0,18,18,0.0,6
autogluon_naive,Naive,6,0,app2,9,0,18,18,0.0,7
autogluon_naive,Naive,6,0,app2,9,0,18,18,0.0,8
autogluon_naive,Naive,6,0,app2,9,0,18,18,0.0,9
autogluon_naive,Naive,6,0,app2,12,0,18,18,0.0,0
autogluon_naive,Naive,6,0,app2,12,0,18,18,0.0,1
autogluon_naive,Naive,6,0,app2,12,0,18,18,0.0,2
autogluon_naive,Naive,6,0,app2,12,0,18,18,0.0,3
autogluon_naive,Naive,6,0,app2,12,0,18,18,0.0,4
autogluon_naive,Naive,6,0,app2,12,0,18,18,0.0,5
autogluon_naive,Naive,6,0,app2,12,0,18,18,0.0,6
autogluon_naive,Naive,6,0,app2,12,0,18,18,0.0,7
autogluon_naive,Naive,6,0,app2,12,0,18,18,0.0,8
autogluon_naive,Naive,6,0,app2,12,0,18,18,0.0,9
autogluon_naive,Naive,6,0,app2,24,0,18,18,0.0,0
autogluon_naive,Naive,6,0,app2,24,0,18,18,0.0,1
autogluon_naive,Naive,6,0,app2,24,0,18,18,0.0,2
autogluon_naive,Naive,6,0,app2,24,0,18,18,0.0,3
autogluon_naive,Naive,6,0,app2,24,0,18,18,0.0,4
autogluon_naive,Naive,6,0,app2,24,0,18,18,0.0,5
autogluon_naive,Naive,6,0,app2,24,0,18,18,0.0,6
autogluon_naive,Naive,6,0,app2,24,0,18,18,0.0,7
autogluon_naive,Naive,6,0,app2,24,0,18,18,0.0,8
autogluon_naive,Naive,6,0,app2,24,0,18,18,0.0,9
autogluon_naive,Naive,6,0,app2,72,0,18,18,0.0,0
autogluon_naive,Naive,6,0,app2,72,0,18,18,0.0,1
autogluon_naive,Naive,6,0,app2,72,0,18,18,0.0,2
autogluon_naive,Naive,6,0,app2,72,0,18,18,0.0,3
autogluon_naive,Naive,6,0,app2,72,0,18,18,0.0,4
autogluon_naive,Naive,6,0,app2,72,0,18,18,0.0,5
autogluon_naive,Naive,6,0,app2,72,0,18,18,0.0,6
autogluon_naive,Naive,6,0,app2,72,0,18,18,0.0,7
autogluon_naive,Naive,6,0,app2,72,0,18,18,0.0,8
autogluon_naive,Naive,6,0,app2,72,0,18,18,0.0,9
autogluon_naive,Naive,6,0,app3,1,0,18,18,0.0,0
autogluon_naive,Naive,6,0,app3,1,0,18,18,0.0,1
autogluon_naive,Naive,6,0,app3,1,0,18,18,0.0,2
autogluon_naive,Naive,6,0,app3,1,0,18,18,0.0,3
autogluon_naive,Naive,6,0,app3,1,0,18,18,0.0,4
autogluon_naive,Naive,6,0,app3,1,0,18,18,0.0,5
autogluon_naive,Naive,6,0,app3,1,0,18,18,0.0,6
autogluon_naive,Naive,6,0,app3,1,0,18,18,0.0,7
autogluon_naive,Naive,6,0,app3,1,0,18,18,0.0,8
autogluon_naive,Naive,6,0,app3,1,0,18,18,0.0,9
autogluon_naive,Naive,6,0,app3,3,0,18,18,0.0,0
autogluon_naive,Naive,6,0,app3,3,0,18,18,0.0,1
autogluon_naive,Naive,6,0,app3,3,0,18,18,0.0,2
autogluon_naive,Naive,6,0,app3,3,0,18,18,0.0,3
autogluon_naive,Naive,6,0,app3,3,0,18,18,0.0,4
autogluon_naive,Naive,6,0,app3,3,0,18,18,0.0,5
autogluon_naive,Naive,6,0,app3,3,0,18,18,0.0,6
autogluon_naive,Naive,6,0,app3,3,0,18,18,0.0,7
autogluon_naive,Naive,6,0,app3,3,0,18,18,0.0,8
autogluon_naive,Naive,6,0,app3,3,0,18,18,0.0,9
autogluon_naive,Naive,6,0,app3,6,0,18,18,0.0,0
autogluon_naive,Naive,6,0,app3,6,0,18,18,0.0,1
autogluon_naive,Naive,6,0,app3,6,0,18,18,0.0,2
autogluon_naive,Naive,6,0,app3,6,0,18,18,0.0,3
autogluon_naive,Naive,6,0,app3,6,0,18,18,0.0,4
autogluon_naive,Naive,6,0,app3,6,0,18,18,0.0,5
autogluon_naive,Naive,6,0,app3,6,0,18,18,0.0,6
autogluon_naive,Naive,6,0,app3,6,0,18,18,0.0,7
autogluon_naive,Naive,6,0,app3,6,0,18,18,0.0,8
autogluon_naive,Naive,6,0,app3,6,0,18,18,0.0,9
autogluon_naive,Naive,6,0,app3,9,0,18,18,0.0,0
autogluon_naive,Naive,6,0,app3,9,0,18,18,0.0,1
autogluon_naive,Naive,6,0,app3,9,0,18,18,0.0,2
autogluon_naive,Naive,6,0,app3,9,0,18,18,0.0,3
autogluon_naive,Naive,6,0,app3,9,0,18,18,0.0,4
autogluon_naive,Naive,6,0,app3,9,0,18,18,0.0,5
autogluon_naive,Naive,6,0,app3,9,0,18,18,0.0,6
autogluon_naive,Naive,6,0,app3,9,0,18,18,0.0,7
autogluon_naive,Naive,6,0,app3,9,0,18,18,0.0,8
autogluon_naive,Naive,6,0,app3,9,0,18,18,0.0,9
autogluon_naive,Naive,6,0,app3,12,0,18,18,0.0,0
autogluon_naive,Naive,6,0,app3,12,0,18,18,0.0,1
autogluon_naive,Naive,6,0,app3,12,0,18,18,0.0,2
autogluon_naive,Naive,6,0,app3,12,0,18,18,0.0,3
autogluon_naive,Naive,6,0,app3,12,0,18,18,0.0,4
autogluon_naive,Naive,6,0,app3,12,0,18,18,0.0,5
autogluon_naive,Naive,6,0,app3,12,0,18,18,0.0,6
autogluon_naive,Naive,6,0,app3,12,0,18,18,0.0,7
autogluon_naive,Naive,6,0,app3,12,0,18,18,0.0,8
autogluon_naive,Naive,6,0,app3,12,0,18,18,0.0,9
autogluon_naive,Naive,6,0,app3,24,0,18,18,0.0,0
autogluon_naive,Naive,6,0,app3,24,0,18,18,0.0,1
autogluon_naive,Naive,6,0,app3,24,0,18,18,0.0,2
autogluon_naive,Naive,6,0,app3,24,0,18,18,0.0,3
autogluon_naive,Naive,6,0,app3,24,0,18,18,0.0,4
autogluon_naive,Naive,6,0,app3,24,0,18,18,0.0,5
autogluon_naive,Naive,6,0,app3,24,0,18,18,0.0,6
autogluon_naive,Naive,6,0,app3,24,0,18,18,0.0,7
autogluon_naive,Naive,6,0,app3,24,0,18,18,0.0,8
autogluon_naive,Naive,6,0,app3,24,0,18,18,0.0,9
autogluon_naive,Naive,6,0,app3,72,0,18,18,0.0,0
autogluon_naive,Naive,6,0,app3,72,0,18,18,0.0,1
autogluon_naive,Naive,6,0,app3,72,0,18,18,0.0,2
autogluon_naive,Naive,6,0,app3,72,0,18,18,0.0,3
autogluon_naive,Naive,6,0,app3,72,0,18,18,0.0,4
autogluon_naive,Naive,6,0,app3,72,0,18,18,0.0,5
autogluon_naive,Naive,6,0,app3,72,0,18,18,0.0,6
autogluon_naive,Naive,6,0,app3,72,0,18,18,0.0,7
autogluon_naive,Naive,6,0,app3,72,0,18,18,0.0,8
autogluon_naive,Naive,6,0,app3,72,0,18,18,0.0,9
autogluon_naive,Naive,12,0,app0,1,0,18,1,0.0,0
autogluon_naive,Naive,12,0,app0,1,0,18,1,0.0,1
autogluon_naive,Naive,12,0,app0,1,0,18,1,0.0,2
autogluon_naive,Naive,12,0,app0,1,0,18,1,0.0,3
autogluon_naive,Naive,12,0,app0,1,0,18,1,0.0,4
autogluon_naive,Naive,12,0,app0,1,0,18,1,0.0,5
autogluon_naive,Naive,12,0,app0,1,0,18,1,0.0,6
autogluon_naive,Naive,12,0,app0,1,0,18,1,0.0,7
autogluon_naive,Naive,12,0,app0,1,0,18,1,0.0,8
autogluon_naive,Naive,12,0,app0,1,0,18,1,0.0,9
autogluon_naive,Naive,12,0,app0,3,0,18,1,0.0,0
autogluon_naive,Naive,12,0,app0,3,0,18,1,0.0,1
autogluon_naive,Naive,12,0,app0,3,0,18,1,0.0,2
autogluon_naive,Naive,12,0,app0,3,0,18,1,0.0,3
autogluon_naive,Naive,12,0,app0,3,0,18,1,0.0,4
autogluon_naive,Naive,12,0,app0,3,0,18,1,0.0,5
autogluon_naive,Naive,12,0,app0,3,0,18,1,0.0,6
autogluon_naive,Naive,12,0,app0,3,0,18,1,0.0,7
autogluon_naive,Naive,12,0,app0,3,0,18,1,0.0,8
autogluon_naive,Naive,12,0,app0,3,0,18,1,0.0,9
autogluon_naive,Naive,12,0,app0,6,0,18,1,0.0,0
autogluon_naive,Naive,12,0,app0,6,0,18,1,0.0,1
autogluon_naive,Naive,12,0,app0,6,0,18,1,0.0,2
autogluon_naive,Naive,12,0,app0,6,0,18,1,0.0,3
autogluon_naive,Naive,12,0,app0,6,0,18,1,0.0,4
autogluon_naive,Naive,12,0,app0,6,0,18,1,0.0,5
autogluon_naive,Naive,12,0,app0,6,0,18,1,0.0,6
autogluon_naive,Naive,12,0,app0,6,0,18,1,0.0,7
autogluon_naive,Naive,12,0,app0,6,0,18,1,0.0,8
autogluon_naive,Naive,12,0,app0,6,0,18,1,0.0,9
autogluon_naive,Naive,12,0,app0,9,0,18,1,0.0,0
autogluon_naive,Naive,12,0,app0,9,0,18,1,0.0,1
autogluon_naive,Naive,12,0,app0,9,0,18,1,0.0,2
autogluon_naive,Naive,12,0,app0,9,0,18,1,0.0,3
autogluon_naive,Naive,12,0,app0,9,0,18,1,0.0,4
autogluon_naive,Naive,12,0,app0,9,0,18,1,0.0,5
autogluon_naive,Naive,12,0,app0,9,0,18,1,0.0,6
autogluon_naive,Naive,12,0,app0,9,0,18,1,0.0,7
autogluon_naive,Naive,12,0,app0,9,0,18,1,0.0,8
autogluon_naive,Naive,12,0,app0,9,0,18,1,0.0,9
autogluon_naive,Naive,12,0,app0,12,0,18,1,0.0,0
autogluon_naive,Naive,12,0,app0,12,0,18,1,0.0,1
autogluon_naive,Naive,12,0,app0,12,0,18,1,0.0,2
autogluon_naive,Naive,12,0,app0,12,0,18,1,0.0,3
autogluon_naive,Naive,12,0,app0,12,0,18,1,0.0,4
autogluon_naive,Naive,12,0,app0,12,0,18,1,0.0,5
autogluon_naive,Naive,12,0,app0,12,0,18,1,0.0,6
autogluon_naive,Naive,12,0,app0,12,0,18,1,0.0,7
autogluon_naive,Naive,12,0,app0,12,0,18,1,0.0,8
autogluon_naive,Naive,12,0,app0,12,0,18,1,0.0,9
autogluon_naive,Naive,12,0,app0,24,0,18,1,0.0,0
autogluon_naive,Naive,12,0,app0,24,0,18,1,0.0,1
autogluon_naive,Naive,12,0,app0,24,0,18,1,0.0,2
autogluon_naive,Naive,12,0,app0,24,0,18,1,0.0,3
autogluon_naive,Naive,12,0,app0,24,0,18,1,0.0,4
autogluon_naive,Naive,12,0,app0,24,0,18,1,0.0,5
autogluon_naive,Naive,12,0,app0,24,0,18,1,0.0,6
autogluon_naive,Naive,12,0,app0,24,0,18,1,0.0,7
autogluon_naive,Naive,12,0,app0,24,0,18,1,0.0,8
autogluon_naive,Naive,12,0,app0,24,0,18,1,0.0,9
autogluon_naive,Naive,12,0,app0,72,0,18,1,0.0,0
autogluon_naive,Naive,12,0,app0,72,0,18,1,0.0,1
autogluon_naive,Naive,12,0,app0,72,0,18,1,0.0,2
autogluon_naive,Naive,12,0,app0,72,0,18,1,0.0,3
autogluon_naive,Naive,12,0,app0,72,0,18,1,0.0,4
autogluon_naive,Naive,12,0,app0,72,0,18,1,0.0,5
autogluon_naive,Naive,12,0,app0,72,0,18,1,0.0,6
autogluon_naive,Naive,12,0,app0,72,0,18,1,0.0,7
autogluon_naive,Naive,12,0,app0,72,0,18,1,0.0,8
autogluon_naive,Naive,12,0,app0,72,0,18,1,0.0,9
autogluon_naive,Naive,12,0,app1,1,0,18,1,0.0,0
autogluon_naive,Naive,12,0,app1,1,0,18,1,0.0,1
autogluon_naive,Naive,12,0,app1,1,0,18,1,0.0,2
autogluon_naive,Naive,12,0,app1,1,0,18,1,0.0,3
autogluon_naive,Naive,12,0,app1,1,0,18,1,0.0,4
autogluon_naive,Naive,12,0,app1,1,0,18,1,0.0,5
autogluon_naive,Naive,12,0,app1,1,0,18,1,0.0,6
autogluon_naive,Naive,12,0,app1,1,0,18,1,0.0,7
autogluon_naive,Naive,12,0,app1,1,0,18,1,0.0,8
autogluon_naive,Naive,12,0,app1,1,0,18,1,0.0,9
autogluon_naive,Naive,12,0,app1,3,0,18,1,0.0,0
autogluon_naive,Naive,12,0,app1,3,0,18,1,0.0,1
autogluon_naive,Naive,12,0,app1,3,0,18,1,0.0,2
autogluon_naive,Naive,12,0,app1,3,0,18,1,0.0,3
autogluon_naive,Naive,12,0,app1,3,0,18,1,0.0,4
autogluon_naive,Naive,12,0,app1,3,0,18,1,0.0,5
autogluon_naive,Naive,12,0,app1,3,0,18,1,0.0,6
autogluon_naive,Naive,12,0,app1,3,0,18,1,0.0,7
autogluon_naive,Naive,12,0,app1,3,0,18,1,0.0,8
autogluon_naive,Naive,12,0,app1,3,0,18,1,0.0,9
autogluon_naive,Naive,12,0,app1,6,0,18,1,0.0,0
autogluon_naive,Naive,12,0,app1,6,0,18,1,0.0,1
autogluon_naive,Naive,12,0,app1,6,0,18,1,0.0,2
autogluon_naive,Naive,12,0,app1,6,0,18,1,0.0,3
autogluon_naive,Naive,12,0,app1,6,0,18,1,0.0,4
autogluon_naive,Naive,12,0,app1,6,0,18,1,0.0,5
autogluon_naive,Naive,12,0,app1,6,0,18,1,0.0,6
autogluon_naive,Naive,12,0,app1,6,0,18,1,0.0,7
autogluon_naive,Naive,12,0,app1,6,0,18,1,0.0,8
autogluon_naive,Naive,12,0,app1,6,0,18,1,0.0,9
autogluon_naive,Naive,12,0,app1,9,0,18,1,0.0,0
autogluon_naive,Naive,12,0,app1,9,0,18,1,0.0,1
autogluon_naive,Naive,12,0,app1,9,0,18,1,0.0,2
autogluon_naive,Naive,12,0,app1,9,0,18,1,0.0,3
autogluon_naive,Naive,12,0,app1,9,0,18,1,0.0,4
autogluon_naive,Naive,12,0,app1,9,0,18,1,0.0,5
autogluon_naive,Naive,12,0,app1,9,0,18,1,0.0,6
autogluon_naive,Naive,12,0,app1,9,0,18,1,0.0,7
autogluon_naive,Naive,12,0,app1,9,0,18,1,0.0,8
autogluon_naive,Naive,12,0,app1,9,0,18,1,0.0,9
autogluon_naive,Naive,12,0,app1,12,0,18,1,0.0,0
autogluon_naive,Naive,12,0,app1,12,0,18,1,0.0,1
autogluon_naive,Naive,12,0,app1,12,0,18,1,0.0,2
autogluon_naive,Naive,12,0,app1,12,0,18,1,0.0,3
autogluon_naive,Naive,12,0,app1,12,0,18,1,0.0,4
autogluon_naive,Naive,12,0,app1,12,0,18,1,0.0,5
autogluon_naive,Naive,12,0,app1,12,0,18,1,0.0,6
autogluon_naive,Naive,12,0,app1,12,0,18,1,0.0,7
autogluon_naive,Naive,12,0,app1,12,0,18,1,0.0,8
autogluon_naive,Naive,12,0,app1,12,0,18,1,0.0,9
autogluon_naive,Naive,12,0,app1,24,0,18,1,0.0,0
autogluon_naive,Naive,12,0,app1,24,0,18,1,0.0,1
autogluon_naive,Naive,12,0,app1,24,0,18,1,0.0,2
autogluon_naive,Naive,12,0,app1,24,0,18,1,0.0,3
autogluon_naive,Naive,12,0,app1,24,0,18,1,0.0,4
autogluon_naive,Naive,12,0,app1,24,0,18,1,0.0,5
autogluon_naive,Naive,12,0,app1,24,0,18,1,0.0,6
autogluon_naive,Naive,12,0,app1,24,0,18,1,0.0,7
autogluon_naive,Naive,12,0,app1,24,0,18,1,0.0,8
autogluon_naive,Naive,12,0,app1,24,0,18,1,0.0,9
autogluon_naive,Naive,12,0,app1,72,0,18,1,0.0,0
autogluon_naive,Naive,12,0,app1,72,0,18,1,0.0,1
autogluon_naive,Naive,12,0,app1,72,0,18,1,0.0,2
autogluon_naive,Naive,12,0,app1,72,0,18,1,0.0,3
autogluon_naive,Naive,12,0,app1,72,0,18,1,0.0,4
autogluon_naive,Naive,12,0,app1,72,0,18,1,0.0,5
autogluon_naive,Naive,12,0,app1,72,0,18,1,0.0,6
autogluon_naive,Naive,12,0,app1,72,0,18,1,0.0,7
autogluon_naive,Naive,12,0,app1,72,0,18,1,0.0,8
autogluon_naive,Naive,12,0,app1,72,0,18,1,0.0,9
autogluon_naive,Naive,12,0,app2,1,0,18,18,0.0,0
autogluon_naive,Naive,12,0,app2,1,0,18,18,0.0,1
autogluon_naive,Naive,12,0,app2,1,0,18,18,0.0,2
autogluon_naive,Naive,12,0,app2,1,0,18,18,0.0,3
autogluon_naive,Naive,12,0,app2,1,0,18,18,0.0,4
autogluon_naive,Naive,12,0,app2,1,0,18,18,0.0,5
autogluon_naive,Naive,12,0,app2,1,0,18,18,0.0,6
autogluon_naive,Naive,12,0,app2,1,0,18,18,0.0,7
autogluon_naive,Naive,12,0,app2,1,0,18,18,0.0,8
autogluon_naive,Naive,12,0,app2,1,0,18,18,0.0,9
autogluon_naive,Naive,12,0,app2,3,0,18,18,0.0,0
autogluon_naive,Naive,12,0,app2,3,0,18,18,0.0,1
autogluon_naive,Naive,12,0,app2,3,0,18,18,0.0,2
autogluon_naive,Naive,12,0,app2,3,0,18,18,0.0,3
autogluon_naive,Naive,12,0,app2,3,0,18,18,0.0,4
autogluon_naive,Naive,12,0,app2,3,0,18,18,0.0,5
autogluon_naive,Naive,12,0,app2,3,0,18,18,0.0,6
autogluon_naive,Naive,12,0,app2,3,0,18,18,0.0,7
autogluon_naive,Naive,12,0,app2,3,0,18,18,0.0,8
autogluon_naive,Naive,12,0,app2,3,0,18,18,0.0,9
autogluon_naive,Naive,12,0,app2,6,0,18,18,0.0,0
autogluon_naive,Naive,12,0,app2,6,0,18,18,0.0,1
autogluon_naive,Naive,12,0,app2,6,0,18,18,0.0,2
autogluon_naive,Naive,12,0,app2,6,0,18,18,0.0,3
autogluon_naive,Naive,12,0,app2,6,0,18,18,0.0,4
autogluon_naive,Naive,12,0,app2,6,0,18,18,0.0,5
autogluon_naive,Naive,12,0,app2,6,0,18,18,0.0,6
autogluon_naive,Naive,12,0,app2,6,0,18,18,0.0,7
autogluon_naive,Naive,12,0,app2,6,0,18,18,0.0,8
autogluon_naive,Naive,12,0,app2,6,0,18,18,0.0,9
autogluon_naive,Naive,12,0,app2,9,0,18,18,0.0,0
autogluon_naive,Naive,12,0,app2,9,0,18,18,0.0,1
autogluon_naive,Naive,12,0,app2,9,0,18,18,0.0,2
autogluon_naive,Naive,12,0,app2,9,0,18,18,0.0,3
autogluon_naive,Naive,12,0,app2,9,0,18,18,0.0,4
autogluon_naive,Naive,12,0,app2,9,0,18,18,0.0,5
autogluon_naive,Naive,12,0,app2,9,0,18,18,0.0,6
autogluon_naive,Naive,12,0,app2,9,0,18,18,0.0,7
autogluon_naive,Naive,12,0,app2,9,0,18,18,0.0,8
autogluon_naive,Naive,12,0,app2,9,0,18,18,0.0,9
autogluon_naive,Naive,12,0,app2,12,0,18,18,0.0,0
autogluon_naive,Naive,12,0,app2,12,0,18,18,0.0,1
autogluon_naive,Naive,12,0,app2,12,0,18,18,0.0,2
autogluon_naive,Naive,12,0,app2,12,0,18,18,0.0,3
autogluon_naive,Naive,12,0,app2,12,0,18,18,0.0,4
autogluon_naive,Naive,12,0,app2,12,0,18,18,0.0,5
autogluon_naive,Naive,12,0,app2,12,0,18,18,0.0,6
autogluon_naive,Naive,12,0,app2,12,0,18,18,0.0,7
autogluon_naive,Naive,12,0,app2,12,0,18,18,0.0,8
autogluon_naive,Naive,12,0,app2,12,0,18,18,0.0,9
autogluon_naive,Naive,12,0,app2,24,0,18,18,0.0,0
autogluon_naive,Naive,12,0,app2,24,0,18,18,0.0,1
autogluon_naive,Naive,12,0,app2,24,0,18,18,0.0,2
autogluon_naive,Naive,12,0,app2,24,0,18,18,0.0,3
autogluon_naive,Naive,12,0,app2,24,0,18,18,0.0,4
autogluon_naive,Naive,12,0,app2,24,0,18,18,0.0,5
autogluon_naive,Naive,12,0,app2,24,0,18,18,0.0,6
autogluon_naive,Naive,12,0,app2,24,0,18,18,0.0,7
autogluon_naive,Naive,12,0,app2,24,0,18,18,0.0,8
autogluon_naive,Naive,12,0,app2,24,0,18,18,0.0,9
autogluon_naive,Naive,12,0,app2,72,0,18,18,0.0,0
autogluon_naive,Naive,12,0,app2,72,0,18,18,0.0,1
autogluon_naive,Naive,12,0,app2,72,0,18,18,0.0,2
autogluon_naive,Naive,12,0,app2,72,0,18,18,0.0,3
autogluon_naive,Naive,12,0,app2,72,0,18,18,0.0,4
autogluon_naive,Naive,12,0,app2,72,0,18,18,0.0,5
autogluon_naive,Naive,12,0,app2,72,0,18,18,0.0,6
autogluon_naive,Naive,12,0,app2,72,0,18,18,0.0,7
autogluon_naive,Naive,12,0,app2,72,0,18,18,0.0,8
autogluon_naive,Naive,12,0,app2,72,0,18,18,0.0,9
autogluon_naive,Naive,12,0,app3,1,0,18,18,0.0,0
autogluon_naive,Naive,12,0,app3,1,0,18,18,0.0,1
autogluon_naive,Naive,12,0,app3,1,0,18,18,0.0,2
autogluon_naive,Naive,12,0,app3,1,0,18,18,0.0,3
autogluon_naive,Naive,12,0,app3,1,0,18,18,0.0,4
autogluon_naive,Naive,12,0,app3,1,0,18,18,0.0,5
autogluon_naive,Naive,12,0,app3,1,0,18,18,0.0,6
autogluon_naive,Naive,12,0,app3,1,0,18,18,0.0,7
autogluon_naive,Naive,12,0,app3,1,0,18,18,0.0,8
autogluon_naive,Naive,12,0,app3,1,0,18,18,0.0,9
autogluon_naive,Naive,12,0,app3,3,0,18,18,0.0,0
autogluon_naive,Naive,12,0,app3,3,0,18,18,0.0,1
autogluon_naive,Naive,12,0,app3,3,0,18,18,0.0,2
autogluon_naive,Naive,12,0,app3,3,0,18,18,0.0,3
autogluon_naive,Naive,12,0,app3,3,0,18,18,0.0,4
autogluon_naive,Naive,12,0,app3,3,0,18,18,0.0,5
autogluon_naive,Naive,12,0,app3,3,0,18,18,0.0,6
autogluon_naive,Naive,12,0,app3,3,0,18,18,0.0,7
autogluon_naive,Naive,12,0,app3,3,0,18,18,0.0,8
autogluon_naive,Naive,12,0,app3,3,0,18,18,0.0,9
autogluon_naive,Naive,12,0,app3,6,0,18,18,0.0,0
autogluon_naive,Naive,12,0,app3,6,0,18,18,0.0,1
autogluon_naive,Naive,12,0,app3,6,0,18,18,0.0,2
autogluon_naive,Naive,12,0,app3,6,0,18,18,0.0,3
autogluon_naive,Naive,12,0,app3,6,0,18,18,0.0,4
autogluon_naive,Naive,12,0,app3,6,0,18,18,0.0,5
autogluon_naive,Naive,12,0,app3,6,0,18,18,0.0,6
autogluon_naive,Naive,12,0,app3,6,0,18,18,0.0,7
autogluon_naive,Naive,12,0,app3,6,0,18,18,0.0,8
autogluon_naive,Naive,12,0,app3,6,0,18,18,0.0,9
autogluon_naive,Naive,12,0,app3,9,0,18,18,0.0,0
autogluon_naive,Naive,12,0,app3,9,0,18,18,0.0,1
autogluon_naive,Naive,12,0,app3,9,0,18,18,0.0,2
autogluon_naive,Naive,12,0,app3,9,0,18,18,0.0,3
autogluon_naive,Naive,12,0,app3,9,0,18,18,0.0,4
autogluon_naive,Naive,12,0,app3,9,0,18,18,0.0,5
autogluon_naive,Naive,12,0,app3,9,0,18,18,0.0,6
autogluon_naive,Naive,12,0,app3,9,0,18,18,0.0,7
autogluon_naive,Naive,12,0,app3,9,0,18,18,0.0,8
autogluon_naive,Naive,12,0,app3,9,0,18,18,0.0,9
autogluon_naive,Naive,12,0,app3,12,0,18,18,0.0,0
autogluon_naive,Naive,12,0,app3,12,0,18,18,0.0,1
autogluon_naive,Naive,12,0,app3,12,0,18,18,0.0,2
autogluon_naive,Naive,12,0,app3,12,0,18,18,0.0,3
autogluon_naive,Naive,12,0,app3,12,0,18,18,0.0,4
autogluon_naive,Naive,12,0,app3,12,0,18,18,0.0,5
autogluon_naive,Naive,12,0,app3,12,0,18,18,0.0,6
autogluon_naive,Naive,12,0,app3,12,0,18,18,0.0,7
autogluon_naive,Naive,12,0,app3,12,0,18,18,0.0,8
autogluon_naive,Naive,12,0,app3,12,0,18,18,0.0,9
autogluon_naive,Naive,12,0,app3,24,0,18,18,0.0,0
autogluon_naive,Naive,12,0,app3,24,0,18,18,0.0,1
autogluon_naive,Naive,12,0,app3,24,0,18,18,0.0,2
autogluon_naive,Naive,12,0,app3,24,0,18,18,0.0,3
autogluon_naive,Naive,12,0,app3,24,0,18,18,0.0,4
autogluon_naive,Naive,12,0,app3,24,0,18,18,0.0,5
autogluon_naive,Naive,12,0,app3,24,0,18,18,0.0,6
autogluon_naive,Naive,12,0,app3,24,0,18,18,0.0,7
autogluon_naive,Naive,12,0,app3,24,0,18,18,0.0,8
autogluon_naive,Naive,12,0,app3,24,0,18,18,0.0,9
autogluon_naive,Naive,12,0,app3,72,0,18,18,0.0,0
autogluon_naive,Naive,12,0,app3,72,0,18,18,0.0,1
autogluon_naive,Naive,12,0,app3,72,0,18,18,0.0,2
autogluon_naive,Naive,12,0,app3,72,0,18,18,0.0,3
autogluon_naive,Naive,12,0,app3,72,0,18,18,0.0,4
autogluon_naive,Naive,12,0,app3,72,0,18,18,0.0,5
autogluon_naive,Naive,12,0,app3,72,0,18,18,0.0,6
autogluon_naive,Naive,12,0,app3,72,0,18,18,0.0,7
autogluon_naive,Naive,12,0,app3,72,0,18,18,0.0,8
autogluon_naive,Naive,12,0,app3,72,0,18,18,0.0,9
autogluon_average,Average,6,0,app0,1,0,18,0,0.0,0
autogluon_average,Average,6,0,app0,1,0,18,0,0.0,1
autogluon_average,Average,6,0,app0,1,0,18,0,0.0,2
autogluon_average,Average,6,0,app0,1,0,18,0,0.0,3
autogluon_average,Average,6,0,app0,1,0,18,0,0.0,4
autogluon_average,Average,6,0,app0,1,0,18,0,0.0,5
autogluon_average,Average,6,0,app0,1,0,18,0,0.0,6
autogluon_average,Average,6,0,app0,1,0,18,0,0.0,7
autogluon_average,Average,6,0,app0,1,0,18,0,0.0,8
autogluon_average,Average,6,0,app0,1,0,18,0,0.0,9
autogluon_average,Average,6,0,app0,3,0,18,0,0.0,0
autogluon_average,Average,6,0,app0,3,0,18,0,0.0,1
autogluon_average,Average,6,0,app0,3,0,18,0,0.0,2
autogluon_average,Average,6,0,app0,3,0,18,0,0.0,3
autogluon_average,Average,6,0,app0,3,0,18,0,0.0,4
autogluon_average,Average,6,0,app0,3,0,18,0,0.0,5
autogluon_average,Average,6,0,app0,3,0,18,0,0.0,6
autogluon_average,Average,6,0,app0,3,0,18,0,0.0,7
autogluon_average,Average,6,0,app0,3,0,18,0,0.0,8
autogluon_average,Average,6,0,app0,3,0,18,0,0.0,9
autogluon_average,Average,6,0,app0,6,0,18,0,0.0,0
autogluon_average,Average,6,0,app0,6,0,18,0,0.0,1
autogluon_average,Average,6,0,app0,6,0,18,0,0.0,2
autogluon_average,Average,6,0,app0,6,0,18,0,0.0,3
autogluon_average,Average,6,0,app0,6,0,18,0,0.0,4
autogluon_average,Average,6,0,app0,6,0,18,0,0.0,5
autogluon_average,Average,6,0,app0,6,0,18,0,0.0,6
autogluon_average,Average,6,0,app0,6,0,18,0,0.0,7
autogluon_average,Average,6,0,app0,6,0,18,0,0.0,8
autogluon_average,Average,6,0,app0,6,0,18,0,0.0,9
autogluon_average,Average,6,0,app0,9,0,18,0,0.0,0
autogluon_average,Average,6,0,app0,9,0,18,0,0.0,1
autogluon_average,Average,6,0,app0,9,0,18,0,0.0,2
autogluon_average,Average,6,0,app0,9,0,18,0,0.0,3
autogluon_average,Average,6,0,app0,9,0,18,0,0.0,4
autogluon_average,Average,6,0,app0,9,0,18,0,0.0,5
autogluon_average,Average,6,0,app0,9,0,18,0,0.0,6
autogluon_average,Average,6,0,app0,9,0,18,0,0.0,7
autogluon_average,Average,6,0,app0,9,0,18,0,0.0,8
autogluon_average,Average,6,0,app0,9,0,18,0,0.0,9
autogluon_average,Average,6,0,app0,12,0,18,1,0.0,0
autogluon_average,Average,6,0,app0,12,0,18,1,0.0,1
autogluon_average,Average,6,0,app0,12,0,18,1,0.0,2
autogluon_average,Average,6,0,app0,12,0,18,1,0.0,3
autogluon_average,Average,6,0,app0,12,0,18,1,0.0,4
autogluon_average,Average,6,0,app0,12,0,18,1,0.0,5
autogluon_average,Average,6,0,app0,12,0,18,1,0.0,6
autogluon_average,Average,6,0,app0,12,0,18,1,0.0,7
autogluon_average,Average,6,0,app0,12,0,18,1,0.0,8
autogluon_average,Average,6,0,app0,12,0,18,1,0.0,9
autogluon_average,Average,6,0,app0,24,0,18,0,0.0,0
autogluon_average,Average,6,0,app0,24,0,18,0,0.0,1
autogluon_average,Average,6,0,app0,24,0,18,0,0.0,2
autogluon_average,Average,6,0,app0,24,0,18,0,0.0,3
autogluon_average,Average,6,0,app0,24,0,18,0,0.0,4
autogluon_average,Average,6,0,app0,24,0,18,0,0.0,5
autogluon_average,Average,6,0,app0,24,0,18,0,0.0,6
autogluon_average,Average,6,0,app0,24,0,18,0,0.0,7
autogluon_average,Average,6,0,app0,24,0,18,0,0.0,8
autogluon_average,Average,6,0,app0,24,0,18,0,0.0,9
autogluon_average,Average,6,0,app0,72,0,18,0,0.0,0
autogluon_average,Average,6,0,app0,72,0,18,0,0.0,1
autogluon_average,Average,6,0,app0,72,0,18,0,0.0,2
autogluon_average,Average,6,0,app0,72,0,18,0,0.0,3
autogluon_average,Average,6,0,app0,72,0,18,0,0.0,4
autogluon_average,Average,6,0,app0,72,0,18,0,0.0,5
autogluon_average,Average,6,0,app0,72,0,18,0,0.0,6
autogluon_average,Average,6,0,app0,72,0,18,0,0.0,7
autogluon_average,Average,6,0,app0,72,0,18,0,0.0,8
autogluon_average,Average,6,0,app0,72,0,18,0,0.0,9
autogluon_average,Average,6,0,app1,1,0,18,0,0.0,0
autogluon_average,Average,6,0,app1,1,0,18,0,0.0,1
autogluon_average,Average,6,0,app1,1,0,18,0,0.0,2
autogluon_average,Average,6,0,app1,1,0,18,0,0.0,3
autogluon_average,Average,6,0,app1,1,0,18,0,0.0,4
autogluon_average,Average,6,0,app1,1,0,18,0,0.0,5
autogluon_average,Average,6,0,app1,1,0,18,0,0.0,6
autogluon_average,Average,6,0,app1,1,0,18,0,0.0,7
autogluon_average,Average,6,0,app1,1,0,18,0,0.0,8
autogluon_average,Average,6,0,app1,1,0,18,0,0.0,9
autogluon_average,Average,6,0,app1,3,0,18,0,0.0,0
autogluon_average,Average,6,0,app1,3,0,18,0,0.0,1
autogluon_average,Average,6,0,app1,3,0,18,0,0.0,2
autogluon_average,Average,6,0,app1,3,0,18,0,0.0,3
autogluon_average,Average,6,0,app1,3,0,18,0,0.0,4
autogluon_average,Average,6,0,app1,3,0,18,0,0.0,5
autogluon_average,Average,6,0,app1,3,0,18,0,0.0,6
autogluon_average,Average,6,0,app1,3,0,18,0,0.0,7
autogluon_average,Average,6,0,app1,3,0,18,0,0.0,8
autogluon_average,Average,6,0,app1,3,0,18,0,0.0,9
autogluon_average,Average,6,0,app1,6,0,18,0,0.0,0
autogluon_average,Average,6,0,app1,6,0,18,0,0.0,1
autogluon_average,Average,6,0,app1,6,0,18,0,0.0,2
autogluon_average,Average,6,0,app1,6,0,18,0,0.0,3
autogluon_average,Average,6,0,app1,6,0,18,0,0.0,4
autogluon_average,Average,6,0,app1,6,0,18,0,0.0,5
autogluon_average,Average,6,0,app1,6,0,18,0,0.0,6
autogluon_average,Average,6,0,app1,6,0,18,0,0.0,7
autogluon_average,Average,6,0,app1,6,0,18,0,0.0,8
autogluon_average,Average,6,0,app1,6,0,18,0,0.0,9
autogluon_average,Average,6,0,app1,9,0,18,0,0.0,0
autogluon_average,Average,6,0,app1,9,0,18,0,0.0,1
autogluon_average,Average,6,0,app1,9,0,18,0,0.0,2
autogluon_average,Average,6,0,app1,9,0,18,0,0.0,3
autogluon_average,Average,6,0,app1,9,0,18,0,0.0,4
autogluon_average,Average,6,0,app1,9,0,18,0,0.0,5
autogluon_average,Average,6,0,app1,9,0,18,0,0.0,6
autogluon_average,Average,6,0,app1,9,0,18,0,0.0,7
autogluon_average,Average,6,0,app1,9,0,18,0,0.0,8
autogluon_average,Average,6,0,app1,9,0,18,0,0.0,9
autogluon_average,Average,6,0,app1,12,0,18,1,0.0,0
autogluon_average,Average,6,0,app1,12,0,18,1,0.0,1
autogluon_average,Average,6,0,app1,12,0,18,1,0.0,2
autogluon_average,Average,6,0,app1,12,0,18,1,0.0,3
autogluon_average,Average,6,0,app1,12,0,18,1,0.0,4
autogluon_average,Average,6,0,app1,12,0,18,1,0.0,5
autogluon_average,Average,6,0,app1,12,0,18,1,0.0,6
autogluon_average,Average,6,0,app1,12,0,18,1,0.0,7
autogluon_average,Average,6,0,app1,12,0,18,1,0.0,8
autogluon_average,Average,6,0,app1,12,0,18,1,0.0,9
autogluon_average,Average,6,0,app1,24,0,18,0,0.0,0
autogluon_average,Average,6,0,app1,24,0,18,0,0.0,1
autogluon_average,Average,6,0,app1,24,0,18,0,0.0,2
autogluon_average,Average,6,0,app1,24,0,18,0,0.0,3
autogluon_average,Average,6,0,app1,24,0,18,0,0.0,4
autogluon_average,Average,6,0,app1,24,0,18,0,0.0,5
autogluon_average,Average,6,0,app1,24,0,18,0,0.0,6
autogluon_average,Average,6,0,app1,24,0,18,0,0.0,7
autogluon_average,Average,6,0,app1,24,0,18,0,0.0,8
autogluon_average,Average,6,0,app1,24,0,18,0,0.0,9
autogluon_average,Average,6,0,app1,72,0,18,0,0.0,0
autogluon_average,Average,6,0,app1,72,0,18,0,0.0,1
autogluon_average,Average,6,0,app1,72,0,18,0,0.0,2
autogluon_average,Average,6,0,app1,72,0,18,0,0.0,3
autogluon_average,Average,6,0,app1,72,0,18,0,0.0,4
autogluon_average,Average,6,0,app1,72,0,18,0,0.0,5
autogluon_average,Average,6,0,app1,72,0,18,0,0.0,6
autogluon_average,Average,6,0,app1,72,0,18,0,0.0,7
autogluon_average,Average,6,0,app1,72,0,18,0,0.0,8
autogluon_average,Average,6,0,app1,72,0,18,0,0.0,9
autogluon_average,Average,6,0,app2,1,0,18,0,0.0,0
autogluon_average,Average,6,0,app2,1,0,18,0,0.0,1
autogluon_average,Average,6,0,app2,1,0,18,0,0.0,2
autogluon_average,Average,6,0,app2,1,0,18,0,0.0,3
autogluon_average,Average,6,0,app2,1,0,18,0,0.0,4
autogluon_average,Average,6,0,app2,1,0,18,0,0.0,5
autogluon_average,Average,6,0,app2,1,0,18,0,0.0,6
autogluon_average,Average,6,0,app2,1,0,18,0,0.0,7
autogluon_average,Average,6,0,app2,1,0,18,0,0.0,8
autogluon_average,Average,6,0,app2,1,0,18,0,0.0,9
autogluon_average,Average,6,0,app2,3,0,18,0,0.0,0
autogluon_average,Average,6,0,app2,3,0,18,0,0.0,1
autogluon_average,Average,6,0,app2,3,0,18,0,0.0,2
autogluon_average,Average,6,0,app2,3,0,18,0,0.0,3
autogluon_average,Average,6,0,app2,3,0,18,0,0.0,4
autogluon_average,Average,6,0,app2,3,0,18,0,0.0,5
autogluon_average,Average,6,0,app2,3,0,18,0,0.0,6
autogluon_average,Average,6,0,app2,3,0,18,0,0.0,7
autogluon_average,Average,6,0,app2,3,0,18,0,0.0,8
autogluon_average,Average,6,0,app2,3,0,18,0,0.0,9
autogluon_average,Average,6,0,app2,6,0,18,0,0.0,0
autogluon_average,Average,6,0,app2,6,0,18,0,0.0,1
autogluon_average,Average,6,0,app2,6,0,18,0,0.0,2
autogluon_average,Average,6,0,app2,6,0,18,0,0.0,3
autogluon_average,Average,6,0,app2,6,0,18,0,0.0,4
autogluon_average,Average,6,0,app2,6,0,18,0,0.0,5
autogluon_average,Average,6,0,app2,6,0,18,0,0.0,6
autogluon_average,Average,6,0,app2,6,0,18,0,0.0,7
autogluon_average,Average,6,0,app2,6,0,18,0,0.0,8
autogluon_average,Average,6,0,app2,6,0,18,0,0.0,9
autogluon_average,Average,6,0,app2,9,0,18,0,0.0,0
autogluon_average,Average,6,0,app2,9,0,18,0,0.0,1
autogluon_average,Average,6,0,app2,9,0,18,0,0.0,2
autogluon_average,Average,6,0,app2,9,0,18,0,0.0,3
autogluon_average,Average,6,0,app2,9,0,18,0,0.0,4
autogluon_average,Average,6,0,app2,9,0,18,0,0.0,5
autogluon_average,Average,6,0,app2,9,0,18,0,0.0,6
autogluon_average,Average,6,0,app2,9,0,18,0,0.0,7
autogluon_average,Average,6,0,app2,9,0,18,0,0.0,8
autogluon_average,Average,6,0,app2,9,0,18,0,0.0,9
autogluon_average,Average,6,0,app2,12,0,18,1,0.0,0
autogluon_average,Average,6,0,app2,12,0,18,1,0.0,1
autogluon_average,Average,6,0,app2,12,0,18,1,0.0,2
autogluon_average,Average,6,0,app2,12,0,18,1,0.0,3
autogluon_average,Average,6,0,app2,12,0,18,1,0.0,4
autogluon_average,Average,6,0,app2,12,0,18,1,0.0,5
autogluon_average,Average,6,0,app2,12,0,18,1,0.0,6
autogluon_average,Average,6,0,app2,12,0,18,1,0.0,7
autogluon_average,Average,6,0,app2,12,0,18,1,0.0,8
autogluon_average,Average,6,0,app2,12,0,18,1,0.0,9
autogluon_average,Average,6,0,app2,24,0,18,0,0.0,0
autogluon_average,Average,6,0,app2,24,0,18,0,0.0,1
autogluon_average,Average,6,0,app2,24,0,18,0,0.0,2
autogluon_average,Average,6,0,app2,24,0,18,0,0.0,3
autogluon_average,Average,6,0,app2,24,0,18,0,0.0,4
autogluon_average,Average,6,0,app2,24,0,18,0,0.0,5
autogluon_average,Average,6,0,app2,24,0,18,0,0.0,6
autogluon_average,Average,6,0,app2,24,0,18,0,0.0,7
autogluon_average,Average,6,0,app2,24,0,18,0,0.0,8
autogluon_average,Average,6,0,app2,24,0,18,0,0.0,9
autogluon_average,Average,6,0,app2,72,0,18,0,0.0,0
autogluon_average,Average,6,0,app2,72,0,18,0,0.0,1
autogluon_average,Average,6,0,app2,72,0,18,0,0.0,2
autogluon_average,Average,6,0,app2,72,0,18,0,0.0,3
autogluon_average,Average,6,0,app2,72,0,18,0,0.0,4
autogluon_average,Average,6,0,app2,72,0,18,0,0.0,5
autogluon_average,Average,6,0,app2,72,0,18,0,0.0,6
autogluon_average,Average,6,0,app2,72,0,18,0,0.0,7
autogluon_average,Average,6,0,app2,72,0,18,0,0.0,8
autogluon_average,Average,6,0,app2,72,0,18,0,0.0,9
autogluon_average,Average,6,0,app3,1,0,18,0,0.0,0
autogluon_average,Average,6,0,app3,1,0,18,0,0.0,1
autogluon_average,Average,6,0,app3,1,0,18,0,0.0,2
autogluon_average,Average,6,0,app3,1,0,18,0,0.0,3
autogluon_average,Average,6,0,app3,1,0,18,0,0.0,4
autogluon_average,Average,6,0,app3,1,0,18,0,0.0,5
autogluon_average,Average,6,0,app3,1,0,18,0,0.0,6
autogluon_average,Average,6,0,app3,1,0,18,0,0.0,7
autogluon_average,Average,6,0,app3,1,0,18,0,0.0,8
autogluon_average,Average,6,0,app3,1,0,18,0,0.0,9
autogluon_average,Average,6,0,app3,3,0,18,0,0.0,0
autogluon_average,Average,6,0,app3,3,0,18,0,0.0,1
autogluon_average,Average,6,0,app3,3,0,18,0,0.0,2
autogluon_average,Average,6,0,app3,3,0,18,0,0.0,3
autogluon_average,Average,6,0,app3,3,0,18,0,0.0,4
autogluon_average,Average,6,0,app3,3,0,18,0,0.0,5
autogluon_average,Average,6,0,app3,3,0,18,0,0.0,6
autogluon_average,Average,6,0,app3,3,0,18,0,0.0,7
autogluon_average,Average,6,0,app3,3,0,18,0,0.0,8
autogluon_average,Average,6,0,app3,3,0,18,0,0.0,9
autogluon_average,Average,6,0,app3,6,0,18,0,0.0,0
autogluon_average,Average,6,0,app3,6,0,18,0,0.0,1
autogluon_average,Average,6,0,app3,6,0,18,0,0.0,2
autogluon_average,Average,6,0,app3,6,0,18,0,0.0,3
autogluon_average,Average,6,0,app3,6,0,18,0,0.0,4
autogluon_average,Average,6,0,app3,6,0,18,0,0.0,5
autogluon_average,Average,6,0,app3,6,0,18,0,0.0,6
autogluon_average,Average,6,0,app3,6,0,18,0,0.0,7
autogluon_average,Average,6,0,app3,6,0,18,0,0.0,8
autogluon_average,Average,6,0,app3,6,0,18,0,0.0,9
autogluon_average,Average,6,0,app3,9,0,18,0,0.0,0
autogluon_average,Average,6,0,app3,9,0,18,0,0.0,1
autogluon_average,Average,6,0,app3,9,0,18,0,0.0,2
autogluon_average,Average,6,0,app3,9,0,18,0,0.0,3
autogluon_average,Average,6,0,app3,9,0,18,0,0.0,4
autogluon_average,Average,6,0,app3,9,0,18,0,0.0,5
autogluon_average,Average,6,0,app3,9,0,18,0,0.0,6
autogluon_average,Average,6,0,app3,9,0,18,0,0.0,7
autogluon_average,Average,6,0,app3,9,0,18,0,0.0,8
autogluon_average,Average,6,0,app3,9,0,18,0,0.0,9
autogluon_average,Average,6,0,app3,12,0,18,1,0.0,0
autogluon_average,Average,6,0,app3,12,0,18,1,0.0,1
autogluon_average,Average,6,0,app3,12,0,18,1,0.0,2
autogluon_average,Average,6,0,app3,12,0,18,1,0.0,3
autogluon_average,Average,6,0,app3,12,0,18,1,0.0,4
autogluon_average,Average,6,0,app3,12,0,18,1,0.0,5
autogluon_average,Average,6,0,app3,12,0,18,1,0.0,6
autogluon_average,Average,6,0,app3,12,0,18,1,0.0,7
autogluon_average,Average,6,0,app3,12,0,18,1,0.0,8
autogluon_average,Average,6,0,app3,12,0,18,1,0.0,9
autogluon_average,Average,6,0,app3,24,0,18,0,0.0,0
autogluon_average,Average,6,0,app3,24,0,18,0,0.0,1
autogluon_average,Average,6,0,app3,24,0,18,0,0.0,2
autogluon_average,Average,6,0,app3,24,0,18,0,0.0,3
autogluon_average,Average,6,0,app3,24,0,18,0,0.0,4
autogluon_average,Average,6,0,app3,24,0,18,0,0.0,5
autogluon_average,Average,6,0,app3,24,0,18,0,0.0,6
autogluon_average,Average,6,0,app3,24,0,18,0,0.0,7
autogluon_average,Average,6,0,app3,24,0,18,0,0.0,8
autogluon_average,Average,6,0,app3,24,0,18,0,0.0,9
autogluon_average,Average,6,0,app3,72,0,18,0,0.0,0
autogluon_average,Average,6,0,app3,72,0,18,0,0.0,1
autogluon_average,Average,6,0,app3,72,0,18,0,0.0,2
autogluon_average,Average,6,0,app3,72,0,18,0,0.0,3
autogluon_average,Average,6,0,app3,72,0,18,0,0.0,4
autogluon_average,Average,6,0,app3,72,0,18,0,0.0,5
autogluon_average,Average,6,0,app3,72,0,18,0,0.0,6
autogluon_average,Average,6,0,app3,72,0,18,0,0.0,7
autogluon_average,Average,6,0,app3,72,0,18,0,0.0,8
autogluon_average,Average,6,0,app3,72,0,18,0,0.0,9
autogluon_average,Average,12,0,app0,1,0,18,0,0.0,0
autogluon_average,Average,12,0,app0,1,0,18,0,0.0,1
autogluon_average,Average,12,0,app0,1,0,18,0,0.0,2
autogluon_average,Average,12,0,app0,1,0,18,0,0.0,3
autogluon_average,Average,12,0,app0,1,0,18,0,0.0,4
autogluon_average,Average,12,0,app0,1,0,18,0,0.0,5
autogluon_average,Average,12,0,app0,1,0,18,0,0.0,6
autogluon_average,Average,12,0,app0,1,0,18,0,0.0,7
autogluon_average,Average,12,0,app0,1,0,18,0,0.0,8
autogluon_average,Average,12,0,app0,1,0,18,0,0.0,9
autogluon_average,Average,12,0,app0,3,0,18,0,0.0,0
autogluon_average,Average,12,0,app0,3,0,18,0,0.0,1
autogluon_average,Average,12,0,app0,3,0,18,0,0.0,2
autogluon_average,Average,12,0,app0,3,0,18,0,0.0,3
autogluon_average,Average,12,0,app0,3,0,18,0,0.0,4
autogluon_average,Average,12,0,app0,3,0,18,0,0.0,5
autogluon_average,Average,12,0,app0,3,0,18,0,0.0,6
autogluon_average,Average,12,0,app0,3,0,18,0,0.0,7
autogluon_average,Average,12,0,app0,3,0,18,0,0.0,8
autogluon_average,Average,12,0,app0,3,0,18,0,0.0,9
autogluon_average,Average,12,0,app0,6,0,18,1,0.0,0
autogluon_average,Average,12,0,app0,6,0,18,1,0.0,1
autogluon_average,Average,12,0,app0,6,0,18,1,0.0,2
autogluon_average,Average,12,0,app0,6,0,18,1,0.0,3
autogluon_average,Average,12,0,app0,6,0,18,1,0.0,4
autogluon_average,Average,12,0,app0,6,0,18,1,0.0,5
autogluon_average,Average,12,0,app0,6,0,18,1,0.0,6
autogluon_average,Average,12,0,app0,6,0,18,1,0.0,7
autogluon_average,Average,12,0,app0,6,0,18,1,0.0,8
autogluon_average,Average,12,0,app0,6,0,18,1,0.0,9
autogluon_average,Average,12,0,app0,9,0,18,0,0.0,0
autogluon_average,Average,12,0,app0,9,0,18,0,0.0,1
autogluon_average,Average,12,0,app0,9,0,18,0,0.0,2
autogluon_average,Average,12,0,app0,9,0,18,0,0.0,3
autogluon_average,Average,12,0,app0,9,0,18,0,0.0,4
autogluon_average,Average,12,0,app0,9,0,18,0,0.0,5
autogluon_average,Average,12,0,app0,9,0,18,0,0.0,6
autogluon_average,Average,12,0,app0,9,0,18,0,0.0,7
autogluon_average,Average,12,0,app0,9,0,18,0,0.0,8
autogluon_average,Average,12,0,app0,9,0,18,0,0.0,9
autogluon_average,Average,12,0,app0,12,0,18,0,0.0,0
autogluon_average,Average,12,0,app0,12,0,18,0,0.0,1
autogluon_average,Average,12,0,app0,12,0,18,0,0.0,2
autogluon_average,Average,12,0,app0,12,0,18,0,0.0,3
autogluon_average,Average,12,0,app0,12,0,18,0,0.0,4
autogluon_average,Average,12,0,app0,12,0,18,0,0.0,5
autogluon_average,Average,12,0,app0,12,0,18,0,0.0,6
autogluon_average,Average,12,0,app0,12,0,18,0,0.0,7
autogluon_average,Average,12,0,app0,12,0,18,0,0.0,8
autogluon_average,Average,12,0,app0,12,0,18,0,0.0,9
autogluon_average,Average,12,0,app0,24,0,18,0,0.0,0
autogluon_average,Average,12,0,app0,24,0,18,0,0.0,1
autogluon_average,Average,12,0,app0,24,0,18,0,0.0,2
autogluon_average,Average,12,0,app0,24,0,18,0,0.0,3
autogluon_average,Average,12,0,app0,24,0,18,0,0.0,4
autogluon_average,Average,12,0,app0,24,0,18,0,0.0,5
autogluon_average,Average,12,0,app0,24,0,18,0,0.0,6
autogluon_average,Average,12,0,app0,24,0,18,0,0.0,7
autogluon_average,Average,12,0,app0,24,0,18,0,0.0,8
autogluon_average,Average,12,0,app0,24,0,18,0,0.0,9
autogluon_average,Average,12,0,app0,72,0,18,0,0.0,0
autogluon_average,Average,12,0,app0,72,0,18,0,0.0,1
autogluon_average,Average,12,0,app0,72,0,18,0,0.0,2
autogluon_average,Average,12,0,app0,72,0,18,0,0.0,3
autogluon_average,Average,12,0,app0,72,0,18,0,0.0,4
autogluon_average,Average,12,0,app0,72,0,18,0,0.0,5
autogluon_average,Average,12,0,app0,72,0,18,0,0.0,6
autogluon_average,Average,12,0,app0,72,0,18,0,0.0,7
autogluon_average,Average,12,0,app0,72,0,18,0,0.0,8
autogluon_average,Average,12,0,app0,72,0,18,0,0.0,9
autogluon_average,Average,12,0,app1,1,0,18,0,0.0,0
autogluon_average,Average,12,0,app1,1,0,18,0,0.0,1
autogluon_average,Average,12,0,app1,1,0,18,0,0.0,2
autogluon_average,Average,12,0,app1,1,0,18,0,0.0,3
autogluon_average,Average,12,0,app1,1,0,18,0,0.0,4
autogluon_average,Average,12,0,app1,1,0,18,0,0.0,5
autogluon_average,Average,12,0,app1,1,0,18,0,0.0,6
autogluon_average,Average,12,0,app1,1,0,18,0,0.0,7
autogluon_average,Average,12,0,app1,1,0,18,0,0.0,8
autogluon_average,Average,12,0,app1,1,0,18,0,0.0,9
autogluon_average,Average,12,0,app1,3,0,18,0,0.0,0
autogluon_average,Average,12,0,app1,3,0,18,0,0.0,1
autogluon_average,Average,12,0,app1,3,0,18,0,0.0,2
autogluon_average,Average,12,0,app1,3,0,18,0,0.0,3
autogluon_average,Average,12,0,app1,3,0,18,0,0.0,4
autogluon_average,Average,12,0,app1,3,0,18,0,0.0,5
autogluon_average,Average,12,0,app1,3,0,18,0,0.0,6
autogluon_average,Average,12,0,app1,3,0,18,0,0.0,7
autogluon_average,Average,12,0,app1,3,0,18,0,0.0,8
autogluon_average,Average,12,0,app1,3,0,18,0,0.0,9
autogluon_average,Average,12,0,app1,6,0,18,1,0.0,0
autogluon_average,Average,12,0,app1,6,0,18,1,0.0,1
autogluon_average,Average,12,0,app1,6,0,18,1,0.0,2
autogluon_average,Average,12,0,app1,6,0,18,1,0.0,3
autogluon_average,Average,12,0,app1,6,0,18,1,0.0,4
autogluon_average,Average,12,0,app1,6,0,18,1,0.0,5
autogluon_average,Average,12,0,app1,6,0,18,1,0.0,6
autogluon_average,Average,12,0,app1,6,0,18,1,0.0,7
autogluon_average,Average,12,0,app1,6,0,18,1,0.0,8
autogluon_average,Average,12,0,app1,6,0,18,1,0.0,9
autogluon_average,Average,12,0,app1,9,0,18,0,0.0,0
autogluon_average,Average,12,0,app1,9,0,18,0,0.0,1
autogluon_average,Average,12,0,app1,9,0,18,0,0.0,2
autogluon_average,Average,12,0,app1,9,0,18,0,0.0,3
autogluon_average,Average,12,0,app1,9,0,18,0,0.0,4
autogluon_average,Average,12,0,app1,9,0,18,0,0.0,5
autogluon_average,Average,12,0,app1,9,0,18,0,0.0,6
autogluon_average,Average,12,0,app1,9,0,18,0,0.0,7
autogluon_average,Average,12,0,app1,9,0,18,0,0.0,8
autogluon_average,Average,12,0,app1,9,0,18,0,0.0,9
autogluon_average,Average,12,0,app1,12,0,18,0,0.0,0
autogluon_average,Average,12,0,app1,12,0,18,0,0.0,1
autogluon_average,Average,12,0,app1,12,0,18,0,0.0,2
autogluon_average,Average,12,0,app1,12,0,18,0,0.0,3
autogluon_average,Average,12,0,app1,12,0,18,0,0.0,4
autogluon_average,Average,12,0,app1,12,0,18,0,0.0,5
autogluon_average,Average,12,0,app1,12,0,18,0,0.0,6
autogluon_average,Average,12,0,app1,12,0,18,0,0.0,7
autogluon_average,Average,12,0,app1,12,0,18,0,0.0,8
autogluon_average,Average,12,0,app1,12,0,18,0,0.0,9
autogluon_average,Average,12,0,app1,24,0,18,0,0.0,0
autogluon_average,Average,12,0,app1,24,0,18,0,0.0,1
autogluon_average,Average,12,0,app1,24,0,18,0,0.0,2
autogluon_average,Average,12,0,app1,24,0,18,0,0.0,3
autogluon_average,Average,12,0,app1,24,0,18,0,0.0,4
autogluon_average,Average,12,0,app1,24,0,18,0,0.0,5
autogluon_average,Average,12,0,app1,24,0,18,0,0.0,6
autogluon_average,Average,12,0,app1,24,0,18,0,0.0,7
autogluon_average,Average,12,0,app1,24,0,18,0,0.0,8
autogluon_average,Average,12,0,app1,24,0,18,0,0.0,9
autogluon_average,Average,12,0,app1,72,0,18,0,0.0,0
autogluon_average,Average,12,0,app1,72,0,18,0,0.0,1
autogluon_average,Average,12,0,app1,72,0,18,0,0.0,2
autogluon_average,Average,12,0,app1,72,0,18,0,0.0,3
autogluon_average,Average,12,0,app1,72,0,18,0,0.0,4
autogluon_average,Average,12,0,app1,72,0,18,0,0.0,5
autogluon_average,Average,12,0,app1,72,0,18,0,0.0,6
autogluon_average,Average,12,0,app1,72,0,18,0,0.0,7
autogluon_average,Average,12,0,app1,72,0,18,0,0.0,8
autogluon_average,Average,12,0,app1,72,0,18,0,0.0,9
autogluon_average,Average,12,0,app2,1,0,18,0,0.0,0
autogluon_average,Average,12,0,app2,1,0,18,0,0.0,1
autogluon_average,Average,12,0,app2,1,0,18,0,0.0,2
autogluon_average,Average,12,0,app2,1,0,18,0,0.0,3
autogluon_average,Average,12,0,app2,1,0,18,0,0.0,4
autogluon_average,Average,12,0,app2,1,0,18,0,0.0,5
autogluon_average,Average,12,0,app2,1,0,18,0,0.0,6
autogluon_average,Average,12,0,app2,1,0,18,0,0.0,7
autogluon_average,Average,12,0,app2,1,0,18,0,0.0,8
autogluon_average,Average,12,0,app2,1,0,18,0,0.0,9
autogluon_average,Average,12,0,app2,3,0,18,0,0.0,0
autogluon_average,Average,12,0,app2,3,0,18,0,0.0,1
autogluon_average,Average,12,0,app2,3,0,18,0,0.0,2
autogluon_average,Average,12,0,app2,3,0,18,0,0.0,3
autogluon_average,Average,12,0,app2,3,0,18,0,0.0,4
autogluon_average,Average,12,0,app2,3,0,18,0,0.0,5
autogluon_average,Average,12,0,app2,3,0,18,0,0.0,6
autogluon_average,Average,12,0,app2,3,0,18,0,0.0,7
autogluon_average,Average,12,0,app2,3,0,18,0,0.0,8
autogluon_average,Average,12,0,app2,3,0,18,0,0.0,9
autogluon_average,Average,12,0,app2,6,0,18,1,0.0,0
autogluon_average,Average,12,0,app2,6,0,18,1,0.0,1
autogluon_average,Average,12,0,app2,6,0,18,1,0.0,2
autogluon_average,Average,12,0,app2,6,0,18,1,0.0,3
autogluon_average,Average,12,0,app2,6,0,18,1,0.0,4
autogluon_average,Average,12,0,app2,6,0,18,1,0.0,5
autogluon_average,Average,12,0,app2,6,0,18,1,0.0,6
autogluon_average,Average,12,0,app2,6,0,18,1,0.0,7
autogluon_average,Average,12,0,app2,6,0,18,1,0.0,8
autogluon_average,Average,12,0,app2,6,0,18,1,0.0,9
autogluon_average,Average,12,0,app2,9,0,18,0,0.0,0
autogluon_average,Average,12,0,app2,9,0,18,0,0.0,1
autogluon_average,Average,12,0,app2,9,0,18,0,0.0,2
autogluon_average,Average,12,0,app2,9,0,18,0,0.0,3
autogluon_average,Average,12,0,app2,9,0,18,0,0.0,4
autogluon_average,Average,12,0,app2,9,0,18,0,0.0,5
autogluon_average,Average,12,0,app2,9,0,18,0,0.0,6
autogluon_average,Average,12,0,app2,9,0,18,0,0.0,7
autogluon_average,Average,12,0,app2,9,0,18,0,0.0,8
autogluon_average,Average,12,0,app2,9,0,18,0,0.0,9
autogluon_average,Average,12,0,app2,12,0,18,0,0.0,0
autogluon_average,Average,12,0,app2,12,0,18,0,0.0,1
autogluon_average,Average,12,0,app2,12,0,18,0,0.0,2
autogluon_average,Average,12,0,app2,12,0,18,0,0.0,3
autogluon_average,Average,12,0,app2,12,0,18,0,0.0,4
autogluon_average,Average,12,0,app2,12,0,18,0,0.0,5
autogluon_average,Average,12,0,app2,12,0,18,0,0.0,6
autogluon_average,Average,12,0,app2,12,0,18,0,0.0,7
autogluon_average,Average,12,0,app2,12,0,18,0,0.0,8
autogluon_average,Average,12,0,app2,12,0,18,0,0.0,9
autogluon_average,Average,12,0,app2,24,0,18,0,0.0,0
autogluon_average,Average,12,0,app2,24,0,18,0,0.0,1
autogluon_average,Average,12,0,app2,24,0,18,0,0.0,2
autogluon_average,Average,12,0,app2,24,0,18,0,0.0,3
autogluon_average,Average,12,0,app2,24,0,18,0,0.0,4
autogluon_average,Average,12,0,app2,24,0,18,0,0.0,5
autogluon_average,Average,12,0,app2,24,0,18,0,0.0,6
autogluon_average,Average,12,0,app2,24,0,18,0,0.0,7
autogluon_average,Average,12,0,app2,24,0,18,0,0.0,8
autogluon_average,Average,12,0,app2,24,0,18,0,0.0,9
autogluon_average,Average,12,0,app2,72,0,18,0,0.0,0
autogluon_average,Average,12,0,app2,72,0,18,0,0.0,1
autogluon_average,Average,12,0,app2,72,0,18,0,0.0,2
autogluon_average,Average,12,0,app2,72,0,18,0,0.0,3
autogluon_average,Average,12,0,app2,72,0,18,0,0.0,4
autogluon_average,Average,12,0,app2,72,0,18,0,0.0,5
autogluon_average,Average,12,0,app2,72,0,18,0,0.0,6
autogluon_average,Average,12,0,app2,72,0,18,0,0.0,7
autogluon_average,Average,12,0,app2,72,0,18,0,0.0,8
autogluon_average,Average,12,0,app2,72,0,18,0,0.0,9
autogluon_average,Average,12,0,app3,1,0,18,0,0.0,0
autogluon_average,Average,12,0,app3,1,0,18,0,0.0,1
autogluon_average,Average,12,0,app3,1,0,18,0,0.0,2
autogluon_average,Average,12,0,app3,1,0,18,0,0.0,3
autogluon_average,Average,12,0,app3,1,0,18,0,0.0,4
autogluon_average,Average,12,0,app3,1,0,18,0,0.0,5
autogluon_average,Average,12,0,app3,1,0,18,0,0.0,6
autogluon_average,Average,12,0,app3,1,0,18,0,0.0,7
autogluon_average,Average,12,0,app3,1,0,18,0,0.0,8
autogluon_average,Average,12,0,app3,1,0,18,0,0.0,9
autogluon_average,Average,12,0,app3,3,0,18,0,0.0,0
autogluon_average,Average,12,0,app3,3,0,18,0,0.0,1
autogluon_average,Average,12,0,app3,3,0,18,0,0.0,2
autogluon_average,Average,12,0,app3,3,0,18,0,0.0,3
autogluon_average,Average,12,0,app3,3,0,18,0,0.0,4
autogluon_average,Average,12,0,app3,3,0,18,0,0.0,5
autogluon_average,Average,12,0,app3,3,0,18,0,0.0,6
autogluon_average,Average,12,0,app3,3,0,18,0,0.0,7
autogluon_average,Average,12,0,app3,3,0,18,0,0.0,8
autogluon_average,Average,12,0,app3,3,0,18,0,0.0,9
autogluon_average,Average,12,0,app3,6,0,18,1,0.0,0
autogluon_average,Average,12,0,app3,6,0,18,1,0.0,1
autogluon_average,Average,12,0,app3,6,0,18,1,0.0,2
autogluon_average,Average,12,0,app3,6,0,18,1,0.0,3
autogluon_average,Average,12,0,app3,6,0,18,1,0.0,4
autogluon_average,Average,12,0,app3,6,0,18,1,0.0,5
autogluon_average,Average,12,0,app3,6,0,18,1,0.0,6
autogluon_average,Average,12,0,app3,6,0,18,1,0.0,7
autogluon_average,Average,12,0,app3,6,0,18,1,0.0,8
autogluon_average,Average,12,0,app3,6,0,18,1,0.0,9
autogluon_average,Average,12,0,app3,9,0,18,0,0.0,0
autogluon_average,Average,12,0,app3,9,0,18,0,0.0,1
autogluon_average,Average,12,0,app3,9,0,18,0,0.0,2
autogluon_average,Average,12,0,app3,9,0,18,0,0.0,3
autogluon_average,Average,12,0,app3,9,0,18,0,0.0,4
autogluon_average,Average,12,0,app3,9,0,18,0,0.0,5
autogluon_average,Average,12,0,app3,9,0,18,0,0.0,6
autogluon_average,Average,12,0,app3,9,0,18,0,0.0,7
autogluon_average,Average,12,0,app3,9,0,18,0,0.0,8
autogluon_average,Average,12,0,app3,9,0,18,0,0.0,9
autogluon_average,Average,12,0,app3,12,0,18,0,0.0,0
autogluon_average,Average,12,0,app3,12,0,18,0,0.0,1
autogluon_average,Average,12,0,app3,12,0,18,0,0.0,2
autogluon_average,Average,12,0,app3,12,0,18,0,0.0,3
autogluon_average,Average,12,0,app3,12,0,18,0,0.0,4
autogluon_average,Average,12,0,app3,12,0,18,0,0.0,5
autogluon_average,Average,12,0,app3,12,0,18,0,0.0,6
autogluon_average,Average,12,0,app3,12,0,18,0,0.0,7
autogluon_average,Average,12,0,app3,12,0,18,0,0.0,8
autogluon_average,Average,12,0,app3,12,0,18,0,0.0,9
autogluon_average,Average,12,0,app3,24,0,18,0,0.0,0
autogluon_average,Average,12,0,app3,24,0,18,0,0.0,1
autogluon_average,Average,12,0,app3,24,0,18,0,0.0,2
autogluon_average,Average,12,0,app3,24,0,18,0,0.0,3
autogluon_average,Average,12,0,app3,24,0,18,0,0.0,4
autogluon_average,Average,12,0,app3,24,0,18,0,0.0,5
autogluon_average,Average,12,0,app3,24,0,18,0,0.0,6
autogluon_average,Average,12,0,app3,24,0,18,0,0.0,7
autogluon_average,Average,12,0,app3,24,0,18,0,0.0,8
autogluon_average,Average,12,0,app3,24,0,18,0,0.0,9
autogluon_average,Average,12,0,app3,72,0,18,0,0.0,0
autogluon_average,Average,12,0,app3,72,0,18,0,0.0,1
autogluon_average,Average,12,0,app3,72,0,18,0,0.0,2
autogluon_average,Average,12,0,app3,72,0,18,0,0.0,3
autogluon_average,Average,12,0,app3,72,0,18,0,0.0,4
autogluon_average,Average,12,0,app3,72,0,18,0,0.0,5
autogluon_average,Average,12,0,app3,72,0,18,0,0.0,6
autogluon_average,Average,12,0,app3,72,0,18,0,0.0,7
autogluon_average,Average,12,0,app3,72,0,18,0,0.0,8
autogluon_average,Average,12,0,app3,72,0,18,0,0.0,9
autogluon_temporalfusiontransformer,TemporalFusionTransformer,6,0,app0,1,0,18,0,0.0,0
autogluon_temporalfusiontransformer,TemporalFusionTransformer,6,0,app0,1,0,18,0,0.0,1
autogluon_temporalfusiontransformer,TemporalFusionTransformer,6,0,app0,1,0,18,0,0.0,2
autogluon_temporalfusiontransformer,TemporalFusionTransformer,6,0,app0,1,0,18,0,0.0,3
autogluon_temporalfusiontransformer,TemporalFusionTransformer,6,0,app0,1,0,18,0,0.0,4
autogluon_temporalfusiontransformer,TemporalFusionTransformer,6,0,app0,1,0,18,0,0.0,5
autogluon_temporalfusiontransformer,TemporalFusionTransformer,6,0,app0,1,0,18,0,0.0,6
autogluon_temporalfusiontransformer,TemporalFusionTransformer,6,0,app0,1,0,18,0,0.0,7
autogluon_temporalfusiontransformer,TemporalFusionTransformer,6,0,app0,1,0,18,0,0.0,8
autogluon_temporalfusiontransformer,TemporalFusionTransformer,6,0,app0,1,0,18,0,0.0,9
autogluon_temporalfusiontransformer,TemporalFusionTransformer,6,0,app0,3,0,18,0,0.0,0
autogluon_temporalfusiontransformer,TemporalFusionTransformer,6,0,app0,3,0,18,0,0.0,1
autogluon_temporalfusiontransformer,TemporalFusionTransformer,6,0,app0,3,0,18,0,0.0,2
autogluon_temporalfusiontransformer,TemporalFusionTransformer,6,0,app0,3,0,18,0,0.0,3
autogluon_temporalfusiontransformer,TemporalFusionTransformer,6,0,app0,3,0,18,0,0.0,4
autogluon_temporalfusiontransformer,TemporalFusionTransformer,6,0,app0,3,0,18,0,0.0,5
autogluon_temporalfusiontransformer,TemporalFusionTransformer,6,0,app0,3,0,18,0,0.0,6
autogluon_temporalfusiontransformer,TemporalFusionTransformer,6,0,app0,3,0,18,0,0.0,7
autogluon_temporalfusiontransformer,TemporalFusionTransformer,6,0,app0,3,0,18,0,0.0,8
autogluon_temporalfusiontransformer,TemporalFusionTransformer,6,0,app0,3,0,18,0,0.0,9
autogluon_temporalfusiontransformer,TemporalFusionTransformer,6,0,app0,6,0,18,0,0.0,0
autogluon_temporalfusiontransformer,TemporalFusionTransformer,6,0,app0,6,0,18,0,0.0,1
autogluon_temporalfusiontransformer,TemporalFusionTransformer,6,0,app0,6,0,18,0,0.0,2
autogluon_temporalfusiontransformer,TemporalFusionTransformer,6,0,app0,6,0,18,0,0.0,3
autogluon_temporalfusiontransformer,TemporalFusionTransformer,6,0,app0,6,0,18,0,0.0,4
autogluon_temporalfusiontransformer,TemporalFusionTransformer,6,0,app0,6,0,18,0,0.0,5
autogluon_temporalfusiontransformer,TemporalFusionTransformer,6,0,app0,6,0,18,0,0.0,6
autogluon_temporalfusiontransformer,TemporalFusionTransformer,6,0,app0,6,0,18,0,0.0,7
autogluon_temporalfusiontransformer,TemporalFusionTransformer,6,0,app0,6,0,18,0,0.0,8
autogluon_temporalfusiontransformer,TemporalFusionTransformer,6,0,app0,6,0,18,0,0.0,9
autogluon_temporalfusiontransformer,TemporalFusionTransformer,6,0,app0,9,0,18,0,0.0,0
autogluon_temporalfusiontransformer,TemporalFusionTransformer,6,0,app0,9,0,18,0,0.0,1
autogluon_temporalfusiontransformer,TemporalFusionTransformer,6,0,app0,9,0,18,0,0.0,2
autogluon_temporalfusiontransformer,TemporalFusionTransformer,6,0,app0,9,0,18,0,0.0,3
autogluon_temporalfusiontransformer,TemporalFusionTransformer,6,0,app0,9,0,18,0,0.0,4
autogluon_temporalfusiontransformer,TemporalFusionTransformer,6,0,app0,9,0,18,0,0.0,5
autogluon_temporalfusiontransformer,TemporalFusionTransformer,6,0,app0,9,0,18,0,0.0,6
autogluon_temporalfusiontransformer,TemporalFusionTransformer,6,0,app0,9,0,18,0,0.0,7
autogluon_temporalfusiontransformer,TemporalFusionTransformer,6,0,app0,9,0,18,0,0.0,8
autogluon_temporalfusiontransformer,TemporalFusionTransformer,6,0,app0,9,0,18,0,0.0,9
autogluon_temporalfusiontransformer,TemporalFusionTransformer,6,0,app0,12,0,18,0,0.0,0
autogluon_temporalfusiontransformer,TemporalFusionTransformer,6,0,app0,12,0,18,0,0.0,1
autogluon_temporalfusiontransformer,TemporalFusionTransformer,6,0,app0,12,0,18,0,0.0,2
autogluon_temporalfusiontransformer,TemporalFusionTransformer,6,0,app0,12,0,18,0,0.0,3
autogluon_temporalfusiontransformer,TemporalFusionTransformer,6,0,app0,12,0,18,0,0.0,4
autogluon_temporalfusiontransformer,TemporalFusionTransformer,6,0,app0,12,0,18,0,0.0,5
autogluon_temporalfusiontransformer,TemporalFusionTransformer,6,0,app0,12,0,18,0,0.0,6
autogluon_temporalfusiontransformer,TemporalFusionTransformer,6,0,app0,12,0,18,0,0.0,7
autogluon_temporalfusiontransformer,TemporalFusionTransformer,6,0,app0,12,0,18,0,0.0,8
autogluon_temporalfusiontransformer,TemporalFusionTransformer,6,0,app0,12,0,18,0,0.0,9
autogluon_temporalfusiontransformer,TemporalFusionTransformer,6,0,app0,24,0,18,0,0.0,0
autogluon_temporalfusiontransformer,TemporalFusionTransformer,6,0,app0,24,0,18,0,0.0,1
autogluon_temporalfusiontransformer,TemporalFusionTransformer,6,0,app0,24,0,18,0,0.0,2
autogluon_temporalfusiontransformer,TemporalFusionTransformer,6,0,app0,24,0,18,0,0.0,3
autogluon_temporalfusiontransformer,TemporalFusionTransformer,6,0,app0,24,0,18,0,0.0,4
autogluon_temporalfusiontransformer,TemporalFusionTransformer,6,0,app0,24,0,18,0,0.0,5
autogluon_temporalfusiontransformer,TemporalFusionTransformer,6,0,app0,24,0,18,0,0.0,6
autogluon_temporalfusiontransformer,TemporalFusionTransformer,6,0,app0,24,0,18,0,0.0,7
autogluon_temporalfusiontransformer,TemporalFusionTransformer,6,0,app0,24,0,18,0,0.0,8
autogluon_temporalfusiontransformer,TemporalFusionTransformer,6,0,app0,24,0,18,0,0.0,9
autogluon_temporalfusiontransformer,TemporalFusionTransformer,6,0,app0,72,0,18,0,0.0,0
autogluon_temporalfusiontransformer,TemporalFusionTransformer,6,0,app0,72,0,18,0,0.0,1
autogluon_temporalfusiontransformer,TemporalFusionTransformer,6,0,app0,72,0,18,0,0.0,2
autogluon_temporalfusiontransformer,TemporalFusionTransformer,6,0,app0,72,0,18,0,0.0,3
autogluon_temporalfusiontransformer,TemporalFusionTransformer,6,0,app0,72,0,18,0,0.0,4
autogluon_temporalfusiontransformer,TemporalFusionTransformer,6,0,app0,72,0,18,0,0.0,5
autogluon_temporalfusiontransformer,TemporalFusionTransformer,6,0,app0,72,0,18,0,0.0,6
autogluon_temporalfusiontransformer,TemporalFusionTransformer,6,0,app0,72,0,18,0,0.0,7
autogluon_temporalfusiontransformer,TemporalFusionTransformer,6,0,app0,72,0,18,0,0.0,8
autogluon_temporalfusiontransformer,TemporalFusionTransformer,6,0,app0,72,0,18,0,0.0,9
autogluon_temporalfusiontransformer,TemporalFusionTransformer,6,0,app1,1,0,18,0,0.0,0
autogluon_temporalfusiontransformer,TemporalFusionTransformer,6,0,app1,1,0,18,0,0.0,1
autogluon_temporalfusiontransformer,TemporalFusionTransformer,6,0,app1,1,0,18,0,0.0,2
autogluon_temporalfusiontransformer,TemporalFusionTransformer,6,0,app1,1,0,18,0,0.0,3
autogluon_temporalfusiontransformer,TemporalFusionTransformer,6,0,app1,1,0,18,0,0.0,4
autogluon_temporalfusiontransformer,TemporalFusionTransformer,6,0,app1,1,0,18,0,0.0,5
autogluon_temporalfusiontransformer,TemporalFusionTransformer,6,0,app1,1,0,18,0,0.0,6
autogluon_temporalfusiontransformer,TemporalFusionTransformer,6,0,app1,1,0,18,0,0.0,7
autogluon_temporalfusiontransformer,TemporalFusionTransformer,6,0,app1,1,0,18,0,0.0,8
autogluon_temporalfusiontransformer,TemporalFusionTransformer,6,0,app1,1,0,18,0,0.0,9
autogluon_temporalfusiontransformer,TemporalFusionTransformer,6,0,app1,3,0,18,0,0.0,0
autogluon_temporalfusiontransformer,TemporalFusionTransformer,6,0,app1,3,0,18,0,0.0,1
autogluon_temporalfusiontransformer,TemporalFusionTransformer,6,0,app1,3,0,18,0,0.0,2
autogluon_temporalfusiontransformer,TemporalFusionTransformer,6,0,app1,3,0,18,0,0.0,3
autogluon_temporalfusiontransformer,TemporalFusionTransformer,6,0,app1,3,0,18,0,0.0,4
autogluon_temporalfusiontransformer,TemporalFusionTransformer,6,0,app1,3,0,18,0,0.0,5
autogluon_temporalfusiontransformer,TemporalFusionTransformer,6,0,app1,3,0,18,0,0.0,6
autogluon_temporalfusiontransformer,TemporalFusionTransformer,6,0,app1,3,0,18,0,0.0,7
autogluon_temporalfusiontransformer,TemporalFusionTransformer,6,0,app1,3,0,18,0,0.0,8
autogluon_temporalfusiontransformer,TemporalFusionTransformer,6,0,app1,3,0,18,0,0.0,9
autogluon_temporalfusiontransformer,TemporalFusionTransformer,6,0,app1,6,0,18,0,0.0,0
autogluon_temporalfusiontransformer,TemporalFusionTransformer,6,0,app1,6,0,18,0,0.0,1
autogluon_temporalfusiontransformer,TemporalFusionTransformer,6,0,app1,6,0,18,0,0.0,2
autogluon_temporalfusiontransformer,TemporalFusionTransformer,6,0,app1,6,0,18,0,0.0,3
autogluon_temporalfusiontransformer,TemporalFusionTransformer,6,0,app1,6,0,18,0,0.0,4
autogluon_temporalfusiontransformer,TemporalFusionTransformer,6,0,app1,6,0,18,0,0.0,5
autogluon_temporalfusiontransformer,TemporalFusionTransformer,6,0,app1,6,0,18,0,0.0,6
autogluon_temporalfusiontransformer,TemporalFusionTransformer,6,0,app1,6,0,18,0,0.0,7
autogluon_temporalfusiontransformer,TemporalFusionTransformer,6,0,app1,6,0,18,0,0.0,8
autogluon_temporalfusiontransformer,TemporalFusionTransformer,6,0,app1,6,0,18,0,0.0,9
autogluon_temporalfusiontransformer,TemporalFusionTransformer,6,0,app1,9,0,18,0,0.0,0
autogluon_temporalfusiontransformer,TemporalFusionTransformer,6,0,app1,9,0,18,0,0.0,1
autogluon_temporalfusiontransformer,TemporalFusionTransformer,6,0,app1,9,0,18,0,0.0,2
autogluon_temporalfusiontransformer,TemporalFusionTransformer,6,0,app1,9,0,18,0,0.0,3
autogluon_temporalfusiontransformer,TemporalFusionTransformer,6,0,app1,9,0,18,0,0.0,4
autogluon_temporalfusiontransformer,TemporalFusionTransformer,6,0,app1,9,0,18,0,0.0,5
autogluon_temporalfusiontransformer,TemporalFusionTransformer,6,0,app1,9,0,18,0,0.0,6
autogluon_temporalfusiontransformer,TemporalFusionTransformer,6,0,app1,9,0,18,0,0.0,7
autogluon_temporalfusiontransformer,TemporalFusionTransformer,6,0,app1,9,0,18,0,0.0,8
autogluon_temporalfusiontransformer,TemporalFusionTransformer,6,0,app1,9,0,18,0,0.0,9
autogluon_temporalfusiontransformer,TemporalFusionTransformer,6,0,app1,12,0,18,0,0.0,0
autogluon_temporalfusiontransformer,TemporalFusionTransformer,6,0,app1,12,0,18,0,0.0,1
autogluon_temporalfusiontransformer,TemporalFusionTransformer,6,0,app1,12,0,18,0,0.0,2
autogluon_temporalfusiontransformer,TemporalFusionTransformer,6,0,app1,12,0,18,0,0.0,3
autogluon_temporalfusiontransformer,TemporalFusionTransformer,6,0,app1,12,0,18,0,0.0,4
autogluon_temporalfusiontransformer,TemporalFusionTransformer,6,0,app1,12,0,18,0,0.0,5
autogluon_temporalfusiontransformer,TemporalFusionTransformer,6,0,app1,12,0,18,0,0.0,6
autogluon_temporalfusiontransformer,TemporalFusionTransformer,6,0,app1,12,0,18,0,0.0,7
autogluon_temporalfusiontransformer,TemporalFusionTransformer,6,0,app1,12,0,18,0,0.0,8
autogluon_temporalfusiontransformer,TemporalFusionTransformer,6,0,app1,12,0,18,0,0.0,9
autogluon_temporalfusiontransformer,TemporalFusionTransformer,6,0,app1,24,0,18,0,0.0,0
autogluon_temporalfusiontransformer,TemporalFusionTransformer,6,0,app1,24,0,18,0,0.0,1
autogluon_temporalfusiontransformer,TemporalFusionTransformer,6,0,app1,24,0,18,0,0.0,2
autogluon_temporalfusiontransformer,TemporalFusionTransformer,6,0,app1,24,0,18,0,0.0,3
autogluon_temporalfusiontransformer,TemporalFusionTransformer,6,0,app1,24,0,18,0,0.0,4
autogluon_temporalfusiontransformer,TemporalFusionTransformer,6,0,app1,24,0,18,0,0.0,5
autogluon_temporalfusiontransformer,TemporalFusionTransformer,6,0,app1,24,0,18,0,0.0,6
autogluon_temporalfusiontransformer,TemporalFusionTransformer,6,0,app1,24,0,18,0,0.0,7
autogluon_temporalfusiontransformer,TemporalFusionTransformer,6,0,app1,24,0,18,0,0.0,8
autogluon_temporalfusiontransformer,TemporalFusionTransformer,6,0,app1,24,0,18,0,0.0,9
autogluon_temporalfusiontransformer,TemporalFusionTransformer,6,0,app1,72,0,18,0,0.0,0
autogluon_temporalfusiontransformer,TemporalFusionTransformer,6,0,app1,72,0,18,0,0.0,1
autogluon_temporalfusiontransformer,TemporalFusionTransformer,6,0,app1,72,0,18,0,0.0,2
autogluon_temporalfusiontransformer,TemporalFusionTransformer,6,0,app1,72,0,18,0,0.0,3
autogluon_temporalfusiontransformer,TemporalFusionTransformer,6,0,app1,72,0,18,1,0.0,4
autogluon_temporalfusiontransformer,TemporalFusionTransformer,6,0,app1,72,0,18,0,0.0,5
autogluon_temporalfusiontransformer,TemporalFusionTransformer,6,0,app1,72,0,18,0,0.0,6
autogluon_temporalfusiontransformer,TemporalFusionTransformer,6,0,app1,72,0,18,0,0.0,7
autogluon_temporalfusiontransformer,TemporalFusionTransformer,6,0,app1,72,0,18,0,0.0,8
autogluon_temporalfusiontransformer,TemporalFusionTransformer,6,0,app1,72,0,18,0,0.0,9
autogluon_temporalfusiontransformer,TemporalFusionTransformer,6,0,app2,1,0,18,0,0.0,0
autogluon_temporalfusiontransformer,TemporalFusionTransformer,6,0,app2,1,0,18,0,0.0,1
autogluon_temporalfusiontransformer,TemporalFusionTransformer,6,0,app2,1,0,18,0,0.0,2
autogluon_temporalfusiontransformer,TemporalFusionTransformer,6,0,app2,1,0,18,0,0.0,3
autogluon_temporalfusiontransformer,TemporalFusionTransformer,6,0,app2,1,0,18,0,0.0,4
autogluon_temporalfusiontransformer,TemporalFusionTransformer,6,0,app2,1,0,18,0,0.0,5
autogluon_temporalfusiontransformer,TemporalFusionTransformer,6,0,app2,1,0,18,0,0.0,6
autogluon_temporalfusiontransformer,TemporalFusionTransformer,6,0,app2,1,0,18,0,0.0,7
autogluon_temporalfusiontransformer,TemporalFusionTransformer,6,0,app2,1,0,18,0,0.0,8
autogluon_temporalfusiontransformer,TemporalFusionTransformer,6,0,app2,1,0,18,0,0.0,9
autogluon_temporalfusiontransformer,TemporalFusionTransformer,6,0,app2,3,0,18,0,0.0,0
autogluon_temporalfusiontransformer,TemporalFusionTransformer,6,0,app2,3,0,18,0,0.0,1
autogluon_temporalfusiontransformer,TemporalFusionTransformer,6,0,app2,3,0,18,0,0.0,2
autogluon_temporalfusiontransformer,TemporalFusionTransformer,6,0,app2,3,0,18,0,0.0,3
autogluon_temporalfusiontransformer,TemporalFusionTransformer,6,0,app2,3,0,18,0,0.0,4
autogluon_temporalfusiontransformer,TemporalFusionTransformer,6,0,app2,3,0,18,0,0.0,5
autogluon_temporalfusiontransformer,TemporalFusionTransformer,6,0,app2,3,0,18,0,0.0,6
autogluon_temporalfusiontransformer,TemporalFusionTransformer,6,0,app2,3,0,18,0,0.0,7
autogluon_temporalfusiontransformer,TemporalFusionTransformer,6,0,app2,3,0,18,0,0.0,8
autogluon_temporalfusiontransformer,TemporalFusionTransformer,6,0,app2,3,0,18,0,0.0,9
autogluon_temporalfusiontransformer,TemporalFusionTransformer,6,0,app2,6,0,18,0,0.0,0
autogluon_temporalfusiontransformer,TemporalFusionTransformer,6,0,app2,6,0,18,0,0.0,1
autogluon_temporalfusiontransformer,TemporalFusionTransformer,6,0,app2,6,0,18,0,0.0,2
autogluon_temporalfusiontransformer,TemporalFusionTransformer,6,0,app2,6,0,18,0,0.0,3
autogluon_temporalfusiontransformer,TemporalFusionTransformer,6,0,app2,6,0,18,0,0.0,4
autogluon_temporalfusiontransformer,TemporalFusionTransformer,6,0,app2,6,0,18,0,0.0,5
autogluon_temporalfusiontransformer,TemporalFusionTransformer,6,0,app2,6,0,18,0,0.0,6
autogluon_temporalfusiontransformer,TemporalFusionTransformer,6,0,app2,6,0,18,0,0.0,7
autogluon_temporalfusiontransformer,TemporalFusionTransformer,6,0,app2,6,0,18,0,0.0,8
autogluon_temporalfusiontransformer,TemporalFusionTransformer,6,0,app2,6,0,18,0,0.0,9
autogluon_temporalfusiontransformer,TemporalFusionTransformer,6,0,app2,9,0,18,0,0.0,0
autogluon_temporalfusiontransformer,TemporalFusionTransformer,6,0,app2,9,0,18,0,0.0,1
autogluon_temporalfusiontransformer,TemporalFusionTransformer,6,0,app2,9,0,18,0,0.0,2
autogluon_temporalfusiontransformer,TemporalFusionTransformer,6,0,app2,9,0,18,0,0.0,3
autogluon_temporalfusiontransformer,TemporalFusionTransformer,6,0,app2,9,0,18,0,0.0,4
autogluon_temporalfusiontransformer,TemporalFusionTransformer,6,0,app2,9,0,18,0,0.0,5
autogluon_temporalfusiontransformer,TemporalFusionTransformer,6,0,app2,9,0,18,0,0.0,6
autogluon_temporalfusiontransformer,TemporalFusionTransformer,6,0,app2,9,0,18,0,0.0,7
autogluon_temporalfusiontransformer,TemporalFusionTransformer,6,0,app2,9,0,18,0,0.0,8
autogluon_temporalfusiontransformer,TemporalFusionTransformer,6,0,app2,9,0,18,0,0.0,9
autogluon_temporalfusiontransformer,TemporalFusionTransformer,6,0,app2,12,0,18,0,0.0,0
autogluon_temporalfusiontransformer,TemporalFusionTransformer,6,0,app2,12,0,18,0,0.0,1
autogluon_temporalfusiontransformer,TemporalFusionTransformer,6,0,app2,12,0,18,0,0.0,2
autogluon_temporalfusiontransformer,TemporalFusionTransformer,6,0,app2,12,0,18,0,0.0,3
autogluon_temporalfusiontransformer,TemporalFusionTransformer,6,0,app2,12,0,18,0,0.0,4
autogluon_temporalfusiontransformer,TemporalFusionTransformer,6,0,app2,12,0,18,0,0.0,5
autogluon_temporalfusiontransformer,TemporalFusionTransformer,6,0,app2,12,0,18,0,0.0,6
autogluon_temporalfusiontransformer,TemporalFusionTransformer,6,0,app2,12,0,18,0,0.0,7
autogluon_temporalfusiontransformer,TemporalFusionTransformer,6,0,app2,12,0,18,0,0.0,8
autogluon_temporalfusiontransformer,TemporalFusionTransformer,6,0,app2,12,0,18,0,0.0,9
autogluon_temporalfusiontransformer,TemporalFusionTransformer,6,0,app2,24,0,18,0,0.0,0
autogluon_temporalfusiontransformer,TemporalFusionTransformer,6,0,app2,24,0,18,0,0.0,1
autogluon_temporalfusiontransformer,TemporalFusionTransformer,6,0,app2,24,0,18,0,0.0,2
autogluon_temporalfusiontransformer,TemporalFusionTransformer,6,0,app2,24,0,18,0,0.0,3
autogluon_temporalfusiontransformer,TemporalFusionTransformer,6,0,app2,24,0,18,0,0.0,4
autogluon_temporalfusiontransformer,TemporalFusionTransformer,6,0,app2,24,0,18,0,0.0,5
autogluon_temporalfusiontransformer,TemporalFusionTransformer,6,0,app2,24,0,18,0,0.0,6
autogluon_temporalfusiontransformer,TemporalFusionTransformer,6,0,app2,24,0,18,0,0.0,7
autogluon_temporalfusiontransformer,TemporalFusionTransformer,6,0,app2,24,0,18,0,0.0,8
autogluon_temporalfusiontransformer,TemporalFusionTransformer,6,0,app2,24,0,18,0,0.0,9
autogluon_temporalfusiontransformer,TemporalFusionTransformer,6,0,app2,72,0,18,0,0.0,0
autogluon_temporalfusiontransformer,TemporalFusionTransformer,6,0,app2,72,0,18,0,0.0,1
autogluon_temporalfusiontransformer,TemporalFusionTransformer,6,0,app2,72,0,18,0,0.0,2
autogluon_temporalfusiontransformer,TemporalFusionTransformer,6,0,app2,72,0,18,0,0.0,3
autogluon_temporalfusiontransformer,TemporalFusionTransformer,6,0,app2,72,0,18,1,0.0,4
autogluon_temporalfusiontransformer,TemporalFusionTransformer,6,0,app2,72,0,18,0,0.0,5
autogluon_temporalfusiontransformer,TemporalFusionTransformer,6,0,app2,72,0,18,0,0.0,6
autogluon_temporalfusiontransformer,TemporalFusionTransformer,6,0,app2,72,0,18,0,0.0,7
autogluon_temporalfusiontransformer,TemporalFusionTransformer,6,0,app2,72,0,18,0,0.0,8
autogluon_temporalfusiontransformer,TemporalFusionTransformer,6,0,app2,72,0,18,0,0.0,9
autogluon_temporalfusiontransformer,TemporalFusionTransformer,6,0,app3,1,0,18,0,0.0,0
autogluon_temporalfusiontransformer,TemporalFusionTransformer,6,0,app3,1,0,18,0,0.0,1
autogluon_temporalfusiontransformer,TemporalFusionTransformer,6,0,app3,1,0,18,0,0.0,2
autogluon_temporalfusiontransformer,TemporalFusionTransformer,6,0,app3,1,0,18,0,0.0,3
autogluon_temporalfusiontransformer,TemporalFusionTransformer,6,0,app3,1,0,18,0,0.0,4
autogluon_temporalfusiontransformer,TemporalFusionTransformer,6,0,app3,1,0,18,0,0.0,5
autogluon_temporalfusiontransformer,TemporalFusionTransformer,6,0,app3,1,0,18,0,0.0,6
autogluon_temporalfusiontransformer,TemporalFusionTransformer,6,0,app3,1,0,18,0,0.0,7
autogluon_temporalfusiontransformer,TemporalFusionTransformer,6,0,app3,1,0,18,0,0.0,8
autogluon_temporalfusiontransformer,TemporalFusionTransformer,6,0,app3,1,0,18,0,0.0,9
autogluon_temporalfusiontransformer,TemporalFusionTransformer,6,0,app3,3,0,18,0,0.0,0
autogluon_temporalfusiontransformer,TemporalFusionTransformer,6,0,app3,3,0,18,0,0.0,1
autogluon_temporalfusiontransformer,TemporalFusionTransformer,6,0,app3,3,0,18,0,0.0,2
autogluon_temporalfusiontransformer,TemporalFusionTransformer,6,0,app3,3,0,18,0,0.0,3
autogluon_temporalfusiontransformer,TemporalFusionTransformer,6,0,app3,3,0,18,0,0.0,4
autogluon_temporalfusiontransformer,TemporalFusionTransformer,6,0,app3,3,0,18,0,0.0,5
autogluon_temporalfusiontransformer,TemporalFusionTransformer,6,0,app3,3,0,18,0,0.0,6
autogluon_temporalfusiontransformer,TemporalFusionTransformer,6,0,app3,3,0,18,0,0.0,7
autogluon_temporalfusiontransformer,TemporalFusionTransformer,6,0,app3,3,0,18,0,0.0,8
autogluon_temporalfusiontransformer,TemporalFusionTransformer,6,0,app3,3,0,18,0,0.0,9
autogluon_temporalfusiontransformer,TemporalFusionTransformer,6,0,app3,6,0,18,0,0.0,0
autogluon_temporalfusiontransformer,TemporalFusionTransformer,6,0,app3,6,0,18,0,0.0,1
autogluon_temporalfusiontransformer,TemporalFusionTransformer,6,0,app3,6,0,18,0,0.0,2
autogluon_temporalfusiontransformer,TemporalFusionTransformer,6,0,app3,6,0,18,0,0.0,3
autogluon_temporalfusiontransformer,TemporalFusionTransformer,6,0,app3,6,0,18,0,0.0,4
autogluon_temporalfusiontransformer,TemporalFusionTransformer,6,0,app3,6,0,18,0,0.0,5
autogluon_temporalfusiontransformer,TemporalFusionTransformer,6,0,app3,6,0,18,0,0.0,6
autogluon_temporalfusiontransformer,TemporalFusionTransformer,6,0,app3,6,0,18,0,0.0,7
autogluon_temporalfusiontransformer,TemporalFusionTransformer,6,0,app3,6,0,18,0,0.0,8
autogluon_temporalfusiontransformer,TemporalFusionTransformer,6,0,app3,6,0,18,0,0.0,9
autogluon_temporalfusiontransformer,TemporalFusionTransformer,6,0,app3,9,0,18,0,0.0,0
autogluon_temporalfusiontransformer,TemporalFusionTransformer,6,0,app3,9,0,18,0,0.0,1
autogluon_temporalfusiontransformer,TemporalFusionTransformer,6,0,app3,9,0,18,0,0.0,2
autogluon_temporalfusiontransformer,TemporalFusionTransformer,6,0,app3,9,0,18,0,0.0,3
autogluon_temporalfusiontransformer,TemporalFusionTransformer,6,0,app3,9,0,18,0,0.0,4
autogluon_temporalfusiontransformer,TemporalFusionTransformer,6,0,app3,9,0,18,0,0.0,5
autogluon_temporalfusiontransformer,TemporalFusionTransformer,6,0,app3,9,0,18,0,0.0,6
autogluon_temporalfusiontransformer,TemporalFusionTransformer,6,0,app3,9,0,18,0,0.0,7
autogluon_temporalfusiontransformer,TemporalFusionTransformer,6,0,app3,9,0,18,0,0.0,8
autogluon_temporalfusiontransformer,TemporalFusionTransformer,6,0,app3,9,0,18,0,0.0,9
autogluon_temporalfusiontransformer,TemporalFusionTransformer,6,0,app3,12,0,18,0,0.0,0
autogluon_temporalfusiontransformer,TemporalFusionTransformer,6,0,app3,12,0,18,0,0.0,1
autogluon_temporalfusiontransformer,TemporalFusionTransformer,6,0,app3,12,0,18,0,0.0,2
autogluon_temporalfusiontransformer,TemporalFusionTransformer,6,0,app3,12,0,18,0,0.0,3
autogluon_temporalfusiontransformer,TemporalFusionTransformer,6,0,app3,12,0,18,0,0.0,4
autogluon_temporalfusiontransformer,TemporalFusionTransformer,6,0,app3,12,0,18,0,0.0,5
autogluon_temporalfusiontransformer,TemporalFusionTransformer,6,0,app3,12,0,18,0,0.0,6
autogluon_temporalfusiontransformer,TemporalFusionTransformer,6,0,app3,12,0,18,0,0.0,7
autogluon_temporalfusiontransformer,TemporalFusionTransformer,6,0,app3,12,0,18,0,0.0,8
autogluon_temporalfusiontransformer,TemporalFusionTransformer,6,0,app3,12,0,18,0,0.0,9
autogluon_temporalfusiontransformer,TemporalFusionTransformer,6,0,app3,24,0,18,0,0.0,0
autogluon_temporalfusiontransformer,TemporalFusionTransformer,6,0,app3,24,0,18,0,0.0,1
autogluon_temporalfusiontransformer,TemporalFusionTransformer,6,0,app3,24,0,18,0,0.0,2
autogluon_temporalfusiontransformer,TemporalFusionTransformer,6,0,app3,24,0,18,0,0.0,3
autogluon_temporalfusiontransformer,TemporalFusionTransformer,6,0,app3,24,0,18,0,0.0,4
autogluon_temporalfusiontransformer,TemporalFusionTransformer,6,0,app3,24,0,18,0,0.0,5
autogluon_temporalfusiontransformer,TemporalFusionTransformer,6,0,app3,24,0,18,0,0.0,6
autogluon_temporalfusiontransformer,TemporalFusionTransformer,6,0,app3,24,0,18,0,0.0,7
autogluon_temporalfusiontransformer,TemporalFusionTransformer,6,0,app3,24,0,18,0,0.0,8
autogluon_temporalfusiontransformer,TemporalFusionTransformer,6,0,app3,24,0,18,0,0.0,9
autogluon_temporalfusiontransformer,TemporalFusionTransformer,6,0,app3,72,0,18,0,0.0,0
autogluon_temporalfusiontransformer,TemporalFusionTransformer,6,0,app3,72,0,18,0,0.0,1
autogluon_temporalfusiontransformer,TemporalFusionTransformer,6,0,app3,72,0,18,0,0.0,2
autogluon_temporalfusiontransformer,TemporalFusionTransformer,6,0,app3,72,0,18,0,0.0,3
autogluon_temporalfusiontransformer,TemporalFusionTransformer,6,0,app3,72,0,18,0,0.0,4
autogluon_temporalfusiontransformer,TemporalFusionTransformer,6,0,app3,72,0,18,0,0.0,5
autogluon_temporalfusiontransformer,TemporalFusionTransformer,6,0,app3,72,0,18,0,0.0,6
autogluon_temporalfusiontransformer,TemporalFusionTransformer,6,0,app3,72,0,18,0,0.0,7
autogluon_temporalfusiontransformer,TemporalFusionTransformer,6,0,app3,72,0,18,0,0.0,8
autogluon_temporalfusiontransformer,TemporalFusionTransformer,6,0,app3,72,0,18,0,0.0,9
autogluon_temporalfusiontransformer,TemporalFusionTransformer,12,0,app0,1,0,18,0,0.0,0
autogluon_temporalfusiontransformer,TemporalFusionTransformer,12,0,app0,1,0,18,0,0.0,1
autogluon_temporalfusiontransformer,TemporalFusionTransformer,12,0,app0,1,0,18,0,0.0,2
autogluon_temporalfusiontransformer,TemporalFusionTransformer,12,0,app0,1,0,18,0,0.0,3
autogluon_temporalfusiontransformer,TemporalFusionTransformer,12,0,app0,1,0,18,0,0.0,4
autogluon_temporalfusiontransformer,TemporalFusionTransformer,12,0,app0,1,0,18,0,0.0,5
autogluon_temporalfusiontransformer,TemporalFusionTransformer,12,0,app0,1,0,18,0,0.0,6
autogluon_temporalfusiontransformer,TemporalFusionTransformer,12,0,app0,1,0,18,0,0.0,7
autogluon_temporalfusiontransformer,TemporalFusionTransformer,12,0,app0,1,0,18,0,0.0,8
autogluon_temporalfusiontransformer,TemporalFusionTransformer,12,0,app0,1,0,18,0,0.0,9
autogluon_temporalfusiontransformer,TemporalFusionTransformer,12,0,app0,3,0,18,0,0.0,0
autogluon_temporalfusiontransformer,TemporalFusionTransformer,12,0,app0,3,0,18,0,0.0,1
autogluon_temporalfusiontransformer,TemporalFusionTransformer,12,0,app0,3,0,18,0,0.0,2
autogluon_temporalfusiontransformer,TemporalFusionTransformer,12,0,app0,3,0,18,0,0.0,3
autogluon_temporalfusiontransformer,TemporalFusionTransformer,12,0,app0,3,0,18,0,0.0,4
autogluon_temporalfusiontransformer,TemporalFusionTransformer,12,0,app0,3,0,18,0,0.0,5
autogluon_temporalfusiontransformer,TemporalFusionTransformer,12,0,app0,3,0,18,0,0.0,6
autogluon_temporalfusiontransformer,TemporalFusionTransformer,12,0,app0,3,0,18,0,0.0,7
autogluon_temporalfusiontransformer,TemporalFusionTransformer,12,0,app0,3,0,18,0,0.0,8
autogluon_temporalfusiontransformer,TemporalFusionTransformer,12,0,app0,3,0,18,0,0.0,9
autogluon_temporalfusiontransformer,TemporalFusionTransformer,12,0,app0,6,0,18,0,0.0,0
autogluon_temporalfusiontransformer,TemporalFusionTransformer,12,0,app0,6,0,18,0,0.0,1
autogluon_temporalfusiontransformer,TemporalFusionTransformer,12,0,app0,6,0,18,0,0.0,2
autogluon_temporalfusiontransformer,TemporalFusionTransformer,12,0,app0,6,0,18,0,0.0,3
autogluon_temporalfusiontransformer,TemporalFusionTransformer,12,0,app0,6,0,18,0,0.0,4
autogluon_temporalfusiontransformer,TemporalFusionTransformer,12,0,app0,6,0,18,1,0.0,5
autogluon_temporalfusiontransformer,TemporalFusionTransformer,12,0,app0,6,0,18,0,0.0,6
autogluon_temporalfusiontransformer,TemporalFusionTransformer,12,0,app0,6,0,18,1,0.0,7
autogluon_temporalfusiontransformer,TemporalFusionTransformer,12,0,app0,6,0,18,0,0.0,8
autogluon_temporalfusiontransformer,TemporalFusionTransformer,12,0,app0,6,0,18,0,0.0,9
autogluon_temporalfusiontransformer,TemporalFusionTransformer,12,0,app0,9,0,18,0,0.0,0
autogluon_temporalfusiontransformer,TemporalFusionTransformer,12,0,app0,9,0,18,0,0.0,1
autogluon_temporalfusiontransformer,TemporalFusionTransformer,12,0,app0,9,0,18,0,0.0,2
autogluon_temporalfusiontransformer,TemporalFusionTransformer,12,0,app0,9,0,18,0,0.0,3
autogluon_temporalfusiontransformer,TemporalFusionTransformer,12,0,app0,9,0,18,0,0.0,4
autogluon_temporalfusiontransformer,TemporalFusionTransformer,12,0,app0,9,0,18,0,0.0,5
autogluon_temporalfusiontransformer,TemporalFusionTransformer,12,0,app0,9,0,18,0,0.0,6
autogluon_temporalfusiontransformer,TemporalFusionTransformer,12,0,app0,9,0,18,0,0.0,7
autogluon_temporalfusiontransformer,TemporalFusionTransformer,12,0,app0,9,0,18,0,0.0,8
autogluon_temporalfusiontransformer,TemporalFusionTransformer,12,0,app0,9,0,18,0,0.0,9
autogluon_temporalfusiontransformer,TemporalFusionTransformer,12,0,app0,12,0,18,0,0.0,0
autogluon_temporalfusiontransformer,TemporalFusionTransformer,12,0,app0,12,0,18,0,0.0,1
autogluon_temporalfusiontransformer,TemporalFusionTransformer,12,0,app0,12,0,18,0,0.0,2
autogluon_temporalfusiontransformer,TemporalFusionTransformer,12,0,app0,12,0,18,0,0.0,3
autogluon_temporalfusiontransformer,TemporalFusionTransformer,12,0,app0,12,0,18,0,0.0,4
autogluon_temporalfusiontransformer,TemporalFusionTransformer,12,0,app0,12,0,18,0,0.0,5
autogluon_temporalfusiontransformer,TemporalFusionTransformer,12,0,app0,12,0,18,0,0.0,6
autogluon_temporalfusiontransformer,TemporalFusionTransformer,12,0,app0,12,0,18,0,0.0,7
autogluon_temporalfusiontransformer,TemporalFusionTransformer,12,0,app0,12,0,18,0,0.0,8
autogluon_temporalfusiontransformer,TemporalFusionTransformer,12,0,app0,12,0,18,0,0.0,9
autogluon_temporalfusiontransformer,TemporalFusionTransformer,12,0,app0,24,0,18,0,0.0,0
autogluon_temporalfusiontransformer,TemporalFusionTransformer,12,0,app0,24,0,18,0,0.0,1
autogluon_temporalfusiontransformer,TemporalFusionTransformer,12,0,app0,24,0,18,0,0.0,2
autogluon_temporalfusiontransformer,TemporalFusionTransformer,12,0,app0,24,0,18,0,0.0,3
autogluon_temporalfusiontransformer,TemporalFusionTransformer,12,0,app0,24,0,18,0,0.0,4
autogluon_temporalfusiontransformer,TemporalFusionTransformer,12,0,app0,24,0,18,0,0.0,5
autogluon_temporalfusiontransformer,TemporalFusionTransformer,12,0,app0,24,0,18,0,0.0,6
autogluon_temporalfusiontransformer,TemporalFusionTransformer,12,0,app0,24,0,18,0,0.0,7
autogluon_temporalfusiontransformer,TemporalFusionTransformer,12,0,app0,24,0,18,0,0.0,8
autogluon_temporalfusiontransformer,TemporalFusionTransformer,12,0,app0,24,0,18,0,0.0,9
autogluon_temporalfusiontransformer,TemporalFusionTransformer,12,0,app0,72,0,18,0,0.0,0
autogluon_temporalfusiontransformer,TemporalFusionTransformer,12,0,app0,72,0,18,0,0.0,1
autogluon_temporalfusiontransformer,TemporalFusionTransformer,12,0,app0,72,0,18,0,0.0,2
autogluon_temporalfusiontransformer,TemporalFusionTransformer,12,0,app0,72,0,18,0,0.0,3
autogluon_temporalfusiontransformer,TemporalFusionTransformer,12,0,app0,72,0,18,0,0.0,4
autogluon_temporalfusiontransformer,TemporalFusionTransformer,12,0,app0,72,0,18,0,0.0,5
autogluon_temporalfusiontransformer,TemporalFusionTransformer,12,0,app0,72,0,18,0,0.0,6
autogluon_temporalfusiontransformer,TemporalFusionTransformer,12,0,app0,72,0,18,0,0.0,7
autogluon_temporalfusiontransformer,TemporalFusionTransformer,12,0,app0,72,0,18,0,0.0,8
autogluon_temporalfusiontransformer,TemporalFusionTransformer,12,0,app0,72,0,18,0,0.0,9
autogluon_temporalfusiontransformer,TemporalFusionTransformer,12,0,app1,1,0,18,0,0.0,0
autogluon_temporalfusiontransformer,TemporalFusionTransformer,12,0,app1,1,0,18,0,0.0,1
autogluon_temporalfusiontransformer,TemporalFusionTransformer,12,0,app1,1,0,18,0,0.0,2
autogluon_temporalfusiontransformer,TemporalFusionTransformer,12,0,app1,1,0,18,0,0.0,3
autogluon_temporalfusiontransformer,TemporalFusionTransformer,12,0,app1,1,0,18,0,0.0,4
autogluon_temporalfusiontransformer,TemporalFusionTransformer,12,0,app1,1,0,18,0,0.0,5
autogluon_temporalfusiontransformer,TemporalFusionTransformer,12,0,app1,1,0,18,0,0.0,6
autogluon_temporalfusiontransformer,TemporalFusionTransformer,12,0,app1,1,0,18,0,0.0,7
autogluon_temporalfusiontransformer,TemporalFusionTransformer,12,0,app1,1,0,18,0,0.0,8
autogluon_temporalfusiontransformer,TemporalFusionTransformer,12,0,app1,1,0,18,0,0.0,9
autogluon_temporalfusiontransformer,TemporalFusionTransformer,12,0,app1,3,0,18,0,0.0,0
autogluon_temporalfusiontransformer,TemporalFusionTransformer,12,0,app1,3,0,18,0,0.0,1
autogluon_temporalfusiontransformer,TemporalFusionTransformer,12,0,app1,3,0,18,0,0.0,2
autogluon_temporalfusiontransformer,TemporalFusionTransformer,12,0,app1,3,0,18,0,0.0,3
autogluon_temporalfusiontransformer,TemporalFusionTransformer,12,0,app1,3,0,18,0,0.0,4
autogluon_temporalfusiontransformer,TemporalFusionTransformer,12,0,app1,3,0,18,0,0.0,5
autogluon_temporalfusiontransformer,TemporalFusionTransformer,12,0,app1,3,0,18,0,0.0,6
autogluon_temporalfusiontransformer,TemporalFusionTransformer,12,0,app1,3,0,18,0,0.0,7
autogluon_temporalfusiontransformer,TemporalFusionTransformer,12,0,app1,3,0,18,0,0.0,8
autogluon_temporalfusiontransformer,TemporalFusionTransformer,12,0,app1,3,0,18,0,0.0,9
autogluon_temporalfusiontransformer,TemporalFusionTransformer,12,0,app1,6,0,18,0,0.0,0
autogluon_temporalfusiontransformer,TemporalFusionTransformer,12,0,app1,6,0,18,0,0.0,1
autogluon_temporalfusiontransformer,TemporalFusionTransformer,12,0,app1,6,0,18,0,0.0,2
autogluon_temporalfusiontransformer,TemporalFusionTransformer,12,0,app1,6,0,18,0,0.0,3
autogluon_temporalfusiontransformer,TemporalFusionTransformer,12,0,app1,6,0,18,0,0.0,4
autogluon_temporalfusiontransformer,TemporalFusionTransformer,12,0,app1,6,0,18,1,0.0,5
autogluon_temporalfusiontransformer,TemporalFusionTransformer,12,0,app1,6,0,18,0,0.0,6
autogluon_temporalfusiontransformer,TemporalFusionTransformer,12,0,app1,6,0,18,1,0.0,7
autogluon_temporalfusiontransformer,TemporalFusionTransformer,12,0,app1,6,0,18,0,0.0,8
autogluon_temporalfusiontransformer,TemporalFusionTransformer,12,0,app1,6,0,18,0,0.0,9
autogluon_temporalfusiontransformer,TemporalFusionTransformer,12,0,app1,9,0,18,0,0.0,0
autogluon_temporalfusiontransformer,TemporalFusionTransformer,12,0,app1,9,0,18,0,0.0,1
autogluon_temporalfusiontransformer,TemporalFusionTransformer,12,0,app1,9,0,18,0,0.0,2
autogluon_temporalfusiontransformer,TemporalFusionTransformer,12,0,app1,9,0,18,0,0.0,3
autogluon_temporalfusiontransformer,TemporalFusionTransformer,12,0,app1,9,0,18,0,0.0,4
autogluon_temporalfusiontransformer,TemporalFusionTransformer,12,0,app1,9,0,18,0,0.0,5
autogluon_temporalfusiontransformer,TemporalFusionTransformer,12,0,app1,9,0,18,0,0.0,6
autogluon_temporalfusiontransformer,TemporalFusionTransformer,12,0,app1,9,0,18,0,0.0,7
autogluon_temporalfusiontransformer,TemporalFusionTransformer,12,0,app1,9,0,18,0,0.0,8
autogluon_temporalfusiontransformer,TemporalFusionTransformer,12,0,app1,9,0,18,0,0.0,9
autogluon_temporalfusiontransformer,TemporalFusionTransformer,12,0,app1,12,0,18,0,0.0,0
autogluon_temporalfusiontransformer,TemporalFusionTransformer,12,0,app1,12,0,18,0,0.0,1
autogluon_temporalfusiontransformer,TemporalFusionTransformer,12,0,app1,12,0,18,0,0.0,2
autogluon_temporalfusiontransformer,TemporalFusionTransformer,12,0,app1,12,0,18,0,0.0,3
autogluon_temporalfusiontransformer,TemporalFusionTransformer,12,0,app1,12,0,18,0,0.0,4
autogluon_temporalfusiontransformer,TemporalFusionTransformer,12,0,app1,12,0,18,0,0.0,5
autogluon_temporalfusiontransformer,TemporalFusionTransformer,12,0,app1,12,0,18,0,0.0,6
autogluon_temporalfusiontransformer,TemporalFusionTransformer,12,0,app1,12,0,18,0,0.0,7
autogluon_temporalfusiontransformer,TemporalFusionTransformer,12,0,app1,12,0,18,0,0.0,8
autogluon_temporalfusiontransformer,TemporalFusionTransformer,12,0,app1,12,0,18,0,0.0,9
autogluon_temporalfusiontransformer,TemporalFusionTransformer,12,0,app1,24,0,18,0,0.0,0
autogluon_temporalfusiontransformer,TemporalFusionTransformer,12,0,app1,24,0,18,0,0.0,1
autogluon_temporalfusiontransformer,TemporalFusionTransformer,12,0,app1,24,0,18,0,0.0,2
autogluon_temporalfusiontransformer,TemporalFusionTransformer,12,0,app1,24,0,18,0,0.0,3
autogluon_temporalfusiontransformer,TemporalFusionTransformer,12,0,app1,24,0,18,0,0.0,4
autogluon_temporalfusiontransformer,TemporalFusionTransformer,12,0,app1,24,0,18,0,0.0,5
autogluon_temporalfusiontransformer,TemporalFusionTransformer,12,0,app1,24,0,18,0,0.0,6
autogluon_temporalfusiontransformer,TemporalFusionTransformer,12,0,app1,24,0,18,0,0.0,7
autogluon_temporalfusiontransformer,TemporalFusionTransformer,12,0,app1,24,0,18,0,0.0,8
autogluon_temporalfusiontransformer,TemporalFusionTransformer,12,0,app1,24,0,18,0,0.0,9
autogluon_temporalfusiontransformer,TemporalFusionTransformer,12,0,app1,72,0,18,0,0.0,0
autogluon_temporalfusiontransformer,TemporalFusionTransformer,12,0,app1,72,0,18,0,0.0,1
autogluon_temporalfusiontransformer,TemporalFusionTransformer,12,0,app1,72,0,18,0,0.0,2
autogluon_temporalfusiontransformer,TemporalFusionTransformer,12,0,app1,72,0,18,0,0.0,3
autogluon_temporalfusiontransformer,TemporalFusionTransformer,12,0,app1,72,0,18,0,0.0,4
autogluon_temporalfusiontransformer,TemporalFusionTransformer,12,0,app1,72,0,18,0,0.0,5
autogluon_temporalfusiontransformer,TemporalFusionTransformer,12,0,app1,72,0,18,0,0.0,6
autogluon_temporalfusiontransformer,TemporalFusionTransformer,12,0,app1,72,0,18,0,0.0,7
autogluon_temporalfusiontransformer,TemporalFusionTransformer,12,0,app1,72,0,18,0,0.0,8
autogluon_temporalfusiontransformer,TemporalFusionTransformer,12,0,app1,72,0,18,0,0.0,9
autogluon_temporalfusiontransformer,TemporalFusionTransformer,12,0,app2,1,0,18,0,0.0,0
autogluon_temporalfusiontransformer,TemporalFusionTransformer,12,0,app2,1,0,18,0,0.0,1
autogluon_temporalfusiontransformer,TemporalFusionTransformer,12,0,app2,1,0,18,0,0.0,2
autogluon_temporalfusiontransformer,TemporalFusionTransformer,12,0,app2,1,0,18,0,0.0,3
autogluon_temporalfusiontransformer,TemporalFusionTransformer,12,0,app2,1,0,18,0,0.0,4
autogluon_temporalfusiontransformer,TemporalFusionTransformer,12,0,app2,1,0,18,0,0.0,5
autogluon_temporalfusiontransformer,TemporalFusionTransformer,12,0,app2,1,0,18,0,0.0,6
autogluon_temporalfusiontransformer,TemporalFusionTransformer,12,0,app2,1,0,18,0,0.0,7
autogluon_temporalfusiontransformer,TemporalFusionTransformer,12,0,app2,1,0,18,0,0.0,8
autogluon_temporalfusiontransformer,TemporalFusionTransformer,12,0,app2,1,0,18,0,0.0,9
autogluon_temporalfusiontransformer,TemporalFusionTransformer,12,0,app2,3,0,18,0,0.0,0
autogluon_temporalfusiontransformer,TemporalFusionTransformer,12,0,app2,3,0,18,0,0.0,1
autogluon_temporalfusiontransformer,TemporalFusionTransformer,12,0,app2,3,0,18,0,0.0,2
autogluon_temporalfusiontransformer,TemporalFusionTransformer,12,0,app2,3,0,18,0,0.0,3
autogluon_temporalfusiontransformer,TemporalFusionTransformer,12,0,app2,3,0,18,0,0.0,4
autogluon_temporalfusiontransformer,TemporalFusionTransformer,12,0,app2,3,0,18,0,0.0,5
autogluon_temporalfusiontransformer,TemporalFusionTransformer,12,0,app2,3,0,18,0,0.0,6
autogluon_temporalfusiontransformer,TemporalFusionTransformer,12,0,app2,3,0,18,0,0.0,7
autogluon_temporalfusiontransformer,TemporalFusionTransformer,12,0,app2,3,0,18,0,0.0,8
autogluon_temporalfusiontransformer,TemporalFusionTransformer,12,0,app2,3,0,18,0,0.0,9
autogluon_temporalfusiontransformer,TemporalFusionTransformer,12,0,app2,6,0,18,0,0.0,0
autogluon_temporalfusiontransformer,TemporalFusionTransformer,12,0,app2,6,0,18,0,0.0,1
autogluon_temporalfusiontransformer,TemporalFusionTransformer,12,0,app2,6,0,18,0,0.0,2
autogluon_temporalfusiontransformer,TemporalFusionTransformer,12,0,app2,6,0,18,0,0.0,3
autogluon_temporalfusiontransformer,TemporalFusionTransformer,12,0,app2,6,0,18,0,0.0,4
autogluon_temporalfusiontransformer,TemporalFusionTransformer,12,0,app2,6,0,18,1,0.0,5
autogluon_temporalfusiontransformer,TemporalFusionTransformer,12,0,app2,6,0,18,0,0.0,6
autogluon_temporalfusiontransformer,TemporalFusionTransformer,12,0,app2,6,0,18,1,0.0,7
autogluon_temporalfusiontransformer,TemporalFusionTransformer,12,0,app2,6,0,18,0,0.0,8
autogluon_temporalfusiontransformer,TemporalFusionTransformer,12,0,app2,6,0,18,0,0.0,9
autogluon_temporalfusiontransformer,TemporalFusionTransformer,12,0,app2,9,0,18,0,0.0,0
autogluon_temporalfusiontransformer,TemporalFusionTransformer,12,0,app2,9,0,18,0,0.0,1
autogluon_temporalfusiontransformer,TemporalFusionTransformer,12,0,app2,9,0,18,0,0.0,2
autogluon_temporalfusiontransformer,TemporalFusionTransformer,12,0,app2,9,0,18,0,0.0,3
autogluon_temporalfusiontransformer,TemporalFusionTransformer,12,0,app2,9,0,18,0,0.0,4
autogluon_temporalfusiontransformer,TemporalFusionTransformer,12,0,app2,9,0,18,0,0.0,5
autogluon_temporalfusiontransformer,TemporalFusionTransformer,12,0,app2,9,0,18,0,0.0,6
autogluon_temporalfusiontransformer,TemporalFusionTransformer,12,0,app2,9,0,18,0,0.0,7
autogluon_temporalfusiontransformer,TemporalFusionTransformer,12,0,app2,9,0,18,0,0.0,8
autogluon_temporalfusiontransformer,TemporalFusionTransformer,12,0,app2,9,0,18,0,0.0,9
autogluon_temporalfusiontransformer,TemporalFusionTransformer,12,0,app2,12,0,18,0,0.0,0
autogluon_temporalfusiontransformer,TemporalFusionTransformer,12,0,app2,12,0,18,0,0.0,1
autogluon_temporalfusiontransformer,TemporalFusionTransformer,12,0,app2,12,0,18,0,0.0,2
autogluon_temporalfusiontransformer,TemporalFusionTransformer,12,0,app2,12,0,18,0,0.0,3
autogluon_temporalfusiontransformer,TemporalFusionTransformer,12,0,app2,12,0,18,0,0.0,4
autogluon_temporalfusiontransformer,TemporalFusionTransformer,12,0,app2,12,0,18,0,0.0,5
autogluon_temporalfusiontransformer,TemporalFusionTransformer,12,0,app2,12,0,18,0,0.0,6
autogluon_temporalfusiontransformer,TemporalFusionTransformer,12,0,app2,12,0,18,0,0.0,7
autogluon_temporalfusiontransformer,TemporalFusionTransformer,12,0,app2,12,0,18,0,0.0,8
autogluon_temporalfusiontransformer,TemporalFusionTransformer,12,0,app2,12,0,18,0,0.0,9
autogluon_temporalfusiontransformer,TemporalFusionTransformer,12,0,app2,24,0,18,0,0.0,0
autogluon_temporalfusiontransformer,TemporalFusionTransformer,12,0,app2,24,0,18,0,0.0,1
autogluon_temporalfusiontransformer,TemporalFusionTransformer,12,0,app2,24,0,18,0,0.0,2
autogluon_temporalfusiontransformer,TemporalFusionTransformer,12,0,app2,24,0,18,0,0.0,3
autogluon_temporalfusiontransformer,TemporalFusionTransformer,12,0,app2,24,0,18,0,0.0,4
autogluon_temporalfusiontransformer,TemporalFusionTransformer,12,0,app2,24,0,18,0,0.0,5
autogluon_temporalfusiontransformer,TemporalFusionTransformer,12,0,app2,24,0,18,0,0.0,6
autogluon_temporalfusiontransformer,TemporalFusionTransformer,12,0,app2,24,0,18,0,0.0,7
autogluon_temporalfusiontransformer,TemporalFusionTransformer,12,0,app2,24,0,18,0,0.0,8
autogluon_temporalfusiontransformer,TemporalFusionTransformer,12,0,app2,24,0,18,0,0.0,9
autogluon_temporalfusiontransformer,TemporalFusionTransformer,12,0,app2,72,0,18,0,0.0,0
autogluon_temporalfusiontransformer,TemporalFusionTransformer,12,0,app2,72,0,18,0,0.0,1
autogluon_temporalfusiontransformer,TemporalFusionTransformer,12,0,app2,72,0,18,0,0.0,2
autogluon_temporalfusiontransformer,TemporalFusionTransformer,12,0,app2,72,0,18,0,0.0,3
autogluon_temporalfusiontransformer,TemporalFusionTransformer,12,0,app2,72,0,18,0,0.0,4
autogluon_temporalfusiontransformer,TemporalFusionTransformer,12,0,app2,72,0,18,0,0.0,5
autogluon_temporalfusiontransformer,TemporalFusionTransformer,12,0,app2,72,0,18,0,0.0,6
autogluon_temporalfusiontransformer,TemporalFusionTransformer,12,0,app2,72,0,18,0,0.0,7
autogluon_temporalfusiontransformer,TemporalFusionTransformer,12,0,app2,72,0,18,0,0.0,8
autogluon_temporalfusiontransformer,TemporalFusionTransformer,12,0,app2,72,0,18,0,0.0,9
autogluon_temporalfusiontransformer,TemporalFusionTransformer,12,0,app3,1,0,18,0,0.0,0
autogluon_temporalfusiontransformer,TemporalFusionTransformer,12,0,app3,1,0,18,0,0.0,1
autogluon_temporalfusiontransformer,TemporalFusionTransformer,12,0,app3,1,0,18,0,0.0,2
autogluon_temporalfusiontransformer,TemporalFusionTransformer,12,0,app3,1,0,18,0,0.0,3
autogluon_temporalfusiontransformer,TemporalFusionTransformer,12,0,app3,1,0,18,0,0.0,4
autogluon_temporalfusiontransformer,TemporalFusionTransformer,12,0,app3,1,0,18,0,0.0,5
autogluon_temporalfusiontransformer,TemporalFusionTransformer,12,0,app3,1,0,18,0,0.0,6
autogluon_temporalfusiontransformer,TemporalFusionTransformer,12,0,app3,1,0,18,0,0.0,7
autogluon_temporalfusiontransformer,TemporalFusionTransformer,12,0,app3,1,0,18,0,0.0,8
autogluon_temporalfusiontransformer,TemporalFusionTransformer,12,0,app3,1,0,18,0,0.0,9
autogluon_temporalfusiontransformer,TemporalFusionTransformer,12,0,app3,3,0,18,0,0.0,0
autogluon_temporalfusiontransformer,TemporalFusionTransformer,12,0,app3,3,0,18,0,0.0,1
autogluon_temporalfusiontransformer,TemporalFusionTransformer,12,0,app3,3,0,18,0,0.0,2
autogluon_temporalfusiontransformer,TemporalFusionTransformer,12,0,app3,3,0,18,0,0.0,3
autogluon_temporalfusiontransformer,TemporalFusionTransformer,12,0,app3,3,0,18,0,0.0,4
autogluon_temporalfusiontransformer,TemporalFusionTransformer,12,0,app3,3,0,18,0,0.0,5
autogluon_temporalfusiontransformer,TemporalFusionTransformer,12,0,app3,3,0,18,0,0.0,6
autogluon_temporalfusiontransformer,TemporalFusionTransformer,12,0,app3,3,0,18,0,0.0,7
autogluon_temporalfusiontransformer,TemporalFusionTransformer,12,0,app3,3,0,18,0,0.0,8
autogluon_temporalfusiontransformer,TemporalFusionTransformer,12,0,app3,3,0,18,0,0.0,9
autogluon_temporalfusiontransformer,TemporalFusionTransformer,12,0,app3,6,0,18,0,0.0,0
autogluon_temporalfusiontransformer,TemporalFusionTransformer,12,0,app3,6,0,18,0,0.0,1
autogluon_temporalfusiontransformer,TemporalFusionTransformer,12,0,app3,6,0,18,0,0.0,2
autogluon_temporalfusiontransformer,TemporalFusionTransformer,12,0,app3,6,0,18,0,0.0,3
autogluon_temporalfusiontransformer,TemporalFusionTransformer,12,0,app3,6,0,18,0,0.0,4
autogluon_temporalfusiontransformer,TemporalFusionTransformer,12,0,app3,6,0,18,1,0.0,5
autogluon_temporalfusiontransformer,TemporalFusionTransformer,12,0,app3,6,0,18,0,0.0,6
autogluon_temporalfusiontransformer,TemporalFusionTransformer,12,0,app3,6,0,18,1,0.0,7
autogluon_temporalfusiontransformer,TemporalFusionTransformer,12,0,app3,6,0,18,0,0.0,8
autogluon_temporalfusiontransformer,TemporalFusionTransformer,12,0,app3,6,0,18,0,0.0,9
autogluon_temporalfusiontransformer,TemporalFusionTransformer,12,0,app3,9,0,18,0,0.0,0
autogluon_temporalfusiontransformer,TemporalFusionTransformer,12,0,app3,9,0,18,0,0.0,1
autogluon_temporalfusiontransformer,TemporalFusionTransformer,12,0,app3,9,0,18,0,0.0,2
autogluon_temporalfusiontransformer,TemporalFusionTransformer,12,0,app3,9,0,18,0,0.0,3
autogluon_temporalfusiontransformer,TemporalFusionTransformer,12,0,app3,9,0,18,0,0.0,4
autogluon_temporalfusiontransformer,TemporalFusionTransformer,12,0,app3,9,0,18,0,0.0,5
autogluon_temporalfusiontransformer,TemporalFusionTransformer,12,0,app3,9,0,18,0,0.0,6
autogluon_temporalfusiontransformer,TemporalFusionTransformer,12,0,app3,9,0,18,0,0.0,7
autogluon_temporalfusiontransformer,TemporalFusionTransformer,12,0,app3,9,0,18,0,0.0,8
autogluon_temporalfusiontransformer,TemporalFusionTransformer,12,0,app3,9,0,18,0,0.0,9
autogluon_temporalfusiontransformer,TemporalFusionTransformer,12,0,app3,12,0,18,0,0.0,0
autogluon_temporalfusiontransformer,TemporalFusionTransformer,12,0,app3,12,0,18,0,0.0,1
autogluon_temporalfusiontransformer,TemporalFusionTransformer,12,0,app3,12,0,18,0,0.0,2
autogluon_temporalfusiontransformer,TemporalFusionTransformer,12,0,app3,12,0,18,0,0.0,3
autogluon_temporalfusiontransformer,TemporalFusionTransformer,12,0,app3,12,0,18,0,0.0,4
autogluon_temporalfusiontransformer,TemporalFusionTransformer,12,0,app3,12,0,18,0,0.0,5
autogluon_temporalfusiontransformer,TemporalFusionTransformer,12,0,app3,12,0,18,0,0.0,6
autogluon_temporalfusiontransformer,TemporalFusionTransformer,12,0,app3,12,0,18,0,0.0,7
autogluon_temporalfusiontransformer,TemporalFusionTransformer,12,0,app3,12,0,18,0,0.0,8
autogluon_temporalfusiontransformer,TemporalFusionTransformer,12,0,app3,12,0,18,0,0.0,9
autogluon_temporalfusiontransformer,TemporalFusionTransformer,12,0,app3,24,0,18,0,0.0,0
autogluon_temporalfusiontransformer,TemporalFusionTransformer,12,0,app3,24,0,18,0,0.0,1
autogluon_temporalfusiontransformer,TemporalFusionTransformer,12,0,app3,24,0,18,0,0.0,2
autogluon_temporalfusiontransformer,TemporalFusionTransformer,12,0,app3,24,0,18,0,0.0,3
autogluon_temporalfusiontransformer,TemporalFusionTransformer,12,0,app3,24,0,18,0,0.0,4
autogluon_temporalfusiontransformer,TemporalFusionTransformer,12,0,app3,24,0,18,0,0.0,5
autogluon_temporalfusiontransformer,TemporalFusionTransformer,12,0,app3,24,0,18,0,0.0,6
autogluon_temporalfusiontransformer,TemporalFusionTransformer,12,0,app3,24,0,18,0,0.0,7
autogluon_temporalfusiontransformer,TemporalFusionTransformer,12,0,app3,24,0,18,0,0.0,8
autogluon_temporalfusiontransformer,TemporalFusionTransformer,12,0,app3,24,0,18,0,0.0,9
autogluon_temporalfusiontransformer,TemporalFusionTransformer,12,0,app3,72,0,18,0,0.0,0
autogluon_temporalfusiontransformer,TemporalFusionTransformer,12,0,app3,72,0,18,0,0.0,1
autogluon_temporalfusiontransformer,TemporalFusionTransformer,12,0,app3,72,0,18,0,0.0,2
autogluon_temporalfusiontransformer,TemporalFusionTransformer,12,0,app3,72,0,18,0,0.0,3
autogluon_temporalfusiontransformer,TemporalFusionTransformer,12,0,app3,72,0,18,0,0.0,4
autogluon_temporalfusiontransformer,TemporalFusionTransformer,12,0,app3,72,0,18,0,0.0,5
autogluon_temporalfusiontransformer,TemporalFusionTransformer,12,0,app3,72,0,18,0,0.0,6
autogluon_temporalfusiontransformer,TemporalFusionTransformer,12,0,app3,72,0,18,0,0.0,7
autogluon_temporalfusiontransformer,TemporalFusionTransformer,12,0,app3,72,0,18,0,0.0,8
autogluon_temporalfusiontransformer,TemporalFusionTransformer,12,0,app3,72,0,18,0,0.0,9
autogluon_chronos-2,Chronos-2,6,0,app0,1,2,16,11,0.129,0
autogluon_chronos-2,Chronos-2,6,0,app0,1,2,16,11,0.129,1
autogluon_chronos-2,Chronos-2,6,0,app0,1,2,16,11,0.129,2
autogluon_chronos-2,Chronos-2,6,0,app0,1,2,16,11,0.129,3
autogluon_chronos-2,Chronos-2,6,0,app0,1,2,16,11,0.129,4
autogluon_chronos-2,Chronos-2,6,0,app0,1,2,16,11,0.129,5
autogluon_chronos-2,Chronos-2,6,0,app0,1,2,16,11,0.129,6
autogluon_chronos-2,Chronos-2,6,0,app0,1,2,16,11,0.129,7
autogluon_chronos-2,Chronos-2,6,0,app0,1,2,16,11,0.129,8
autogluon_chronos-2,Chronos-2,6,0,app0,1,2,16,11,0.129,9
autogluon_chronos-2,Chronos-2,6,0,app0,3,2,16,10,0.133,0
autogluon_chronos-2,Chronos-2,6,0,app0,3,2,16,10,0.133,1
autogluon_chronos-2,Chronos-2,6,0,app0,3,2,16,10,0.133,2
autogluon_chronos-2,Chronos-2,6,0,app0,3,2,16,10,0.133,3
autogluon_chronos-2,Chronos-2,6,0,app0,3,2,16,10,0.133,4
autogluon_chronos-2,Chronos-2,6,0,app0,3,2,16,10,0.133,5
autogluon_chronos-2,Chronos-2,6,0,app0,3,2,16,10,0.133,6
autogluon_chronos-2,Chronos-2,6,0,app0,3,2,16,10,0.133,7
autogluon_chronos-2,Chronos-2,6,0,app0,3,2,16,10,0.133,8
autogluon_chronos-2,Chronos-2,6,0,app0,3,2,16,10,0.133,9
autogluon_chronos-2,Chronos-2,6,0,app0,6,3,15,6,0.222,0
autogluon_chronos-2,Chronos-2,6,0,app0,6,3,15,6,0.222,1
autogluon_chronos-2,Chronos-2,6,0,app0,6,3,15,6,0.222,2
autogluon_chronos-2,Chronos-2,6,0,app0,6,3,15,6,0.222,3
autogluon_chronos-2,Chronos-2,6,0,app0,6,3,15,6,0.222,4
autogluon_chronos-2,Chronos-2,6,0,app0,6,3,15,6,0.222,5
autogluon_chronos-2,Chronos-2,6,0,app0,6,3,15,6,0.222,6
autogluon_chronos-2,Chronos-2,6,0,app0,6,3,15,6,0.222,7
autogluon_chronos-2,Chronos-2,6,0,app0,6,3,15,6,0.222,8
autogluon_chronos-2,Chronos-2,6,0,app0,6,3,15,6,0.222,9
autogluon_chronos-2,Chronos-2,6,0,app0,9,4,14,5,0.296,0
autogluon_chronos-2,Chronos-2,6,0,app0,9,4,14,5,0.296,1
autogluon_chronos-2,Chronos-2,6,0,app0,9,4,14,5,0.296,2
autogluon_chronos-2,Chronos-2,6,0,app0,9,4,14,5,0.296,3
autogluon_chronos-2,Chronos-2,6,0,app0,9,4,14,5,0.296,4
autogluon_chronos-2,Chronos-2,6,0,app0,9,4,14,5,0.296,5
autogluon_chronos-2,Chronos-2,6,0,app0,9,4,14,5,0.296,6
autogluon_chronos-2,Chronos-2,6,0,app0,9,4,14,5,0.296,7
autogluon_chronos-2,Chronos-2,6,0,app0,9,4,14,5,0.296,8
autogluon_chronos-2,Chronos-2,6,0,app0,9,4,14,5,0.296,9
autogluon_chronos-2,Chronos-2,6,0,app0,12,4,14,5,0.296,0
autogluon_chronos-2,Chronos-2,6,0,app0,12,4,14,5,0.296,1
autogluon_chronos-2,Chronos-2,6,0,app0,12,4,14,5,0.296,2
autogluon_chronos-2,Chronos-2,6,0,app0,12,4,14,5,0.296,3
autogluon_chronos-2,Chronos-2,6,0,app0,12,4,14,5,0.296,4
autogluon_chronos-2,Chronos-2,6,0,app0,12,4,14,5,0.296,5
autogluon_chronos-2,Chronos-2,6,0,app0,12,4,14,5,0.296,6
autogluon_chronos-2,Chronos-2,6,0,app0,12,4,14,5,0.296,7
autogluon_chronos-2,Chronos-2,6,0,app0,12,4,14,5,0.296,8
autogluon_chronos-2,Chronos-2,6,0,app0,12,4,14,5,0.296,9
autogluon_chronos-2,Chronos-2,6,0,app0,24,5,13,3,0.385,0
autogluon_chronos-2,Chronos-2,6,0,app0,24,5,13,3,0.385,1
autogluon_chronos-2,Chronos-2,6,0,app0,24,5,13,3,0.385,2
autogluon_chronos-2,Chronos-2,6,0,app0,24,5,13,3,0.385,3
autogluon_chronos-2,Chronos-2,6,0,app0,24,5,13,3,0.385,4
autogluon_chronos-2,Chronos-2,6,0,app0,24,5,13,3,0.385,5
autogluon_chronos-2,Chronos-2,6,0,app0,24,5,13,3,0.385,6
autogluon_chronos-2,Chronos-2,6,0,app0,24,5,13,3,0.385,7
autogluon_chronos-2,Chronos-2,6,0,app0,24,5,13,3,0.385,8
autogluon_chronos-2,Chronos-2,6,0,app0,24,5,13,3,0.385,9
autogluon_chronos-2,Chronos-2,6,0,app0,72,6,12,2,0.462,0
autogluon_chronos-2,Chronos-2,6,0,app0,72,6,12,2,0.462,1
autogluon_chronos-2,Chronos-2,6,0,app0,72,6,12,2,0.462,2
autogluon_chronos-2,Chronos-2,6,0,app0,72,6,12,2,0.462,3
autogluon_chronos-2,Chronos-2,6,0,app0,72,6,12,2,0.462,4
autogluon_chronos-2,Chronos-2,6,0,app0,72,6,12,2,0.462,5
autogluon_chronos-2,Chronos-2,6,0,app0,72,6,12,2,0.462,6
autogluon_chronos-2,Chronos-2,6,0,app0,72,6,12,2,0.462,7
autogluon_chronos-2,Chronos-2,6,0,app0,72,6,12,2,0.462,8
autogluon_chronos-2,Chronos-2,6,0,app0,72,6,12,2,0.462,9
autogluon_chronos-2,Chronos-2,6,0,app1,1,2,16,11,0.129,0
autogluon_chronos-2,Chronos-2,6,0,app1,1,2,16,11,0.129,1
autogluon_chronos-2,Chronos-2,6,0,app1,1,2,16,11,0.129,2
autogluon_chronos-2,Chronos-2,6,0,app1,1,2,16,11,0.129,3
autogluon_chronos-2,Chronos-2,6,0,app1,1,2,16,11,0.129,4
autogluon_chronos-2,Chronos-2,6,0,app1,1,2,16,11,0.129,5
autogluon_chronos-2,Chronos-2,6,0,app1,1,2,16,11,0.129,6
autogluon_chronos-2,Chronos-2,6,0,app1,1,2,16,11,0.129,7
autogluon_chronos-2,Chronos-2,6,0,app1,1,2,16,11,0.129,8
autogluon_chronos-2,Chronos-2,6,0,app1,1,2,16,11,0.129,9
autogluon_chronos-2,Chronos-2,6,0,app1,3,3,15,7,0.214,0
autogluon_chronos-2,Chronos-2,6,0,app1,3,3,15,7,0.214,1
autogluon_chronos-2,Chronos-2,6,0,app1,3,3,15,7,0.214,2
autogluon_chronos-2,Chronos-2,6,0,app1,3,3,15,7,0.214,3
autogluon_chronos-2,Chronos-2,6,0,app1,3,3,15,7,0.214,4
autogluon_chronos-2,Chronos-2,6,0,app1,3,3,15,7,0.214,5
autogluon_chronos-2,Chronos-2,6,0,app1,3,3,15,7,0.214,6
autogluon_chronos-2,Chronos-2,6,0,app1,3,3,15,7,0.214,7
autogluon_chronos-2,Chronos-2,6,0,app1,3,3,15,7,0.214,8
autogluon_chronos-2,Chronos-2,6,0,app1,3,3,15,7,0.214,9
autogluon_chronos-2,Chronos-2,6,0,app1,6,3,15,6,0.222,0
autogluon_chronos-2,Chronos-2,6,0,app1,6,3,15,6,0.222,1
autogluon_chronos-2,Chronos-2,6,0,app1,6,3,15,6,0.222,2
autogluon_chronos-2,Chronos-2,6,0,app1,6,3,15,6,0.222,3
autogluon_chronos-2,Chronos-2,6,0,app1,6,3,15,6,0.222,4
autogluon_chronos-2,Chronos-2,6,0,app1,6,3,15,6,0.222,5
autogluon_chronos-2,Chronos-2,6,0,app1,6,3,15,6,0.222,6
autogluon_chronos-2,Chronos-2,6,0,app1,6,3,15,6,0.222,7
autogluon_chronos-2,Chronos-2,6,0,app1,6,3,15,6,0.222,8
autogluon_chronos-2,Chronos-2,6,0,app1,6,3,15,6,0.222,9
autogluon_chronos-2,Chronos-2,6,0,app1,9,4,14,4,0.308,0
autogluon_chronos-2,Chronos-2,6,0,app1,9,4,14,4,0.308,1
autogluon_chronos-2,Chronos-2,6,0,app1,9,4,14,4,0.308,2
autogluon_chronos-2,Chronos-2,6,0,app1,9,4,14,4,0.308,3
autogluon_chronos-2,Chronos-2,6,0,app1,9,4,14,4,0.308,4
autogluon_chronos-2,Chronos-2,6,0,app1,9,4,14,4,0.308,5
autogluon_chronos-2,Chronos-2,6,0,app1,9,4,14,4,0.308,6
autogluon_chronos-2,Chronos-2,6,0,app1,9,4,14,4,0.308,7
autogluon_chronos-2,Chronos-2,6,0,app1,9,4,14,4,0.308,8
autogluon_chronos-2,Chronos-2,6,0,app1,9,4,14,4,0.308,9
autogluon_chronos-2,Chronos-2,6,0,app1,12,4,14,4,0.308,0
autogluon_chronos-2,Chronos-2,6,0,app1,12,4,14,4,0.308,1
autogluon_chronos-2,Chronos-2,6,0,app1,12,4,14,4,0.308,2
autogluon_chronos-2,Chronos-2,6,0,app1,12,4,14,4,0.308,3
autogluon_chronos-2,Chronos-2,6,0,app1,12,4,14,4,0.308,4
autogluon_chronos-2,Chronos-2,6,0,app1,12,4,14,4,0.308,5
autogluon_chronos-2,Chronos-2,6,0,app1,12,4,14,4,0.308,6
autogluon_chronos-2,Chronos-2,6,0,app1,12,4,14,4,0.308,7
autogluon_chronos-2,Chronos-2,6,0,app1,12,4,14,4,0.308,8
autogluon_chronos-2,Chronos-2,6,0,app1,12,4,14,4,0.308,9
autogluon_chronos-2,Chronos-2,6,0,app1,24,5,13,3,0.385,0
autogluon_chronos-2,Chronos-2,6,0,app1,24,5,13,3,0.385,1
autogluon_chronos-2,Chronos-2,6,0,app1,24,5,13,3,0.385,2
autogluon_chronos-2,Chronos-2,6,0,app1,24,5,13,3,0.385,3
autogluon_chronos-2,Chronos-2,6,0,app1,24,5,13,3,0.385,4
autogluon_chronos-2,Chronos-2,6,0,app1,24,5,13,3,0.385,5
autogluon_chronos-2,Chronos-2,6,0,app1,24,5,13,3,0.385,6
autogluon_chronos-2,Chronos-2,6,0,app1,24,5,13,3,0.385,7
autogluon_chronos-2,Chronos-2,6,0,app1,24,5,13,3,0.385,8
autogluon_chronos-2,Chronos-2,6,0,app1,24,5,13,3,0.385,9
autogluon_chronos-2,Chronos-2,6,0,app1,72,6,12,2,0.462,0
autogluon_chronos-2,Chronos-2,6,0,app1,72,6,12,2,0.462,1
autogluon_chronos-2,Chronos-2,6,0,app1,72,6,12,2,0.462,2
autogluon_chronos-2,Chronos-2,6,0,app1,72,6,12,2,0.462,3
autogluon_chronos-2,Chronos-2,6,0,app1,72,6,12,2,0.462,4
autogluon_chronos-2,Chronos-2,6,0,app1,72,6,12,2,0.462,5
autogluon_chronos-2,Chronos-2,6,0,app1,72,6,12,2,0.462,6
autogluon_chronos-2,Chronos-2,6,0,app1,72,6,12,2,0.462,7
autogluon_chronos-2,Chronos-2,6,0,app1,72,6,12,2,0.462,8
autogluon_chronos-2,Chronos-2,6,0,app1,72,6,12,2,0.462,9
autogluon_chronos-2,Chronos-2,6,0,app2,1,10,8,11,0.513,0
autogluon_chronos-2,Chronos-2,6,0,app2,1,10,8,11,0.513,1
autogluon_chronos-2,Chronos-2,6,0,app2,1,10,8,11,0.513,2
autogluon_chronos-2,Chronos-2,6,0,app2,1,10,8,11,0.513,3
autogluon_chronos-2,Chronos-2,6,0,app2,1,10,8,11,0.513,4
autogluon_chronos-2,Chronos-2,6,0,app2,1,10,8,11,0.513,5
autogluon_chronos-2,Chronos-2,6,0,app2,1,10,8,11,0.513,6
autogluon_chronos-2,Chronos-2,6,0,app2,1,10,8,11,0.513,7
autogluon_chronos-2,Chronos-2,6,0,app2,1,10,8,11,0.513,8
autogluon_chronos-2,Chronos-2,6,0,app2,1,10,8,11,0.513,9
autogluon_chronos-2,Chronos-2,6,0,app2,3,10,8,8,0.556,0
autogluon_chronos-2,Chronos-2,6,0,app2,3,10,8,8,0.556,1
autogluon_chronos-2,Chronos-2,6,0,app2,3,10,8,8,0.556,2
autogluon_chronos-2,Chronos-2,6,0,app2,3,10,8,8,0.556,3
autogluon_chronos-2,Chronos-2,6,0,app2,3,10,8,8,0.556,4
autogluon_chronos-2,Chronos-2,6,0,app2,3,10,8,8,0.556,5
autogluon_chronos-2,Chronos-2,6,0,app2,3,10,8,8,0.556,6
autogluon_chronos-2,Chronos-2,6,0,app2,3,10,8,8,0.556,7
autogluon_chronos-2,Chronos-2,6,0,app2,3,10,8,8,0.556,8
autogluon_chronos-2,Chronos-2,6,0,app2,3,10,8,8,0.556,9
autogluon_chronos-2,Chronos-2,6,0,app2,6,10,8,8,0.556,0
autogluon_chronos-2,Chronos-2,6,0,app2,6,10,8,8,0.556,1
autogluon_chronos-2,Chronos-2,6,0,app2,6,10,8,8,0.556,2
autogluon_chronos-2,Chronos-2,6,0,app2,6,10,8,8,0.556,3
autogluon_chronos-2,Chronos-2,6,0,app2,6,10,8,8,0.556,4
autogluon_chronos-2,Chronos-2,6,0,app2,6,10,8,8,0.556,5
autogluon_chronos-2,Chronos-2,6,0,app2,6,10,8,8,0.556,6
autogluon_chronos-2,Chronos-2,6,0,app2,6,10,8,8,0.556,7
autogluon_chronos-2,Chronos-2,6,0,app2,6,10,8,8,0.556,8
autogluon_chronos-2,Chronos-2,6,0,app2,6,10,8,8,0.556,9
autogluon_chronos-2,Chronos-2,6,0,app2,9,10,8,6,0.588,0
autogluon_chronos-2,Chronos-2,6,0,app2,9,10,8,6,0.588,1
autogluon_chronos-2,Chronos-2,6,0,app2,9,10,8,6,0.588,2
autogluon_chronos-2,Chronos-2,6,0,app2,9,10,8,6,0.588,3
autogluon_chronos-2,Chronos-2,6,0,app2,9,10,8,6,0.588,4
autogluon_chronos-2,Chronos-2,6,0,app2,9,10,8,6,0.588,5
autogluon_chronos-2,Chronos-2,6,0,app2,9,10,8,6,0.588,6
autogluon_chronos-2,Chronos-2,6,0,app2,9,10,8,6,0.588,7
autogluon_chronos-2,Chronos-2,6,0,app2,9,10,8,6,0.588,8
autogluon_chronos-2,Chronos-2,6,0,app2,9,10,8,6,0.588,9
autogluon_chronos-2,Chronos-2,6,0,app2,12,10,8,6,0.588,0
autogluon_chronos-2,Chronos-2,6,0,app2,12,10,8,6,0.588,1
autogluon_chronos-2,Chronos-2,6,0,app2,12,10,8,6,0.588,2
autogluon_chronos-2,Chronos-2,6,0,app2,12,10,8,6,0.588,3
autogluon_chronos-2,Chronos-2,6,0,app2,12,10,8,6,0.588,4
autogluon_chronos-2,Chronos-2,6,0,app2,12,10,8,6,0.588,5
autogluon_chronos-2,Chronos-2,6,0,app2,12,10,8,6,0.588,6
autogluon_chronos-2,Chronos-2,6,0,app2,12,10,8,6,0.588,7
autogluon_chronos-2,Chronos-2,6,0,app2,12,10,8,6,0.588,8
autogluon_chronos-2,Chronos-2,6,0,app2,12,10,8,6,0.588,9
autogluon_chronos-2,Chronos-2,6,0,app2,24,11,7,4,0.667,0
autogluon_chronos-2,Chronos-2,6,0,app2,24,11,7,4,0.667,1
autogluon_chronos-2,Chronos-2,6,0,app2,24,11,7,4,0.667,2
autogluon_chronos-2,Chronos-2,6,0,app2,24,11,7,4,0.667,3
autogluon_chronos-2,Chronos-2,6,0,app2,24,11,7,4,0.667,4
autogluon_chronos-2,Chronos-2,6,0,app2,24,11,7,4,0.667,5
autogluon_chronos-2,Chronos-2,6,0,app2,24,11,7,4,0.667,6
autogluon_chronos-2,Chronos-2,6,0,app2,24,11,7,4,0.667,7
autogluon_chronos-2,Chronos-2,6,0,app2,24,11,7,4,0.667,8
autogluon_chronos-2,Chronos-2,6,0,app2,24,11,7,4,0.667,9
autogluon_chronos-2,Chronos-2,6,0,app2,72,12,6,3,0.727,0
autogluon_chronos-2,Chronos-2,6,0,app2,72,12,6,3,0.727,1
autogluon_chronos-2,Chronos-2,6,0,app2,72,12,6,3,0.727,2
autogluon_chronos-2,Chronos-2,6,0,app2,72,12,6,3,0.727,3
autogluon_chronos-2,Chronos-2,6,0,app2,72,12,6,3,0.727,4
autogluon_chronos-2,Chronos-2,6,0,app2,72,12,6,3,0.727,5
autogluon_chronos-2,Chronos-2,6,0,app2,72,12,6,3,0.727,6
autogluon_chronos-2,Chronos-2,6,0,app2,72,12,6,3,0.727,7
autogluon_chronos-2,Chronos-2,6,0,app2,72,12,6,3,0.727,8
autogluon_chronos-2,Chronos-2,6,0,app2,72,12,6,3,0.727,9
autogluon_chronos-2,Chronos-2,6,0,app3,1,10,8,11,0.513,0
autogluon_chronos-2,Chronos-2,6,0,app3,1,10,8,11,0.513,1
autogluon_chronos-2,Chronos-2,6,0,app3,1,10,8,11,0.513,2
autogluon_chronos-2,Chronos-2,6,0,app3,1,10,8,11,0.513,3
autogluon_chronos-2,Chronos-2,6,0,app3,1,10,8,11,0.513,4
autogluon_chronos-2,Chronos-2,6,0,app3,1,10,8,11,0.513,5
autogluon_chronos-2,Chronos-2,6,0,app3,1,10,8,11,0.513,6
autogluon_chronos-2,Chronos-2,6,0,app3,1,10,8,11,0.513,7
autogluon_chronos-2,Chronos-2,6,0,app3,1,10,8,11,0.513,8
autogluon_chronos-2,Chronos-2,6,0,app3,1,10,8,11,0.513,9
autogluon_chronos-2,Chronos-2,6,0,app3,3,9,9,11,0.474,0
autogluon_chronos-2,Chronos-2,6,0,app3,3,9,9,11,0.474,1
autogluon_chronos-2,Chronos-2,6,0,app3,3,9,9,11,0.474,2
autogluon_chronos-2,Chronos-2,6,0,app3,3,9,9,11,0.474,3
autogluon_chronos-2,Chronos-2,6,0,app3,3,9,9,11,0.474,4
autogluon_chronos-2,Chronos-2,6,0,app3,3,9,9,11,0.474,5
autogluon_chronos-2,Chronos-2,6,0,app3,3,9,9,11,0.474,6
autogluon_chronos-2,Chronos-2,6,0,app3,3,9,9,11,0.474,7
autogluon_chronos-2,Chronos-2,6,0,app3,3,9,9,11,0.474,8
autogluon_chronos-2,Chronos-2,6,0,app3,3,9,9,11,0.474,9
autogluon_chronos-2,Chronos-2,6,0,app3,6,10,8,8,0.556,0
autogluon_chronos-2,Chronos-2,6,0,app3,6,10,8,8,0.556,1
autogluon_chronos-2,Chronos-2,6,0,app3,6,10,8,8,0.556,2
autogluon_chronos-2,Chronos-2,6,0,app3,6,10,8,8,0.556,3
autogluon_chronos-2,Chronos-2,6,0,app3,6,10,8,8,0.556,4
autogluon_chronos-2,Chronos-2,6,0,app3,6,10,8,8,0.556,5
autogluon_chronos-2,Chronos-2,6,0,app3,6,10,8,8,0.556,6
autogluon_chronos-2,Chronos-2,6,0,app3,6,10,8,8,0.556,7
autogluon_chronos-2,Chronos-2,6,0,app3,6,10,8,8,0.556,8
autogluon_chronos-2,Chronos-2,6,0,app3,6,10,8,8,0.556,9
autogluon_chronos-2,Chronos-2,6,0,app3,9,10,8,7,0.571,0
autogluon_chronos-2,Chronos-2,6,0,app3,9,10,8,7,0.571,1
autogluon_chronos-2,Chronos-2,6,0,app3,9,10,8,7,0.571,2
autogluon_chronos-2,Chronos-2,6,0,app3,9,10,8,7,0.571,3
autogluon_chronos-2,Chronos-2,6,0,app3,9,10,8,7,0.571,4
autogluon_chronos-2,Chronos-2,6,0,app3,9,10,8,7,0.571,5
autogluon_chronos-2,Chronos-2,6,0,app3,9,10,8,7,0.571,6
autogluon_chronos-2,Chronos-2,6,0,app3,9,10,8,7,0.571,7
autogluon_chronos-2,Chronos-2,6,0,app3,9,10,8,7,0.571,8
autogluon_chronos-2,Chronos-2,6,0,app3,9,10,8,7,0.571,9
autogluon_chronos-2,Chronos-2,6,0,app3,12,10,8,7,0.571,0
autogluon_chronos-2,Chronos-2,6,0,app3,12,10,8,7,0.571,1
autogluon_chronos-2,Chronos-2,6,0,app3,12,10,8,7,0.571,2
autogluon_chronos-2,Chronos-2,6,0,app3,12,10,8,7,0.571,3
autogluon_chronos-2,Chronos-2,6,0,app3,12,10,8,7,0.571,4
autogluon_chronos-2,Chronos-2,6,0,app3,12,10,8,7,0.571,5
autogluon_chronos-2,Chronos-2,6,0,app3,12,10,8,7,0.571,6
autogluon_chronos-2,Chronos-2,6,0,app3,12,10,8,7,0.571,7
autogluon_chronos-2,Chronos-2,6,0,app3,12,10,8,7,0.571,8
autogluon_chronos-2,Chronos-2,6,0,app3,12,10,8,7,0.571,9
autogluon_chronos-2,Chronos-2,6,0,app3,24,11,7,4,0.667,0
autogluon_chronos-2,Chronos-2,6,0,app3,24,11,7,4,0.667,1
autogluon_chronos-2,Chronos-2,6,0,app3,24,11,7,4,0.667,2
autogluon_chronos-2,Chronos-2,6,0,app3,24,11,7,4,0.667,3
autogluon_chronos-2,Chronos-2,6,0,app3,24,11,7,4,0.667,4
autogluon_chronos-2,Chronos-2,6,0,app3,24,11,7,4,0.667,5
autogluon_chronos-2,Chronos-2,6,0,app3,24,11,7,4,0.667,6
autogluon_chronos-2,Chronos-2,6,0,app3,24,11,7,4,0.667,7
autogluon_chronos-2,Chronos-2,6,0,app3,24,11,7,4,0.667,8
autogluon_chronos-2,Chronos-2,6,0,app3,24,11,7,4,0.667,9
autogluon_chronos-2,Chronos-2,6,0,app3,72,12,6,3,0.727,0
autogluon_chronos-2,Chronos-2,6,0,app3,72,12,6,3,0.727,1
autogluon_chronos-2,Chronos-2,6,0,app3,72,12,6,3,0.727,2
autogluon_chronos-2,Chronos-2,6,0,app3,72,12,6,3,0.727,3
autogluon_chronos-2,Chronos-2,6,0,app3,72,12,6,3,0.727,4
autogluon_chronos-2,Chronos-2,6,0,app3,72,12,6,3,0.727,5
autogluon_chronos-2,Chronos-2,6,0,app3,72,12,6,3,0.727,6
autogluon_chronos-2,Chronos-2,6,0,app3,72,12,6,3,0.727,7
autogluon_chronos-2,Chronos-2,6,0,app3,72,12,6,3,0.727,8
autogluon_chronos-2,Chronos-2,6,0,app3,72,12,6,3,0.727,9
autogluon_chronos-2,Chronos-2,12,0,app0,1,1,17,9,0.071,0
autogluon_chronos-2,Chronos-2,12,0,app0,1,1,17,9,0.071,1
autogluon_chronos-2,Chronos-2,12,0,app0,1,1,17,9,0.071,2
autogluon_chronos-2,Chronos-2,12,0,app0,1,1,17,9,0.071,3
autogluon_chronos-2,Chronos-2,12,0,app0,1,1,17,9,0.071,4
autogluon_chronos-2,Chronos-2,12,0,app0,1,1,17,9,0.071,5
autogluon_chronos-2,Chronos-2,12,0,app0,1,1,17,9,0.071,6
autogluon_chronos-2,Chronos-2,12,0,app0,1,1,17,9,0.071,7
autogluon_chronos-2,Chronos-2,12,0,app0,1,1,17,9,0.071,8
autogluon_chronos-2,Chronos-2,12,0,app0,1,1,17,9,0.071,9
autogluon_chronos-2,Chronos-2,12,0,app0,3,2,16,7,0.148,0
autogluon_chronos-2,Chronos-2,12,0,app0,3,2,16,7,0.148,1
autogluon_chronos-2,Chronos-2,12,0,app0,3,2,16,7,0.148,2
autogluon_chronos-2,Chronos-2,12,0,app0,3,2,16,7,0.148,3
autogluon_chronos-2,Chronos-2,12,0,app0,3,2,16,7,0.148,4
autogluon_chronos-2,Chronos-2,12,0,app0,3,2,16,7,0.148,5
autogluon_chronos-2,Chronos-2,12,0,app0,3,2,16,7,0.148,6
autogluon_chronos-2,Chronos-2,12,0,app0,3,2,16,7,0.148,7
autogluon_chronos-2,Chronos-2,12,0,app0,3,2,16,7,0.148,8
autogluon_chronos-2,Chronos-2,12,0,app0,3,2,16,7,0.148,9
autogluon_chronos-2,Chronos-2,12,0,app0,6,1,17,7,0.077,0
autogluon_chronos-2,Chronos-2,12,0,app0,6,1,17,7,0.077,1
autogluon_chronos-2,Chronos-2,12,0,app0,6,1,17,7,0.077,2
autogluon_chronos-2,Chronos-2,12,0,app0,6,1,17,7,0.077,3
autogluon_chronos-2,Chronos-2,12,0,app0,6,1,17,7,0.077,4
autogluon_chronos-2,Chronos-2,12,0,app0,6,1,17,7,0.077,5
autogluon_chronos-2,Chronos-2,12,0,app0,6,1,17,7,0.077,6
autogluon_chronos-2,Chronos-2,12,0,app0,6,1,17,7,0.077,7
autogluon_chronos-2,Chronos-2,12,0,app0,6,1,17,7,0.077,8
autogluon_chronos-2,Chronos-2,12,0,app0,6,1,17,7,0.077,9
autogluon_chronos-2,Chronos-2,12,0,app0,9,3,15,4,0.24,0
autogluon_chronos-2,Chronos-2,12,0,app0,9,3,15,4,0.24,1
autogluon_chronos-2,Chronos-2,12,0,app0,9,3,15,4,0.24,2
autogluon_chronos-2,Chronos-2,12,0,app0,9,3,15,4,0.24,3
autogluon_chronos-2,Chronos-2,12,0,app0,9,3,15,4,0.24,4
autogluon_chronos-2,Chronos-2,12,0,app0,9,3,15,4,0.24,5
autogluon_chronos-2,Chronos-2,12,0,app0,9,3,15,4,0.24,6
autogluon_chronos-2,Chronos-2,12,0,app0,9,3,15,4,0.24,7
autogluon_chronos-2,Chronos-2,12,0,app0,9,3,15,4,0.24,8
autogluon_chronos-2,Chronos-2,12,0,app0,9,3,15,4,0.24,9
autogluon_chronos-2,Chronos-2,12,0,app0,12,3,15,4,0.24,0
autogluon_chronos-2,Chronos-2,12,0,app0,12,3,15,4,0.24,1
autogluon_chronos-2,Chronos-2,12,0,app0,12,3,15,4,0.24,2
autogluon_chronos-2,Chronos-2,12,0,app0,12,3,15,4,0.24,3
autogluon_chronos-2,Chronos-2,12,0,app0,12,3,15,4,0.24,4
autogluon_chronos-2,Chronos-2,12,0,app0,12,3,15,4,0.24,5
autogluon_chronos-2,Chronos-2,12,0,app0,12,3,15,4,0.24,6
autogluon_chronos-2,Chronos-2,12,0,app0,12,3,15,4,0.24,7
autogluon_chronos-2,Chronos-2,12,0,app0,12,3,15,4,0.24,8
autogluon_chronos-2,Chronos-2,12,0,app0,12,3,15,4,0.24,9
autogluon_chronos-2,Chronos-2,12,0,app0,24,2,16,3,0.174,0
autogluon_chronos-2,Chronos-2,12,0,app0,24,2,16,3,0.174,1
autogluon_chronos-2,Chronos-2,12,0,app0,24,2,16,3,0.174,2
autogluon_chronos-2,Chronos-2,12,0,app0,24,2,16,3,0.174,3
autogluon_chronos-2,Chronos-2,12,0,app0,24,2,16,3,0.174,4
autogluon_chronos-2,Chronos-2,12,0,app0,24,2,16,3,0.174,5
autogluon_chronos-2,Chronos-2,12,0,app0,24,2,16,3,0.174,6
autogluon_chronos-2,Chronos-2,12,0,app0,24,2,16,3,0.174,7
autogluon_chronos-2,Chronos-2,12,0,app0,24,2,16,3,0.174,8
autogluon_chronos-2,Chronos-2,12,0,app0,24,2,16,3,0.174,9
autogluon_chronos-2,Chronos-2,12,0,app0,72,4,14,1,0.348,0
autogluon_chronos-2,Chronos-2,12,0,app0,72,4,14,1,0.348,1
autogluon_chronos-2,Chronos-2,12,0,app0,72,4,14,1,0.348,2
autogluon_chronos-2,Chronos-2,12,0,app0,72,4,14,1,0.348,3
autogluon_chronos-2,Chronos-2,12,0,app0,72,4,14,1,0.348,4
autogluon_chronos-2,Chronos-2,12,0,app0,72,4,14,1,0.348,5
autogluon_chronos-2,Chronos-2,12,0,app0,72,4,14,1,0.348,6
autogluon_chronos-2,Chronos-2,12,0,app0,72,4,14,1,0.348,7
autogluon_chronos-2,Chronos-2,12,0,app0,72,4,14,1,0.348,8
autogluon_chronos-2,Chronos-2,12,0,app0,72,4,14,1,0.348,9
autogluon_chronos-2,Chronos-2,12,0,app1,1,1,17,9,0.071,0
autogluon_chronos-2,Chronos-2,12,0,app1,1,1,17,9,0.071,1
autogluon_chronos-2,Chronos-2,12,0,app1,1,1,17,9,0.071,2
autogluon_chronos-2,Chronos-2,12,0,app1,1,1,17,9,0.071,3
autogluon_chronos-2,Chronos-2,12,0,app1,1,1,17,9,0.071,4
autogluon_chronos-2,Chronos-2,12,0,app1,1,1,17,9,0.071,5
autogluon_chronos-2,Chronos-2,12,0,app1,1,1,17,9,0.071,6
autogluon_chronos-2,Chronos-2,12,0,app1,1,1,17,9,0.071,7
autogluon_chronos-2,Chronos-2,12,0,app1,1,1,17,9,0.071,8
autogluon_chronos-2,Chronos-2,12,0,app1,1,1,17,9,0.071,9
autogluon_chronos-2,Chronos-2,12,0,app1,3,2,16,6,0.154,0
autogluon_chronos-2,Chronos-2,12,0,app1,3,2,16,6,0.154,1
autogluon_chronos-2,Chronos-2,12,0,app1,3,2,16,6,0.154,2
autogluon_chronos-2,Chronos-2,12,0,app1,3,2,16,6,0.154,3
autogluon_chronos-2,Chronos-2,12,0,app1,3,2,16,6,0.154,4
autogluon_chronos-2,Chronos-2,12,0,app1,3,2,16,6,0.154,5
autogluon_chronos-2,Chronos-2,12,0,app1,3,2,16,6,0.154,6
autogluon_chronos-2,Chronos-2,12,0,app1,3,2,16,6,0.154,7
autogluon_chronos-2,Chronos-2,12,0,app1,3,2,16,6,0.154,8
autogluon_chronos-2,Chronos-2,12,0,app1,3,2,16,6,0.154,9
autogluon_chronos-2,Chronos-2,12,0,app1,6,2,16,5,0.16,0
autogluon_chronos-2,Chronos-2,12,0,app1,6,2,16,5,0.16,1
autogluon_chronos-2,Chronos-2,12,0,app1,6,2,16,5,0.16,2
autogluon_chronos-2,Chronos-2,12,0,app1,6,2,16,5,0.16,3
autogluon_chronos-2,Chronos-2,12,0,app1,6,2,16,5,0.16,4
autogluon_chronos-2,Chronos-2,12,0,app1,6,2,16,5,0.16,5
autogluon_chronos-2,Chronos-2,12,0,app1,6,2,16,5,0.16,6
autogluon_chronos-2,Chronos-2,12,0,app1,6,2,16,5,0.16,7
autogluon_chronos-2,Chronos-2,12,0,app1,6,2,16,5,0.16,8
autogluon_chronos-2,Chronos-2,12,0,app1,6,2,16,5,0.16,9
autogluon_chronos-2,Chronos-2,12,0,app1,9,3,15,2,0.261,0
autogluon_chronos-2,Chronos-2,12,0,app1,9,3,15,2,0.261,1
autogluon_chronos-2,Chronos-2,12,0,app1,9,3,15,2,0.261,2
autogluon_chronos-2,Chronos-2,12,0,app1,9,3,15,2,0.261,3
autogluon_chronos-2,Chronos-2,12,0,app1,9,3,15,2,0.261,4
autogluon_chronos-2,Chronos-2,12,0,app1,9,3,15,2,0.261,5
autogluon_chronos-2,Chronos-2,12,0,app1,9,3,15,2,0.261,6
autogluon_chronos-2,Chronos-2,12,0,app1,9,3,15,2,0.261,7
autogluon_chronos-2,Chronos-2,12,0,app1,9,3,15,2,0.261,8
autogluon_chronos-2,Chronos-2,12,0,app1,9,3,15,2,0.261,9
autogluon_chronos-2,Chronos-2,12,0,app1,12,3,15,2,0.261,0
autogluon_chronos-2,Chronos-2,12,0,app1,12,3,15,2,0.261,1
autogluon_chronos-2,Chronos-2,12,0,app1,12,3,15,2,0.261,2
autogluon_chronos-2,Chronos-2,12,0,app1,12,3,15,2,0.261,3
autogluon_chronos-2,Chronos-2,12,0,app1,12,3,15,2,0.261,4
autogluon_chronos-2,Chronos-2,12,0,app1,12,3,15,2,0.261,5
autogluon_chronos-2,Chronos-2,12,0,app1,12,3,15,2,0.261,6
autogluon_chronos-2,Chronos-2,12,0,app1,12,3,15,2,0.261,7
autogluon_chronos-2,Chronos-2,12,0,app1,12,3,15,2,0.261,8
autogluon_chronos-2,Chronos-2,12,0,app1,12,3,15,2,0.261,9
autogluon_chronos-2,Chronos-2,12,0,app1,24,3,15,2,0.261,0
autogluon_chronos-2,Chronos-2,12,0,app1,24,3,15,2,0.261,1
autogluon_chronos-2,Chronos-2,12,0,app1,24,3,15,2,0.261,2
autogluon_chronos-2,Chronos-2,12,0,app1,24,3,15,2,0.261,3
autogluon_chronos-2,Chronos-2,12,0,app1,24,3,15,2,0.261,4
autogluon_chronos-2,Chronos-2,12,0,app1,24,3,15,2,0.261,5
autogluon_chronos-2,Chronos-2,12,0,app1,24,3,15,2,0.261,6
autogluon_chronos-2,Chronos-2,12,0,app1,24,3,15,2,0.261,7
autogluon_chronos-2,Chronos-2,12,0,app1,24,3,15,2,0.261,8
autogluon_chronos-2,Chronos-2,12,0,app1,24,3,15,2,0.261,9
autogluon_chronos-2,Chronos-2,12,0,app1,72,4,14,1,0.348,0
autogluon_chronos-2,Chronos-2,12,0,app1,72,4,14,1,0.348,1
autogluon_chronos-2,Chronos-2,12,0,app1,72,4,14,1,0.348,2
autogluon_chronos-2,Chronos-2,12,0,app1,72,4,14,1,0.348,3
autogluon_chronos-2,Chronos-2,12,0,app1,72,4,14,1,0.348,4
autogluon_chronos-2,Chronos-2,12,0,app1,72,4,14,1,0.348,5
autogluon_chronos-2,Chronos-2,12,0,app1,72,4,14,1,0.348,6
autogluon_chronos-2,Chronos-2,12,0,app1,72,4,14,1,0.348,7
autogluon_chronos-2,Chronos-2,12,0,app1,72,4,14,1,0.348,8
autogluon_chronos-2,Chronos-2,12,0,app1,72,4,14,1,0.348,9
autogluon_chronos-2,Chronos-2,12,0,app2,1,8,10,9,0.457,0
autogluon_chronos-2,Chronos-2,12,0,app2,1,8,10,9,0.457,1
autogluon_chronos-2,Chronos-2,12,0,app2,1,8,10,9,0.457,2
autogluon_chronos-2,Chronos-2,12,0,app2,1,8,10,9,0.457,3
autogluon_chronos-2,Chronos-2,12,0,app2,1,8,10,9,0.457,4
autogluon_chronos-2,Chronos-2,12,0,app2,1,8,10,9,0.457,5
autogluon_chronos-2,Chronos-2,12,0,app2,1,8,10,9,0.457,6
autogluon_chronos-2,Chronos-2,12,0,app2,1,8,10,9,0.457,7
autogluon_chronos-2,Chronos-2,12,0,app2,1,8,10,9,0.457,8
autogluon_chronos-2,Chronos-2,12,0,app2,1,8,10,9,0.457,9
autogluon_chronos-2,Chronos-2,12,0,app2,3,8,10,9,0.457,0
autogluon_chronos-2,Chronos-2,12,0,app2,3,8,10,9,0.457,1
autogluon_chronos-2,Chronos-2,12,0,app2,3,8,10,9,0.457,2
autogluon_chronos-2,Chronos-2,12,0,app2,3,8,10,9,0.457,3
autogluon_chronos-2,Chronos-2,12,0,app2,3,8,10,9,0.457,4
autogluon_chronos-2,Chronos-2,12,0,app2,3,8,10,9,0.457,5
autogluon_chronos-2,Chronos-2,12,0,app2,3,8,10,9,0.457,6
autogluon_chronos-2,Chronos-2,12,0,app2,3,8,10,9,0.457,7
autogluon_chronos-2,Chronos-2,12,0,app2,3,8,10,9,0.457,8
autogluon_chronos-2,Chronos-2,12,0,app2,3,8,10,9,0.457,9
autogluon_chronos-2,Chronos-2,12,0,app2,6,8,10,9,0.457,0
autogluon_chronos-2,Chronos-2,12,0,app2,6,8,10,9,0.457,1
autogluon_chronos-2,Chronos-2,12,0,app2,6,8,10,9,0.457,2
autogluon_chronos-2,Chronos-2,12,0,app2,6,8,10,9,0.457,3
autogluon_chronos-2,Chronos-2,12,0,app2,6,8,10,9,0.457,4
autogluon_chronos-2,Chronos-2,12,0,app2,6,8,10,9,0.457,5
autogluon_chronos-2,Chronos-2,12,0,app2,6,8,10,9,0.457,6
autogluon_chronos-2,Chronos-2,12,0,app2,6,8,10,9,0.457,7
autogluon_chronos-2,Chronos-2,12,0,app2,6,8,10,9,0.457,8
autogluon_chronos-2,Chronos-2,12,0,app2,6,8,10,9,0.457,9
autogluon_chronos-2,Chronos-2,12,0,app2,9,9,9,6,0.545,0
autogluon_chronos-2,Chronos-2,12,0,app2,9,9,9,6,0.545,1
autogluon_chronos-2,Chronos-2,12,0,app2,9,9,9,6,0.545,2
autogluon_chronos-2,Chronos-2,12,0,app2,9,9,9,6,0.545,3
autogluon_chronos-2,Chronos-2,12,0,app2,9,9,9,6,0.545,4
autogluon_chronos-2,Chronos-2,12,0,app2,9,9,9,6,0.545,5
autogluon_chronos-2,Chronos-2,12,0,app2,9,9,9,6,0.545,6
autogluon_chronos-2,Chronos-2,12,0,app2,9,9,9,6,0.545,7
autogluon_chronos-2,Chronos-2,12,0,app2,9,9,9,6,0.545,8
autogluon_chronos-2,Chronos-2,12,0,app2,9,9,9,6,0.545,9
autogluon_chronos-2,Chronos-2,12,0,app2,12,9,9,6,0.545,0
autogluon_chronos-2,Chronos-2,12,0,app2,12,9,9,6,0.545,1
autogluon_chronos-2,Chronos-2,12,0,app2,12,9,9,6,0.545,2
autogluon_chronos-2,Chronos-2,12,0,app2,12,9,9,6,0.545,3
autogluon_chronos-2,Chronos-2,12,0,app2,12,9,9,6,0.545,4
autogluon_chronos-2,Chronos-2,12,0,app2,12,9,9,6,0.545,5
autogluon_chronos-2,Chronos-2,12,0,app2,12,9,9,6,0.545,6
autogluon_chronos-2,Chronos-2,12,0,app2,12,9,9,6,0.545,7
autogluon_chronos-2,Chronos-2,12,0,app2,12,9,9,6,0.545,8
autogluon_chronos-2,Chronos-2,12,0,app2,12,9,9,6,0.545,9
autogluon_chronos-2,Chronos-2,12,0,app2,24,9,9,6,0.545,0
autogluon_chronos-2,Chronos-2,12,0,app2,24,9,9,6,0.545,1
autogluon_chronos-2,Chronos-2,12,0,app2,24,9,9,6,0.545,2
autogluon_chronos-2,Chronos-2,12,0,app2,24,9,9,6,0.545,3
autogluon_chronos-2,Chronos-2,12,0,app2,24,9,9,6,0.545,4
autogluon_chronos-2,Chronos-2,12,0,app2,24,9,9,6,0.545,5
autogluon_chronos-2,Chronos-2,12,0,app2,24,9,9,6,0.545,6
autogluon_chronos-2,Chronos-2,12,0,app2,24,9,9,6,0.545,7
autogluon_chronos-2,Chronos-2,12,0,app2,24,9,9,6,0.545,8
autogluon_chronos-2,Chronos-2,12,0,app2,24,9,9,6,0.545,9
autogluon_chronos-2,Chronos-2,12,0,app2,72,10,8,5,0.606,0
autogluon_chronos-2,Chronos-2,12,0,app2,72,10,8,5,0.606,1
autogluon_chronos-2,Chronos-2,12,0,app2,72,10,8,5,0.606,2
autogluon_chronos-2,Chronos-2,12,0,app2,72,10,8,5,0.606,3
autogluon_chronos-2,Chronos-2,12,0,app2,72,10,8,5,0.606,4
autogluon_chronos-2,Chronos-2,12,0,app2,72,10,8,5,0.606,5
autogluon_chronos-2,Chronos-2,12,0,app2,72,10,8,5,0.606,6
autogluon_chronos-2,Chronos-2,12,0,app2,72,10,8,5,0.606,7
autogluon_chronos-2,Chronos-2,12,0,app2,72,10,8,5,0.606,8
autogluon_chronos-2,Chronos-2,12,0,app2,72,10,8,5,0.606,9
autogluon_chronos-2,Chronos-2,12,0,app3,1,8,10,9,0.457,0
autogluon_chronos-2,Chronos-2,12,0,app3,1,8,10,9,0.457,1
autogluon_chronos-2,Chronos-2,12,0,app3,1,8,10,9,0.457,2
autogluon_chronos-2,Chronos-2,12,0,app3,1,8,10,9,0.457,3
autogluon_chronos-2,Chronos-2,12,0,app3,1,8,10,9,0.457,4
autogluon_chronos-2,Chronos-2,12,0,app3,1,8,10,9,0.457,5
autogluon_chronos-2,Chronos-2,12,0,app3,1,8,10,9,0.457,6
autogluon_chronos-2,Chronos-2,12,0,app3,1,8,10,9,0.457,7
autogluon_chronos-2,Chronos-2,12,0,app3,1,8,10,9,0.457,8
autogluon_chronos-2,Chronos-2,12,0,app3,1,8,10,9,0.457,9
autogluon_chronos-2,Chronos-2,12,0,app3,3,8,10,9,0.457,0
autogluon_chronos-2,Chronos-2,12,0,app3,3,8,10,9,0.457,1
autogluon_chronos-2,Chronos-2,12,0,app3,3,8,10,9,0.457,2
autogluon_chronos-2,Chronos-2,12,0,app3,3,8,10,9,0.457,3
autogluon_chronos-2,Chronos-2,12,0,app3,3,8,10,9,0.457,4
autogluon_chronos-2,Chronos-2,12,0,app3,3,8,10,9,0.457,5
autogluon_chronos-2,Chronos-2,12,0,app3,3,8,10,9,0.457,6
autogluon_chronos-2,Chronos-2,12,0,app3,3,8,10,9,0.457,7
autogluon_chronos-2,Chronos-2,12,0,app3,3,8,10,9,0.457,8
autogluon_chronos-2,Chronos-2,12,0,app3,3,8,10,9,0.457,9
autogluon_chronos-2,Chronos-2,12,0,app3,6,8,10,9,0.457,0
autogluon_chronos-2,Chronos-2,12,0,app3,6,8,10,9,0.457,1
autogluon_chronos-2,Chronos-2,12,0,app3,6,8,10,9,0.457,2
autogluon_chronos-2,Chronos-2,12,0,app3,6,8,10,9,0.457,3
autogluon_chronos-2,Chronos-2,12,0,app3,6,8,10,9,0.457,4
autogluon_chronos-2,Chronos-2,12,0,app3,6,8,10,9,0.457,5
autogluon_chronos-2,Chronos-2,12,0,app3,6,8,10,9,0.457,6
autogluon_chronos-2,Chronos-2,12,0,app3,6,8,10,9,0.457,7
autogluon_chronos-2,Chronos-2,12,0,app3,6,8,10,9,0.457,8
autogluon_chronos-2,Chronos-2,12,0,app3,6,8,10,9,0.457,9
autogluon_chronos-2,Chronos-2,12,0,app3,9,8,10,8,0.471,0
autogluon_chronos-2,Chronos-2,12,0,app3,9,8,10,8,0.471,1
autogluon_chronos-2,Chronos-2,12,0,app3,9,8,10,8,0.471,2
autogluon_chronos-2,Chronos-2,12,0,app3,9,8,10,8,0.471,3
autogluon_chronos-2,Chronos-2,12,0,app3,9,8,10,8,0.471,4
autogluon_chronos-2,Chronos-2,12,0,app3,9,8,10,8,0.471,5
autogluon_chronos-2,Chronos-2,12,0,app3,9,8,10,8,0.471,6
autogluon_chronos-2,Chronos-2,12,0,app3,9,8,10,8,0.471,7
autogluon_chronos-2,Chronos-2,12,0,app3,9,8,10,8,0.471,8
autogluon_chronos-2,Chronos-2,12,0,app3,9,8,10,8,0.471,9
autogluon_chronos-2,Chronos-2,12,0,app3,12,8,10,8,0.471,0
autogluon_chronos-2,Chronos-2,12,0,app3,12,8,10,8,0.471,1
autogluon_chronos-2,Chronos-2,12,0,app3,12,8,10,8,0.471,2
autogluon_chronos-2,Chronos-2,12,0,app3,12,8,10,8,0.471,3
autogluon_chronos-2,Chronos-2,12,0,app3,12,8,10,8,0.471,4
autogluon_chronos-2,Chronos-2,12,0,app3,12,8,10,8,0.471,5
autogluon_chronos-2,Chronos-2,12,0,app3,12,8,10,8,0.471,6
autogluon_chronos-2,Chronos-2,12,0,app3,12,8,10,8,0.471,7
autogluon_chronos-2,Chronos-2,12,0,app3,12,8,10,8,0.471,8
autogluon_chronos-2,Chronos-2,12,0,app3,12,8,10,8,0.471,9
autogluon_chronos-2,Chronos-2,12,0,app3,24,8,10,7,0.485,0
autogluon_chronos-2,Chronos-2,12,0,app3,24,8,10,7,0.485,1
autogluon_chronos-2,Chronos-2,12,0,app3,24,8,10,7,0.485,2
autogluon_chronos-2,Chronos-2,12,0,app3,24,8,10,7,0.485,3
autogluon_chronos-2,Chronos-2,12,0,app3,24,8,10,7,0.485,4
autogluon_chronos-2,Chronos-2,12,0,app3,24,8,10,7,0.485,5
autogluon_chronos-2,Chronos-2,12,0,app3,24,8,10,7,0.485,6
autogluon_chronos-2,Chronos-2,12,0,app3,24,8,10,7,0.485,7
autogluon_chronos-2,Chronos-2,12,0,app3,24,8,10,7,0.485,8
autogluon_chronos-2,Chronos-2,12,0,app3,24,8,10,7,0.485,9
autogluon_chronos-2,Chronos-2,12,0,app3,72,10,8,5,0.606,0
autogluon_chronos-2,Chronos-2,12,0,app3,72,10,8,5,0.606,1
autogluon_chronos-2,Chronos-2,12,0,app3,72,10,8,5,0.606,2
autogluon_chronos-2,Chronos-2,12,0,app3,72,10,8,5,0.606,3
autogluon_chronos-2,Chronos-2,12,0,app3,72,10,8,5,0.606,4
autogluon_chronos-2,Chronos-2,12,0,app3,72,10,8,5,0.606,5
autogluon_chronos-2,Chronos-2,12,0,app3,72,10,8,5,0.606,6
autogluon_chronos-2,Chronos-2,12,0,app3,72,10,8,5,0.606,7
autogluon_chronos-2,Chronos-2,12,0,app3,72,10,8,5,0.606,8
autogluon_chronos-2,Chronos-2,12,0,app3,72,10,8,5,0.606,9
