model,label,t,dataset,seed,start,end,duration_s
nn,Nn,6,0,0,2026-09-11T13:42:07.453060,2026-09-11T14:14:55.839325,1968.386
nn,Nn,6,0,1,2026-09-11T13:42:07.453060,2026-09-11T14:14:55.839325,1968.386
nn,Nn,6,0,2,2026-09-11T13:42:07.453060,2026-09-11T14:14:55.839325,1968.386
nn,Nn,6,0,3,2026-09-11T13:42:07.453060,2026-09-11T14:14:55.839325,1968.386
nn,Nn,6,0,4,2026-09-11T13:42:07.453060,2026-09-11T14:14:55.839325,1968.386
nn,Nn,6,0,5,2026-09-11T13:42:07.453060,2026-09-11T14:14:55.839325,1968.386
nn,Nn,6,0,6,2026-09-11T13:42:07.453060,2026-09-11T14:14:55.839325,1968.386
nn,Nn,6,0,7,2026-09-11T13:42:07.453060,2026-09-11T14:14:55.839325,1968.386
nn,Nn,6,0,8,2026-09-11T13:42:07.453060,2026-09-11T14:14:55.839325,1968.386
nn,Nn,6,0,9,2026-09-11T13:42:07.453060,2026-09-11T14:14:55.839325,1968.386
nn,Nn,6,1,0,2026-09-11T14:16:33.028688,2026-09-11T14:45:01.523580,1708.495
nn,Nn,6,1,1,2026-09-11T14:16:33.028688,2026-09-11T14:45:01.523580,1708.495
nn,Nn,6,1,2,2026-09-11T14:16:33.028688,2026-09-11T14:45:01.523580,1708.495
nn,Nn,6,1,3,2026-09-11T14:16:33.028688,2026-09-11T14:45:01.523580,1708.495
nn,Nn,6,1,4,2026-09-11T14:16:33.028688,2026-09-11T14:45:01.523580,1708.495
nn,Nn,6,1,5,2026-09-11T14:16:33.028688,2026-09-11T14:45:01.523580,1708.495
nn,Nn,6,1,6,2026-09-11T14:16:33.028688,2026-09-11T14:45:01.523580,1708.495
nn,Nn,6,1,7,2026-09-11T14:16:33.028688,2026-09-11T14:45:01.523580,1708.495
nn,Nn,6,1,8,2026-09-11T14:16:33.028688,2026-09-11T14:45:01.523580,1708.495
nn,Nn,6,1,9,2026-09-11T14:16:33.028688,2026-09-11T14:45:01.523580,1708.495
nn,Nn,6,2,0,2026-09-11T14:45:32.137536,2026-09-11T15:19:26.785572,2034.648
nn,Nn,6,2,1,2026-09-11T14:45:32.137536,2026-09-11T15:19:26.785572,2034.648
nn,Nn,6,2,2,2026-09-11T14:45:32.137536,2026-09-11T15:19:26.785572,2034.648
nn,Nn,6,2,3,2026-09-11T14:45:32.137536,2026-09-11T15:19:26.785572,2034.648
nn,Nn,6,2,4,2026-09-11T14:45:32.137536,2026-09-11T15:19:26.785572,2034.648
nn,Nn,6,2,5,2026-09-11T14:45:32.137536,2026-09-11T15:19:26.785572,2034.648
nn,Nn,6,2,6,2026-09-11T14:45:32.137536,2026-09-11T15:19:26.785572,2034.648
nn,Nn,6,2,7,2026-09-11T14:45:32.137536,2026-09-11T15:19:26.785572,2034.648
nn,Nn,6,2,8,2026-09-11T14:45:32.137536,2026-09-11T15:19:26.785572,2034.648
nn,Nn,6,2,9,2026-09-11T14:45:32.137536,2026-09-11T15:19:26.785572,2034.648
nn,Nn,6,3,0,2026-09-11T15:19:51.626594,2026-09-11T16:01:30.741935,2499.115
nn,Nn,6,3,1,2026-09-11T15:19:51.626594,2026-09-11T16:01:30.741935,2499.115
nn,Nn,6,3,2,2026-09-11T15:19:51.626594,2026-09-11T16:01:30.741935,2499.115
nn,Nn,6,3,3,2026-09-11T15:19:51.626594,2026-09-11T16:01:30.741935,2499.115
nn,Nn,6,3,4,2026-09-11T15:19:51.626594,2026-09-11T16:01:30.741935,2499.115
nn,Nn,6,3,5,2026-09-11T15:19:51.626594,2026-09-11T16:01:30.741935,2499.115
nn,Nn,6,3,6,2026-09-11T15:19:51.626594,2026-09-11T16:01:30.741935,2499.115
nn,Nn,6,3,7,2026-09-11T15:19:51.626594,2026-09-11T16:01:30.741935,2499.115
nn,Nn,6,3,8,2026-09-11T15:19:51.626594,2026-09-11T16:01:30.741935,2499.115
nn,Nn,6,3,9,2026-09-11T15:19:51.626594,2026-09-11T16:01:30.741935,2499.115
nn,Nn,6,4,0,2026-09-11T16:01:54.933021,2026-09-11T16:26:04.350554,1449.418
nn,Nn,6,4,1,2026-09-11T16:01:54.933021,2026-09-11T16:26:04.350554,1449.418
nn,Nn,6,4,2,2026-09-11T16:01:54.933021,2026-09-11T16:26:04.350554,1449.418
nn,Nn,6,4,3,2026-09-11T16:01:54.933021,2026-09-11T16:26:04.350554,1449.418
nn,Nn,6,4,4,2026-09-11T16:01:54.933021,2026-09-11T16:26:04.350554,1449.418
nn,Nn,6,4,5,2026-09-11T16:01:54.933021,2026-09-11T16:26:04.350554,1449.418
nn,Nn,6,4,6,2026-09-11T16:01:54.933021,2026-09-11T16:26:04.350554,1449.418
nn,Nn,6,4,7,2026-09-11T16:01:54.933021,2026-09-11T16:26:04.350554,1449.418
nn,Nn,6,4,8,2026-09-11T16:01:54.933021,2026-09-11T16:26:04.350554,1449.418
nn,Nn,6,4,9,2026-09-11T16:01:54.933021,2026-09-11T16:26:04.350554,1449.418
nn,Nn,6,5,0,2026-09-11T16:26:37.259028,2026-09-11T17:07:21.680367,2444.421
nn,Nn,6,5,1,2026-09-11T16:26:37.259028,2026-09-11T17:07:21.680367,2444.421
nn,Nn,6,5,2,2026-09-11T16:26:37.259028,2026-09-11T17:07:21.680367,2444.421
nn,Nn,6,5,3,2026-09-11T16:26:37.259028,2026-09-11T17:07:21.680367,2444.421
nn,Nn,6,5,4,2026-09-11T16:26:37.259028,2026-09-11T17:07:21.680367,2444.421
nn,Nn,6,5,5,2026-09-11T16:26:37.259028,2026-09-11T17:07:21.680367,2444.421
nn,Nn,6,5,6,2026-09-11T16:26:37.259028,2026-09-11T17:07:21.680367,2444.421
nn,Nn,6,5,7,2026-09-11T16:26:37.259028,2026-09-11T17:07:21.680367,2444.421
nn,Nn,6,5,8,2026-09-11T16:26:37.259028,2026-09-11T17:07:21.680367,2444.421
nn,Nn,6,5,9,2026-09-11T16:26:37.259028,2026-09-11T17:07:21.680367,2444.421
nn,Nn,6,6,0,2026-09-11T17:07:55.909330,2026-09-11T17:40:20.775953,1944.867
nn,Nn,6,6,1,2026-09-11T17:07:55.909330,2026-09-11T17:40:20.775953,1944.867
nn,Nn,6,6,2,2026-09-11T17:07:55.909330,2026-09-11T17:40:20.775953,1944.867
nn,Nn,6,6,3,2026-09-11T17:07:55.909330,2026-09-11T17:40:20.775953,1944.867
nn,Nn,6,6,4,2026-09-11T17:07:55.909330,2026-09-11T17:40:20.775953,1944.867
nn,Nn,6,6,5,2026-09-11T17:07:55.909330,2026-09-11T17:40:20.775953,1944.867
nn,Nn,6,6,6,2026-09-11T17:07:55.909330,2026-09-11T17:40:20.775953,1944.867
nn,Nn,6,6,7,2026-09-11T17:07:55.909330,2026-09-11T17:40:20.775953,1944.867
nn,Nn,6,6,8,2026-09-11T17:07:55.909330,2026-09-11T17:40:20.775953,1944.867
nn,Nn,6,6,9,2026-09-11T17:07:55.909330,2026-09-11T17:40:20.775953,1944.867
nn,Nn,6,7,0,2026-09-11T17:40:47.681840,2026-09-11T18:08:59.302113,1691.62
nn,Nn,6,7,1,2026-09-11T17:40:47.681840,2026-09-11T18:08:59.302113,1691.62
nn,Nn,6,7,2,2026-09-11T17:40:47.681840,2026-09-11T18:08:59.302113,1691.62
nn,Nn,6,7,3,2026-09-11T17:40:47.681840,2026-09-11T18:08:59.302113,1691.62
nn,Nn,6,7,4,2026-09-11T17:40:47.681840,2026-09-11T18:08:59.302113,1691.62
nn,Nn,6,7,5,2026-09-11T17:40:47.681840,2026-09-11T18:08:59.302113,1691.62
nn,Nn,6,7,6,2026-09-11T17:40:47.681840,2026-09-11T18:08:59.302113,1691.62
nn,Nn,6,7,7,2026-09-11T17:40:47.681840,2026-09-11T18:08:59.302113,1691.62
nn,Nn,6,7,8,2026-09-11T17:40:47.681840,2026-09-11T18:08:59.302113,1691.62
nn,Nn,6,7,9,2026-09-11T17:40:47.681840,2026-09-11T18:08:59.302113,1691.62
nn,Nn,6,8,0,2026-09-11T18:09:30.540823,2026-09-11T18:37:51.297675,1700.757
nn,Nn,6,8,1,2026-09-11T18:09:30.540823,2026-09-11T18:37:51.297675,1700.757
nn,Nn,6,8,2,2026-09-11T18:09:30.540823,2026-09-11T18:37:51.297675,1700.757
nn,Nn,6,8,3,2026-09-11T18:09:30.540823,2026-09-11T18:37:51.297675,1700.757
nn,Nn,6,8,4,2026-09-11T18:09:30.540823,2026-09-11T18:37:51.297675,1700.757
nn,Nn,6,8,5,2026-09-11T18:09:30.540823,2026-09-11T18:37:51.297675,1700.757
nn,Nn,6,8,6,2026-09-11T18:09:30.540823,2026-09-11T18:37:51.297675,1700.757
nn,Nn,6,8,7,2026-09-11T18:09:30.540823,2026-09-11T18:37:51.297675,1700.757
nn,Nn,6,8,8,2026-09-11T18:09:30.540823,2026-09-11T18:37:51.297675,1700.757
nn,Nn,6,8,9,2026-09-11T18:09:30.540823,2026-09-11T18:37:51.297675,1700.757
nn,Nn,6,9,0,2026-09-11T18:38:21.107887,2026-09-11T19:08:47.194095,1826.086
nn,Nn,6,9,1,2026-09-11T18:38:21.107887,2026-09-11T19:08:47.194095,1826.086
nn,Nn,6,9,2,2026-09-11T18:38:21.107887,2026-09-11T19:08:47.194095,1826.086
nn,Nn,6,9,3,2026-09-11T18:38:21.107887,2026-09-11T19:08:47.194095,1826.086
nn,Nn,6,9,4,2026-09-11T18:38:21.107887,2026-09-11T19:08:47.194095,1826.086
nn,Nn,6,9,5,2026-09-11T18:38:21.107887,2026-09-11T19:08:47.194095,1826.086
nn,Nn,6,9,6,2026-09-11T18:38:21.107887,2026-09-11T19:08:47.194095,1826.086
nn,Nn,6,9,7,2026-09-11T18:38:21.107887,2026-09-11T19:08:47.194095,1826.086
nn,Nn,6,9,8,2026-09-11T18:38:21.107887,2026-09-11T19:08:47.194095,1826.086
nn,Nn,6,9,9,2026-09-11T18:38:21.107887,2026-09-11T19:08:47.194095,1826.086
nn,Nn,12,0,0,2026-09-11T19:09:31.703719,2026-09-11T19:36:56.532628,1644.829
nn,Nn,12,0,1,2026-09-11T19:09:31.703719,2026-09-11T19:36:56.532628,1644.829
nn,Nn,12,0,2,2026-09-11T19:09:31.703719,2026-09-11T19:36:56.532628,1644.829
nn,Nn,12,0,3,2026-09-11T19:09:31.703719,2026-09-11T19:36:56.532628,1644.829
nn,Nn,12,0,4,2026-09-11T19:09:31.703719,2026-09-11T19:36:56.532628,1644.829
nn,Nn,12,0,5,2026-09-11T19:09:31.703719,2026-09-11T19:36:56.532628,1644.829
nn,Nn,12,0,6,2026-09-11T19:09:31.703719,2026-09-11T19:36:56.532628,1644.829
nn,Nn,12,0,7,2026-09-11T19:09:31.703719,2026-09-11T19:36:56.532628,1644.829
nn,Nn,12,0,8,2026-09-11T19:09:31.703719,2026-09-11T19:36:56.532628,1644.829
nn,Nn,12,0,9,2026-09-11T19:09:31.703719,2026-09-11T19:36:56.532628,1644.829
nn,Nn,12,1,0,2026-09-11T19:38:38.106322,2026-09-11T20:09:27.178681,1849.072
nn,Nn,12,1,1,2026-09-11T19:38:38.106322,2026-09-11T20:09:27.178681,1849.072
nn,Nn,12,1,2,2026-09-11T19:38:38.106322,2026-09-11T20:09:27.178681,1849.072
nn,Nn,12,1,3,2026-09-11T19:38:38.106322,2026-09-11T20:09:27.178681,1849.072
nn,Nn,12,1,4,2026-09-11T19:38:38.106322,2026-09-11T20:09:27.178681,1849.072
nn,Nn,12,1,5,2026-09-11T19:38:38.106322,2026-09-11T20:09:27.178681,1849.072
nn,Nn,12,1,6,2026-09-11T19:38:38.106322,2026-09-11T20:09:27.178681,1849.072
nn,Nn,12,1,7,2026-09-11T19:38:38.106322,2026-09-11T20:09:27.178681,1849.072
nn,Nn,12,1,8,2026-09-11T19:38:38.106322,2026-09-11T20:09:27.178681,1849.072
nn,Nn,12,1,9,2026-09-11T19:38:38.106322,2026-09-11T20:09:27.178681,1849.072
nn,Nn,12,2,0,2026-09-11T20:10:01.647251,2026-09-11T20:50:38.176713,2436.529
nn,Nn,12,2,1,2026-09-11T20:10:01.647251,2026-09-11T20:50:38.176713,2436.529
nn,Nn,12,2,2,2026-09-11T20:10:01.647251,2026-09-11T20:50:38.176713,2436.529
nn,Nn,12,2,3,2026-09-11T20:10:01.647251,2026-09-11T20:50:38.176713,2436.529
nn,Nn,12,2,4,2026-09-11T20:10:01.647251,2026-09-11T20:50:38.176713,2436.529
nn,Nn,12,2,5,2026-09-11T20:10:01.647251,2026-09-11T20:50:38.176713,2436.529
nn,Nn,12,2,6,2026-09-11T20:10:01.647251,2026-09-11T20:50:38.176713,2436.529
nn,Nn,12,2,7,2026-09-11T20:10:01.647251,2026-09-11T20:50:38.176713,2436.529
nn,Nn,12,2,8,2026-09-11T20:10:01.647251,2026-09-11T20:50:38.176713,2436.529
nn,Nn,12,2,9,2026-09-11T20:10:01.647251,2026-09-11T20:50:38.176713,2436.529
nn,Nn,12,3,0,2026-09-11T20:51:07.016374,2026-09-11T21:21:02.225153,1795.209
nn,Nn,12,3,1,2026-09-11T20:51:07.016374,2026-09-11T21:21:02.225153,1795.209
nn,Nn,12,3,2,2026-09-11T20:51:07.016374,2026-09-11T21:21:02.225153,1795.209
nn,Nn,12,3,3,2026-09-11T20:51:07.016374,2026-09-11T21:21:02.225153,1795.209
nn,Nn,12,3,4,2026-09-11T20:51:07.016374,2026-09-11T21:21:02.225153,1795.209
nn,Nn,12,3,5,2026-09-11T20:51:07.016374,2026-09-11T21:21:02.225153,1795.209
nn,Nn,12,3,6,2026-09-11T20:51:07.016374,2026-09-11T21:21:02.225153,1795.209
nn,Nn,12,3,7,2026-09-11T20:51:07.016374,2026-09-11T21:21:02.225153,1795.209
nn,Nn,12,3,8,2026-09-11T20:51:07.016374,2026-09-11T21:21:02.225153,1795.209
nn,Nn,12,3,9,2026-09-11T20:51:07.016374,2026-09-11T21:21:02.225153,1795.209
nn,Nn,12,4,0,2026-09-11T21:21:31.256743,2026-09-11T22:00:02.200758,2310.944
nn,Nn,12,4,1,2026-09-11T21:21:31.256743,2026-09-11T22:00:02.200758,2310.944
nn,Nn,12,4,2,2026-09-11T21:21:31.256743,2026-09-11T22:00:02.200758,2310.944
nn,Nn,12,4,3,2026-09-11T21:21:31.256743,2026-09-11T22:00:02.200758,2310.944
nn,Nn,12,4,4,2026-09-11T21:21:31.256743,2026-09-11T22:00:02.200758,2310.944
nn,Nn,12,4,5,2026-09-11T21:21:31.256743,2026-09-11T22:00:02.200758,2310.944
nn,Nn,12,4,6,2026-09-11T21:21:31.256743,2026-09-11T22:00:02.200758,2310.944
nn,Nn,12,4,7,2026-09-11T21:21:31.256743,2026-09-11T22:00:02.200758,2310.944
nn,Nn,12,4,8,2026-09-11T21:21:31.256743,2026-09-11T22:00:02.200758,2310.944
nn,Nn,12,4,9,2026-09-11T21:21:31.256743,2026-09-11T22:00:02.200758,2310.944
nn,Nn,12,5,0,2026-09-12T00:13:26.315289,2026-09-12T00:42:51.952820,1765.638
nn,Nn,12,5,1,2026-09-12T00:13:26.315289,2026-09-12T00:42:51.952820,1765.638
nn,Nn,12,5,2,2026-09-12T00:13:26.315289,2026-09-12T00:42:51.952820,1765.638
nn,Nn,12,5,3,2026-09-12T00:13:26.315289,2026-09-12T00:42:51.952820,1765.638
nn,Nn,12,5,4,2026-09-12T00:13:26.315289,2026-09-12T00:42:51.952820,1765.638
nn,Nn,12,5,5,2026-09-12T00:13:26.315289,2026-09-12T00:42:51.952820,1765.638
nn,Nn,12,5,6,2026-09-12T00:13:26.315289,2026-09-12T00:42:51.952820,1765.638
nn,Nn,12,5,7,2026-09-12T00:13:26.315289,2026-09-12T00:42:51.952820,1765.638
nn,Nn,12,5,8,2026-09-12T00:13:26.315289,2026-09-12T00:42:51.952820,1765.638
nn,Nn,12,5,9,2026-09-12T00:13:26.315289,2026-09-12T00:42:51.952820,1765.638
nn,Nn,12,6,0,2026-09-12T00:43:28.591321,2026-09-12T01:17:41.027110,2052.436
nn,Nn,12,6,1,2026-09-12T00:43:28.591321,2026-09-12T01:17:41.027110,2052.436
nn,Nn,12,6,2,2026-09-12T00:43:28.591321,2026-09-12T01:17:41.027110,2052.436
nn,Nn,12,6,3,2026-09-12T00:43:28.591321,2026-09-12T01:17:41.027110,2052.436
nn,Nn,12,6,4,2026-09-12T00:43:28.591321,2026-09-12T01:17:41.027110,2052.436
nn,Nn,12,6,5,2026-09-12T00:43:28.591321,2026-09-12T01:17:41.027110,2052.436
nn,Nn,12,6,6,2026-09-12T00:43:28.591321,2026-09-12T01:17:41.027110,2052.436
nn,Nn,12,6,7,2026-09-12T00:43:28.591321,2026-09-12T01:17:41.027110,2052.436
nn,Nn,12,6,8,2026-09-12T00:43:28.591321,2026-09-12T01:17:41.027110,2052.436
nn,Nn,12,6,9,2026-09-12T00:43:28.591321,2026-09-12T01:17:41.027110,2052.436
nn,Nn,12,7,0,2026-09-12T01:18:10.558758,2026-09-12T01:47:15.960293,1745.402
nn,Nn,12,7,1,2026-09-12T01:18:10.558758,2026-09-12T01:47:15.960293,1745.402
nn,Nn,12,7,2,2026-09-12T01:18:10.558758,2026-09-12T01:47:15.960293,1745.402
nn,Nn,12,7,3,2026-09-12T01:18:10.558758,2026-09-12T01:47:15.960293,1745.402
nn,Nn,12,7,4,2026-09-12T01:18:10.558758,2026-09-12T01:47:15.960293,1745.402
nn,Nn,12,7,5,2026-09-12T01:18:10.558758,2026-09-12T01:47:15.960293,1745.402
nn,Nn,12,7,6,2026-09-12T01:18:10.558758,2026-09-12T01:47:15.960293,1745.402
nn,Nn,12,7,7,2026-09-12T01:18:10.558758,2026-09-12T01:47:15.960293,1745.402
nn,Nn,12,7,8,2026-09-12T01:18:10.558758,2026-09-12T01:47:15.960293,1745.402
nn,Nn,12,7,9,2026-09-12T01:18:10.558758,2026-09-12T01:47:15.960293,1745.402
nn,Nn,12,8,0,2026-09-12T01:47:48.752159,2026-09-12T02:32:45.563953,2696.812
nn,Nn,12,8,1,2026-09-12T01:47:48.752159,2026-09-12T02:32:45.563953,2696.812
nn,Nn,12,8,2,2026-09-12T01:47:48.752159,2026-09-12T02:32:45.563953,2696.812
nn,Nn,12,8,3,2026-09-12T01:47:48.752159,2026-09-12T02:32:45.563953,2696.812
nn,Nn,12,8,4,2026-09-12T01:47:48.752159,2026-09-12T02:32:45.563953,2696.812
nn,Nn,12,8,5,2026-09-12T01:47:48.752159,2026-09-12T02:32:45.563953,2696.812
nn,Nn,12,8,6,2026-09-12T01:47:48.752159,2026-09-12T02:32:45.563953,2696.812
nn,Nn,12,8,7,2026-09-12T01:47:48.752159,2026-09-12T02:32:45.563953,2696.812
nn,Nn,12,8,8,2026-09-12T01:47:48.752159,2026-09-12T02:32:45.563953,2696.812
nn,Nn,12,8,9,2026-09-12T01:47:48.752159,2026-09-12T02:32:45.563953,2696.812
nn,Nn,12,9,0,2026-09-12T02:33:17.954286,2026-09-12T03:05:05.584492,1907.63
nn,Nn,12,9,1,2026-09-12T02:33:17.954286,2026-09-12T03:05:05.584492,1907.63
nn,Nn,12,9,2,2026-09-12T02:33:17.954286,2026-09-12T03:05:05.584492,1907.63
nn,Nn,12,9,3,2026-09-12T02:33:17.954286,2026-09-12T03:05:05.584492,1907.63
nn,Nn,12,9,4,2026-09-12T02:33:17.954286,2026-09-12T03:05:05.584492,1907.63
nn,Nn,12,9,5,2026-09-12T02:33:17.954286,2026-09-12T03:05:05.584492,1907.63
nn,Nn,12,9,6,2026-09-12T02:33:17.954286,2026-09-12T03:05:05.584492,1907.63
nn,Nn,12,9,7,2026-09-12T02:33:17.954286,2026-09-12T03:05:05.584492,1907.63
nn,Nn,12,9,8,2026-09-12T02:33:17.954286,2026-09-12T03:05:05.584492,1907.63
nn,Nn,12,9,9,2026-09-12T02:33:17.954286,2026-09-12T03:05:05.584492,1907.63
rnn,Rnn,6,0,0,2026-09-12T08:49:56.964273,2026-09-12T10:09:52.844409,4795.88
rnn,Rnn,6,0,1,2026-09-12T08:49:56.964273,2026-09-12T10:09:52.844409,4795.88
rnn,Rnn,6,0,2,2026-09-12T08:49:56.964273,2026-09-12T10:09:52.844409,4795.88
rnn,Rnn,6,0,3,2026-09-12T08:49:56.964273,2026-09-12T10:09:52.844409,4795.88
rnn,Rnn,6,0,4,2026-09-12T08:49:56.964273,2026-09-12T10:09:52.844409,4795.88
rnn,Rnn,6,0,5,2026-09-12T08:49:56.964273,2026-09-12T10:09:52.844409,4795.88
rnn,Rnn,6,0,6,2026-09-12T08:49:56.964273,2026-09-12T10:09:52.844409,4795.88
rnn,Rnn,6,0,7,2026-09-12T08:49:56.964273,2026-09-12T10:09:52.844409,4795.88
rnn,Rnn,6,0,8,2026-09-12T08:49:56.964273,2026-09-12T10:09:52.844409,4795.88
rnn,Rnn,6,0,9,2026-09-12T08:49:56.964273,2026-09-12T10:09:52.844409,4795.88
rnn,Rnn,6,1,0,2026-09-12T10:11:26.401512,2026-09-12T11:33:42.601830,4936.2
rnn,Rnn,6,1,1,2026-09-12T10:11:26.401512,2026-09-12T11:33:42.601830,4936.2
rnn,Rnn,6,1,2,2026-09-12T10:11:26.401512,2026-09-12T11:33:42.601830,4936.2
rnn,Rnn,6,1,3,2026-09-12T10:11:26.401512,2026-09-12T11:33:42.601830,4936.2
rnn,Rnn,6,1,4,2026-09-12T10:11:26.401512,2026-09-12T11:33:42.601830,4936.2
rnn,Rnn,6,1,5,2026-09-12T10:11:26.401512,2026-09-12T11:33:42.601830,4936.2
rnn,Rnn,6,1,6,2026-09-12T10:11:26.401512,2026-09-12T11:33:42.601830,4936.2
rnn,Rnn,6,1,7,2026-09-12T10:11:26.401512,2026-09-12T11:33:42.601830,4936.2
rnn,Rnn,6,1,8,2026-09-12T10:11:26.401512,2026-09-12T11:33:42.601830,4936.2
rnn,Rnn,6,1,9,2026-09-12T10:11:26.401512,2026-09-12T11:33:42.601830,4936.2
rnn,Rnn,6,2,0,2026-09-12T11:34:12.146035,2026-09-12T12:49:27.228609,4515.083
rnn,Rnn,6,2,1,2026-09-12T11:34:12.146035,2026-09-12T12:49:27.228609,4515.083
rnn,Rnn,6,2,2,2026-09-12T11:34:12.146035,2026-09-12T12:49:27.228609,4515.083
rnn,Rnn,6,2,3,2026-09-12T11:34:12.146035,2026-09-12T12:49:27.228609,4515.083
rnn,Rnn,6,2,4,2026-09-12T11:34:12.146035,2026-09-12T12:49:27.228609,4515.083
rnn,Rnn,6,2,5,2026-09-12T11:34:12.146035,2026-09-12T12:49:27.228609,4515.083
rnn,Rnn,6,2,6,2026-09-12T11:34:12.146035,2026-09-12T12:49:27.228609,4515.083
rnn,Rnn,6,2,7,2026-09-12T11:34:12.146035,2026-09-12T12:49:27.228609,4515.083
rnn,Rnn,6,2,8,2026-09-12T11:34:12.146035,2026-09-12T12:49:27.228609,4515.083
rnn,Rnn,6,2,9,2026-09-12T11:34:12.146035,2026-09-12T12:49:27.228609,4515.083
rnn,Rnn,6,3,0,2026-09-12T12:49:49.349180,2026-09-12T14:06:24.682098,4595.333
rnn,Rnn,6,3,1,2026-09-12T12:49:49.349180,2026-09-12T14:06:24.682098,4595.333
rnn,Rnn,6,3,2,2026-09-12T12:49:49.349180,2026-09-12T14:06:24.682098,4595.333
rnn,Rnn,6,3,3,2026-09-12T12:49:49.349180,2026-09-12T14:06:24.682098,4595.333
rnn,Rnn,6,3,4,2026-09-12T12:49:49.349180,2026-09-12T14:06:24.682098,4595.333
rnn,Rnn,6,3,5,2026-09-12T12:49:49.349180,2026-09-12T14:06:24.682098,4595.333
rnn,Rnn,6,3,6,2026-09-12T12:49:49.349180,2026-09-12T14:06:24.682098,4595.333
rnn,Rnn,6,3,7,2026-09-12T12:49:49.349180,2026-09-12T14:06:24.682098,4595.333
rnn,Rnn,6,3,8,2026-09-12T12:49:49.349180,2026-09-12T14:06:24.682098,4595.333
rnn,Rnn,6,3,9,2026-09-12T12:49:49.349180,2026-09-12T14:06:24.682098,4595.333
rnn,Rnn,6,4,0,2026-09-12T14:06:47.025932,2026-09-12T15:21:59.401769,4512.376
rnn,Rnn,6,4,1,2026-09-12T14:06:47.025932,2026-09-12T15:21:59.401769,4512.376
rnn,Rnn,6,4,2,2026-09-12T14:06:47.025932,2026-09-12T15:21:59.401769,4512.376
rnn,Rnn,6,4,3,2026-09-12T14:06:47.025932,2026-09-12T15:21:59.401769,4512.376
rnn,Rnn,6,4,4,2026-09-12T14:06:47.025932,2026-09-12T15:21:59.401769,4512.376
rnn,Rnn,6,4,5,2026-09-12T14:06:47.025932,2026-09-12T15:21:59.401769,4512.376
rnn,Rnn,6,4,6,2026-09-12T14:06:47.025932,2026-09-12T15:21:59.401769,4512.376
rnn,Rnn,6,4,7,2026-09-12T14:06:47.025932,2026-09-12T15:21:59.401769,4512.376
rnn,Rnn,6,4,8,2026-09-12T14:06:47.025932,2026-09-12T15:21:59.401769,4512.376
rnn,Rnn,6,4,9,2026-09-12T14:06:47.025932,2026-09-12T15:21:59.401769,4512.376
rnn,Rnn,6,5,0,2026-09-12T15:22:25.712462,2026-09-12T16:41:42.359566,4756.647
rnn,Rnn,6,5,1,2026-09-12T15:22:25.712462,2026-09-12T16:41:42.359566,4756.647
rnn,Rnn,6,5,2,2026-09-12T15:22:25.712462,2026-09-12T16:41:42.359566,4756.647
rnn,Rnn,6,5,3,2026-09-12T15:22:25.712462,2026-09-12T16:41:42.359566,4756.647
rnn,Rnn,6,5,4,2026-09-12T15:22:25.712462,2026-09-12T16:41:42.359566,4756.647
rnn,Rnn,6,5,5,2026-09-12T15:22:25.712462,2026-09-12T16:41:42.359566,4756.647
rnn,Rnn,6,5,6,2026-09-12T15:22:25.712462,2026-09-12T16:41:42.359566,4756.647
rnn,Rnn,6,5,7,2026-09-12T15:22:25.712462,2026-09-12T16:41:42.359566,4756.647
rnn,Rnn,6,5,8,2026-09-12T15:22:25.712462,2026-09-12T16:41:42.359566,4756.647
rnn,Rnn,6,5,9,2026-09-12T15:22:25.712462,2026-09-12T16:41:42.359566,4756.647
rnn,Rnn,6,6,0,2026-09-12T16:42:19.596768,2026-09-12T18:03:39.222698,4879.626
rnn,Rnn,6,6,1,2026-09-12T16:42:19.596768,2026-09-12T18:03:39.222698,4879.626
rnn,Rnn,6,6,2,2026-09-12T16:42:19.596768,2026-09-12T18:03:39.222698,4879.626
rnn,Rnn,6,6,3,2026-09-12T16:42:19.596768,2026-09-12T18:03:39.222698,4879.626
rnn,Rnn,6,6,4,2026-09-12T16:42:19.596768,2026-09-12T18:03:39.222698,4879.626
rnn,Rnn,6,6,5,2026-09-12T16:42:19.596768,2026-09-12T18:03:39.222698,4879.626
rnn,Rnn,6,6,6,2026-09-12T16:42:19.596768,2026-09-12T18:03:39.222698,4879.626
rnn,Rnn,6,6,7,2026-09-12T16:42:19.596768,2026-09-12T18:03:39.222698,4879.626
rnn,Rnn,6,6,8,2026-09-12T16:42:19.596768,2026-09-12T18:03:39.222698,4879.626
rnn,Rnn,6,6,9,2026-09-12T16:42:19.596768,2026-09-12T18:03:39.222698,4879.626
rnn,Rnn,6,7,0,2026-09-12T18:04:10.149086,2026-09-12T19:31:21.242446,5231.093
rnn,Rnn,6,7,1,2026-09-12T18:04:10.149086,2026-09-12T19:31:21.242446,5231.093
rnn,Rnn,6,7,2,2026-09-12T18:04:10.149086,2026-09-12T19:31:21.242446,5231.093
rnn,Rnn,6,7,3,2026-09-12T18:04:10.149086,2026-09-12T19:31:21.242446,5231.093
rnn,Rnn,6,7,4,2026-09-12T18:04:10.149086,2026-09-12T19:31:21.242446,5231.093
rnn,Rnn,6,7,5,2026-09-12T18:04:10.149086,2026-09-12T19:31:21.242446,5231.093
rnn,Rnn,6,7,6,2026-09-12T18:04:10.149086,2026-09-12T19:31:21.242446,5231.093
rnn,Rnn,6,7,7,2026-09-12T18:04:10.149086,2026-09-12T19:31:21.242446,5231.093
rnn,Rnn,6,7,8,2026-09-12T18:04:10.149086,2026-09-12T19:31:21.242446,5231.093
rnn,Rnn,6,7,9,2026-09-12T18:04:10.149086,2026-09-12T19:31:21.242446,5231.093
rnn,Rnn,6,8,0,2026-09-12T19:31:54.008798,2026-09-12T20:45:03.456205,4389.447
rnn,Rnn,6,8,1,2026-09-12T19:31:54.008798,2026-09-12T20:45:03.456205,4389.447
rnn,Rnn,6,8,2,2026-09-12T19:31:54.008798,2026-09-12T20:45:03.456205,4389.447
rnn,Rnn,6,8,3,2026-09-12T19:31:54.008798,2026-09-12T20:45:03.456205,4389.447
rnn,Rnn,6,8,4,2026-09-12T19:31:54.008798,2026-09-12T20:45:03.456205,4389.447
rnn,Rnn,6,8,5,2026-09-12T19:31:54.008798,2026-09-12T20:45:03.456205,4389.447
rnn,Rnn,6,8,6,2026-09-12T19:31:54.008798,2026-09-12T20:45:03.456205,4389.447
rnn,Rnn,6,8,7,2026-09-12T19:31:54.008798,2026-09-12T20:45:03.456205,4389.447
rnn,Rnn,6,8,8,2026-09-12T19:31:54.008798,2026-09-12T20:45:03.456205,4389.447
rnn,Rnn,6,8,9,2026-09-12T19:31:54.008798,2026-09-12T20:45:03.456205,4389.447
rnn,Rnn,6,9,0,2026-09-13T22:49:31.622618,2026-09-14T00:18:40.263271,5348.641
rnn,Rnn,6,9,1,2026-09-13T22:49:31.622618,2026-09-14T00:18:40.263271,5348.641
rnn,Rnn,6,9,2,2026-09-13T22:49:31.622618,2026-09-14T00:18:40.263271,5348.641
rnn,Rnn,6,9,3,2026-09-13T22:49:31.622618,2026-09-14T00:18:40.263271,5348.641
rnn,Rnn,6,9,4,2026-09-13T22:49:31.622618,2026-09-14T00:18:40.263271,5348.641
rnn,Rnn,6,9,5,2026-09-13T22:49:31.622618,2026-09-14T00:18:40.263271,5348.641
rnn,Rnn,6,9,6,2026-09-13T22:49:31.622618,2026-09-14T00:18:40.263271,5348.641
rnn,Rnn,6,9,7,2026-09-13T22:49:31.622618,2026-09-14T00:18:40.263271,5348.641
rnn,Rnn,6,9,8,2026-09-13T22:49:31.622618,2026-09-14T00:18:40.263271,5348.641
rnn,Rnn,6,9,9,2026-09-13T22:49:31.622618,2026-09-14T00:18:40.263271,5348.641
rnn,Rnn,12,0,0,2026-09-14T00:19:23.510337,2026-09-14T01:46:22.635322,5219.125
rnn,Rnn,12,0,1,2026-09-14T00:19:23.510337,2026-09-14T01:46:22.635322,5219.125
rnn,Rnn,12,0,2,2026-09-14T00:19:23.510337,2026-09-14T01:46:22.635322,5219.125
rnn,Rnn,12,0,3,2026-09-14T00:19:23.510337,2026-09-14T01:46:22.635322,5219.125
rnn,Rnn,12,0,4,2026-09-14T00:19:23.510337,2026-09-14T01:46:22.635322,5219.125
rnn,Rnn,12,0,5,2026-09-14T00:19:23.510337,2026-09-14T01:46:22.635322,5219.125
rnn,Rnn,12,0,6,2026-09-14T00:19:23.510337,2026-09-14T01:46:22.635322,5219.125
rnn,Rnn,12,0,7,2026-09-14T00:19:23.510337,2026-09-14T01:46:22.635322,5219.125
rnn,Rnn,12,0,8,2026-09-14T00:19:23.510337,2026-09-14T01:46:22.635322,5219.125
rnn,Rnn,12,0,9,2026-09-14T00:19:23.510337,2026-09-14T01:46:22.635322,5219.125
rnn,Rnn,12,1,0,2026-09-14T01:48:03.867189,2026-09-14T03:14:42.603776,5198.737
rnn,Rnn,12,1,1,2026-09-14T01:48:03.867189,2026-09-14T03:14:42.603776,5198.737
rnn,Rnn,12,1,2,2026-09-14T01:48:03.867189,2026-09-14T03:14:42.603776,5198.737
rnn,Rnn,12,1,3,2026-09-14T01:48:03.867189,2026-09-14T03:14:42.603776,5198.737
rnn,Rnn,12,1,4,2026-09-14T01:48:03.867189,2026-09-14T03:14:42.603776,5198.737
rnn,Rnn,12,1,5,2026-09-14T01:48:03.867189,2026-09-14T03:14:42.603776,5198.737
rnn,Rnn,12,1,6,2026-09-14T01:48:03.867189,2026-09-14T03:14:42.603776,5198.737
rnn,Rnn,12,1,7,2026-09-14T01:48:03.867189,2026-09-14T03:14:42.603776,5198.737
rnn,Rnn,12,1,8,2026-09-14T01:48:03.867189,2026-09-14T03:14:42.603776,5198.737
rnn,Rnn,12,1,9,2026-09-14T01:48:03.867189,2026-09-14T03:14:42.603776,5198.737
rnn,Rnn,12,2,0,2026-09-14T03:15:14.661570,2026-09-14T04:44:17.831059,5343.169
rnn,Rnn,12,2,1,2026-09-14T03:15:14.661570,2026-09-14T04:44:17.831059,5343.169
rnn,Rnn,12,2,2,2026-09-14T03:15:14.661570,2026-09-14T04:44:17.831059,5343.169
rnn,Rnn,12,2,3,2026-09-14T03:15:14.661570,2026-09-14T04:44:17.831059,5343.169
rnn,Rnn,12,2,4,2026-09-14T03:15:14.661570,2026-09-14T04:44:17.831059,5343.169
rnn,Rnn,12,2,5,2026-09-14T03:15:14.661570,2026-09-14T04:44:17.831059,5343.169
rnn,Rnn,12,2,6,2026-09-14T03:15:14.661570,2026-09-14T04:44:17.831059,5343.169
rnn,Rnn,12,2,7,2026-09-14T03:15:14.661570,2026-09-14T04:44:17.831059,5343.169
rnn,Rnn,12,2,8,2026-09-14T03:15:14.661570,2026-09-14T04:44:17.831059,5343.169
rnn,Rnn,12,2,9,2026-09-14T03:15:14.661570,2026-09-14T04:44:17.831059,5343.169
rnn,Rnn,12,3,0,2026-09-14T04:44:44.617598,2026-09-14T06:14:05.272884,5360.655
rnn,Rnn,12,3,1,2026-09-14T04:44:44.617598,2026-09-14T06:14:05.272884,5360.655
rnn,Rnn,12,3,2,2026-09-14T04:44:44.617598,2026-09-14T06:14:05.272884,5360.655
rnn,Rnn,12,3,3,2026-09-14T04:44:44.617598,2026-09-14T06:14:05.272884,5360.655
rnn,Rnn,12,3,4,2026-09-14T04:44:44.617598,2026-09-14T06:14:05.272884,5360.655
rnn,Rnn,12,3,5,2026-09-14T04:44:44.617598,2026-09-14T06:14:05.272884,5360.655
rnn,Rnn,12,3,6,2026-09-14T04:44:44.617598,2026-09-14T06:14:05.272884,5360.655
rnn,Rnn,12,3,7,2026-09-14T04:44:44.617598,2026-09-14T06:14:05.272884,5360.655
rnn,Rnn,12,3,8,2026-09-14T04:44:44.617598,2026-09-14T06:14:05.272884,5360.655
rnn,Rnn,12,3,9,2026-09-14T04:44:44.617598,2026-09-14T06:14:05.272884,5360.655
rnn,Rnn,12,4,0,2026-09-14T06:14:31.945742,2026-09-14T07:56:11.222695,6099.277
rnn,Rnn,12,4,1,2026-09-14T06:14:31.945742,2026-09-14T07:56:11.222695,6099.277
rnn,Rnn,12,4,2,2026-09-14T06:14:31.945742,2026-09-14T07:56:11.222695,6099.277
rnn,Rnn,12,4,3,2026-09-14T06:14:31.945742,2026-09-14T07:56:11.222695,6099.277
rnn,Rnn,12,4,4,2026-09-14T06:14:31.945742,2026-09-14T07:56:11.222695,6099.277
rnn,Rnn,12,4,5,2026-09-14T06:14:31.945742,2026-09-14T07:56:11.222695,6099.277
rnn,Rnn,12,4,6,2026-09-14T06:14:31.945742,2026-09-14T07:56:11.222695,6099.277
rnn,Rnn,12,4,7,2026-09-14T06:14:31.945742,2026-09-14T07:56:11.222695,6099.277
rnn,Rnn,12,4,8,2026-09-14T06:14:31.945742,2026-09-14T07:56:11.222695,6099.277
rnn,Rnn,12,4,9,2026-09-14T06:14:31.945742,2026-09-14T07:56:11.222695,6099.277
rnn,Rnn,12,5,0,2026-09-14T07:56:43.296808,2026-09-14T09:34:57.790611,5894.494
rnn,Rnn,12,5,1,2026-09-14T07:56:43.296808,2026-09-14T09:34:57.790611,5894.494
rnn,Rnn,12,5,2,2026-09-14T07:56:43.296808,2026-09-14T09:34:57.790611,5894.494
rnn,Rnn,12,5,3,2026-09-14T07:56:43.296808,2026-09-14T09:34:57.790611,5894.494
rnn,Rnn,12,5,4,2026-09-14T07:56:43.296808,2026-09-14T09:34:57.790611,5894.494
rnn,Rnn,12,5,5,2026-09-14T07:56:43.296808,2026-09-14T09:34:57.790611,5894.494
rnn,Rnn,12,5,6,2026-09-14T07:56:43.296808,2026-09-14T09:34:57.790611,5894.494
rnn,Rnn,12,5,7,2026-09-14T07:56:43.296808,2026-09-14T09:34:57.790611,5894.494
rnn,Rnn,12,5,8,2026-09-14T07:56:43.296808,2026-09-14T09:34:57.790611,5894.494
rnn,Rnn,12,5,9,2026-09-14T07:56:43.296808,2026-09-14T09:34:57.790611,5894.494
rnn,Rnn,12,6,0,2026-09-14T09:35:35.051678,2026-09-14T11:12:26.546795,5811.495
rnn,Rnn,12,6,1,2026-09-14T09:35:35.051678,2026-09-14T11:12:26.546795,5811.495
rnn,Rnn,12,6,2,2026-09-14T09:35:35.051678,2026-09-14T11:12:26.546795,5811.495
rnn,Rnn,12,6,3,2026-09-14T09:35:35.051678,2026-09-14T11:12:26.546795,5811.495
rnn,Rnn,12,6,4,2026-09-14T09:35:35.051678,2026-09-14T11:12:26.546795,5811.495
rnn,Rnn,12,6,5,2026-09-14T09:35:35.051678,2026-09-14T11:12:26.546795,5811.495
rnn,Rnn,12,6,6,2026-09-14T09:35:35.051678,2026-09-14T11:12:26.546795,5811.495
rnn,Rnn,12,6,7,2026-09-14T09:35:35.051678,2026-09-14T11:12:26.546795,5811.495
rnn,Rnn,12,6,8,2026-09-14T09:35:35.051678,2026-09-14T11:12:26.546795,5811.495
rnn,Rnn,12,6,9,2026-09-14T09:35:35.051678,2026-09-14T11:12:26.546795,5811.495
rnn,Rnn,12,7,0,2026-09-14T11:12:57.556483,2026-09-14T12:47:46.518308,5688.962
rnn,Rnn,12,7,1,2026-09-14T11:12:57.556483,2026-09-14T12:47:46.518308,5688.962
rnn,Rnn,12,7,2,2026-09-14T11:12:57.556483,2026-09-14T12:47:46.518308,5688.962
rnn,Rnn,12,7,3,2026-09-14T11:12:57.556483,2026-09-14T12:47:46.518308,5688.962
rnn,Rnn,12,7,4,2026-09-14T11:12:57.556483,2026-09-14T12:47:46.518308,5688.962
rnn,Rnn,12,7,5,2026-09-14T11:12:57.556483,2026-09-14T12:47:46.518308,5688.962
rnn,Rnn,12,7,6,2026-09-14T11:12:57.556483,2026-09-14T12:47:46.518308,5688.962
rnn,Rnn,12,7,7,2026-09-14T11:12:57.556483,2026-09-14T12:47:46.518308,5688.962
rnn,Rnn,12,7,8,2026-09-14T11:12:57.556483,2026-09-14T12:47:46.518308,5688.962
rnn,Rnn,12,7,9,2026-09-14T11:12:57.556483,2026-09-14T12:47:46.518308,5688.962
rnn,Rnn,12,8,0,2026-09-14T12:48:21.525489,2026-09-14T14:22:19.896580,5638.371
rnn,Rnn,12,8,1,2026-09-14T12:48:21.525489,2026-09-14T14:22:19.896580,5638.371
rnn,Rnn,12,8,2,2026-09-14T12:48:21.525489,2026-09-14T14:22:19.896580,5638.371
rnn,Rnn,12,8,3,2026-09-14T12:48:21.525489,2026-09-14T14:22:19.896580,5638.371
rnn,Rnn,12,8,4,2026-09-14T12:48:21.525489,2026-09-14T14:22:19.896580,5638.371
rnn,Rnn,12,8,5,2026-09-14T12:48:21.525489,2026-09-14T14:22:19.896580,5638.371
rnn,Rnn,12,8,6,2026-09-14T12:48:21.525489,2026-09-14T14:22:19.896580,5638.371
rnn,Rnn,12,8,7,2026-09-14T12:48:21.525489,2026-09-14T14:22:19.896580,5638.371
rnn,Rnn,12,8,8,2026-09-14T12:48:21.525489,2026-09-14T14:22:19.896580,5638.371
rnn,Rnn,12,8,9,2026-09-14T12:48:21.525489,2026-09-14T14:22:19.896580,5638.371
rnn,Rnn,12,9,0,2026-09-14T14:22:56.209487,2026-09-14T15:59:56.097013,5819.888
rnn,Rnn,12,9,1,2026-09-14T14:22:56.209487,2026-09-14T15:59:56.097013,5819.888
rnn,Rnn,12,9,2,2026-09-14T14:22:56.209487,2026-09-14T15:59:56.097013,5819.888
rnn,Rnn,12,9,3,2026-09-14T14:22:56.209487,2026-09-14T15:59:56.097013,5819.888
rnn,Rnn,12,9,4,2026-09-14T14:22:56.209487,2026-09-14T15:59:56.097013,5819.888
rnn,Rnn,12,9,5,2026-09-14T14:22:56.209487,2026-09-14T15:59:56.097013,5819.888
rnn,Rnn,12,9,6,2026-09-14T14:22:56.209487,2026-09-14T15:59:56.097013,5819.888
rnn,Rnn,12,9,7,2026-09-14T14:22:56.209487,2026-09-14T15:59:56.097013,5819.888
rnn,Rnn,12,9,8,2026-09-14T14:22:56.209487,2026-09-14T15:59:56.097013,5819.888
rnn,Rnn,12,9,9,2026-09-14T14:22:56.209487,2026-09-14T15:59:56.097013,5819.888
posner,Posner,6,0,0,2026-09-11T13:21:46.054320,2026-09-11T13:22:17.762746,31.708
posner,Posner,6,1,0,2026-09-11T13:22:32.666491,2026-09-11T13:23:02.736839,30.07
posner,Posner,6,2,0,2026-09-11T13:23:02.737366,2026-09-11T13:23:32.420936,29.684
posner,Posner,6,3,0,2026-09-11T13:23:32.421492,2026-09-11T13:24:02.121388,29.7
posner,Posner,6,4,0,2026-09-11T13:24:02.121963,2026-09-11T13:24:31.836862,29.715
posner,Posner,6,5,0,2026-09-11T13:24:31.837426,2026-09-11T13:25:03.248616,31.411
posner,Posner,6,6,0,2026-09-11T13:25:03.249093,2026-09-11T13:25:34.419958,31.171
posner,Posner,6,7,0,2026-09-11T13:25:34.420543,2026-09-11T13:26:05.665074,31.245
posner,Posner,6,8,0,2026-09-11T13:26:05.665561,2026-09-11T13:26:36.954066,31.289
posner,Posner,6,9,0,2026-09-11T13:26:36.954613,2026-09-11T13:27:07.565083,30.61
posner,Posner,12,0,0,2026-09-11T13:27:14.194131,2026-09-11T13:27:45.712189,31.518
posner,Posner,12,1,0,2026-09-11T13:28:01.277171,2026-09-11T13:28:31.604983,30.328
posner,Posner,12,2,0,2026-09-11T13:28:31.605587,2026-09-11T13:29:01.502059,29.896
posner,Posner,12,3,0,2026-09-11T13:29:01.502515,2026-09-11T13:29:32.112489,30.61
posner,Posner,12,4,0,2026-09-11T13:29:32.112984,2026-09-11T13:30:02.110196,29.997
posner,Posner,12,5,0,2026-09-11T13:30:02.110726,2026-09-11T13:30:32.427987,30.317
posner,Posner,12,6,0,2026-09-11T13:30:32.428609,2026-09-11T13:31:02.117176,29.689
posner,Posner,12,7,0,2026-09-11T13:31:02.117689,2026-09-11T13:31:31.921231,29.804
posner,Posner,12,8,0,2026-09-11T13:31:31.921810,2026-09-11T13:32:01.913998,29.992
posner,Posner,12,9,0,2026-09-11T13:32:01.914535,2026-09-11T13:32:31.977022,30.062
autogluon_naive,Naive,6,0,0,2026-09-30T00:05:36.416954,2026-09-30T00:05:36.431404,0.014
autogluon_naive,Naive,6,0,1,2026-09-30T00:06:12.756738,2026-09-30T00:06:12.770376,0.014
autogluon_naive,Naive,6,0,2,2026-09-30T00:06:47.652627,2026-09-30T00:06:47.652627,0.0
autogluon_naive,Naive,6,0,3,2026-09-30T00:07:23.247431,2026-09-30T00:07:23.254302,0.007
autogluon_naive,Naive,6,0,4,2026-09-30T00:07:58.492589,2026-09-30T00:07:58.506343,0.014
autogluon_naive,Naive,6,0,5,2026-09-30T00:08:34.218767,2026-09-30T00:08:34.218767,0.0
autogluon_naive,Naive,6,0,6,2026-09-30T00:09:09.879361,2026-09-30T00:09:09.887707,0.008
autogluon_naive,Naive,6,0,7,2026-09-30T00:09:45.327022,2026-09-30T00:09:45.333637,0.007
autogluon_naive,Naive,6,0,8,2026-09-30T00:10:20.602211,2026-09-30T00:10:20.613417,0.011
autogluon_naive,Naive,6,0,9,2026-09-30T00:10:56.359839,2026-09-30T00:10:56.367595,0.008
autogluon_naive,Naive,6,1,0,2026-09-30T00:12:25.230606,2026-09-30T00:12:25.243087,0.012
autogluon_naive,Naive,6,1,1,2026-09-30T00:12:58.867018,2026-09-30T00:12:58.884689,0.018
autogluon_naive,Naive,6,1,2,2026-09-30T00:13:33.108465,2026-09-30T00:13:33.115973,0.008
autogluon_naive,Naive,6,1,3,2026-09-30T00:14:06.845349,2026-09-30T00:14:06.858017,0.013
autogluon_naive,Naive,6,1,4,2026-09-30T00:14:40.615154,2026-09-30T00:14:40.637113,0.022
autogluon_naive,Naive,6,1,5,2026-09-30T00:15:14.592938,2026-09-30T00:15:14.603533,0.011
autogluon_naive,Naive,6,1,6,2026-09-30T00:15:48.682189,2026-09-30T00:15:48.693710,0.012
autogluon_naive,Naive,6,1,7,2026-09-30T00:16:22.647558,2026-09-30T00:16:22.655912,0.008
autogluon_naive,Naive,6,1,8,2026-09-30T00:16:56.225851,2026-09-30T00:16:56.233678,0.008
autogluon_naive,Naive,6,1,9,2026-09-30T00:17:30.292953,2026-09-30T00:17:30.301619,0.009
autogluon_naive,Naive,6,2,0,2026-09-30T00:18:03.788874,2026-09-30T00:18:03.805811,0.017
autogluon_naive,Naive,6,2,1,2026-09-30T00:18:37.422671,2026-09-30T00:18:37.432773,0.01
autogluon_naive,Naive,6,2,2,2026-09-30T00:19:11.183370,2026-09-30T00:19:11.195605,0.012
autogluon_naive,Naive,6,2,3,2026-09-30T00:19:44.351065,2026-09-30T00:19:44.362081,0.011
autogluon_naive,Naive,6,2,4,2026-09-30T00:20:17.095990,2026-09-30T00:20:17.095990,0.0
autogluon_naive,Naive,6,2,5,2026-09-30T00:20:50.453144,2026-09-30T00:20:50.453144,0.0
autogluon_naive,Naive,6,2,6,2026-09-30T00:21:23.731751,2026-09-30T00:21:23.741174,0.009
autogluon_naive,Naive,6,2,7,2026-09-30T00:21:56.605344,2026-09-30T00:21:56.622972,0.018
autogluon_naive,Naive,6,2,8,2026-09-30T00:22:30.015750,2026-09-30T00:22:30.027489,0.012
autogluon_naive,Naive,6,2,9,2026-09-30T00:23:03.299880,2026-09-30T00:23:03.312273,0.012
autogluon_naive,Naive,6,3,0,2026-09-30T00:23:36.293031,2026-09-30T00:23:36.303491,0.01
autogluon_naive,Naive,6,3,1,2026-09-30T00:24:09.527091,2026-09-30T00:24:09.539013,0.012
autogluon_naive,Naive,6,3,2,2026-09-30T00:24:43.000213,2026-09-30T00:24:43.009795,0.01
autogluon_naive,Naive,6,3,3,2026-09-30T00:25:16.676120,2026-09-30T00:25:16.687661,0.012
autogluon_naive,Naive,6,3,4,2026-09-30T00:25:49.684669,2026-09-30T00:25:49.694386,0.01
autogluon_naive,Naive,6,3,5,2026-09-30T00:26:22.962801,2026-09-30T00:26:22.964891,0.002
autogluon_naive,Naive,6,3,6,2026-09-30T00:26:56.191365,2026-09-30T00:26:56.211625,0.02
autogluon_naive,Naive,6,3,7,2026-09-30T00:27:30.026174,2026-09-30T00:27:30.038266,0.012
autogluon_naive,Naive,6,3,8,2026-09-30T00:28:02.744088,2026-09-30T00:28:02.746240,0.002
autogluon_naive,Naive,6,3,9,2026-09-30T00:28:36.265901,2026-09-30T00:28:36.279091,0.013
autogluon_naive,Naive,6,4,0,2026-09-30T00:29:09.548340,2026-09-30T00:29:09.555872,0.008
autogluon_naive,Naive,6,4,1,2026-09-30T00:29:42.938333,2026-09-30T00:29:42.946397,0.008
autogluon_naive,Naive,6,4,2,2026-09-30T00:30:15.986376,2026-09-30T00:30:16.007996,0.022
autogluon_naive,Naive,6,4,3,2026-09-30T00:30:49.750108,2026-09-30T00:30:49.761101,0.011
autogluon_naive,Naive,6,4,4,2026-09-30T00:31:22.954440,2026-09-30T00:31:22.975259,0.021
autogluon_naive,Naive,6,4,5,2026-09-30T00:31:56.175187,2026-09-30T00:31:56.193159,0.018
autogluon_naive,Naive,6,4,6,2026-09-30T00:32:29.576105,2026-09-30T00:32:29.586190,0.01
autogluon_naive,Naive,6,4,7,2026-09-30T00:33:03.232256,2026-09-30T00:33:03.241121,0.009
autogluon_naive,Naive,6,4,8,2026-09-30T00:33:37.093658,2026-09-30T00:33:37.111438,0.018
autogluon_naive,Naive,6,4,9,2026-09-30T00:34:10.345864,2026-09-30T00:34:10.354897,0.009
autogluon_naive,Naive,6,5,0,2026-09-30T00:34:44.334970,2026-09-30T00:34:44.343002,0.008
autogluon_naive,Naive,6,5,1,2026-09-30T00:35:17.785894,2026-09-30T00:35:17.798128,0.012
autogluon_naive,Naive,6,5,2,2026-09-30T00:35:51.521719,2026-09-30T00:35:51.535110,0.013
autogluon_naive,Naive,6,5,3,2026-09-30T00:36:25.106252,2026-09-30T00:36:25.116416,0.01
autogluon_naive,Naive,6,5,4,2026-09-30T00:36:58.675007,2026-09-30T00:36:58.675007,0.0
autogluon_naive,Naive,6,5,5,2026-09-30T00:37:31.992575,2026-09-30T00:37:32.003628,0.011
autogluon_naive,Naive,6,5,6,2026-09-30T00:38:05.795742,2026-09-30T00:38:05.795742,0.0
autogluon_naive,Naive,6,5,7,2026-09-30T00:38:39.860881,2026-09-30T00:38:39.878526,0.018
autogluon_naive,Naive,6,5,8,2026-09-30T00:39:13.085693,2026-09-30T00:39:13.103110,0.017
autogluon_naive,Naive,6,5,9,2026-09-30T00:39:47.254954,2026-09-30T00:39:47.264199,0.009
autogluon_naive,Naive,6,6,0,2026-09-30T00:40:20.946200,2026-09-30T00:40:20.957869,0.012
autogluon_naive,Naive,6,6,1,2026-09-30T00:40:54.577765,2026-09-30T00:40:54.589134,0.011
autogluon_naive,Naive,6,6,2,2026-09-30T00:41:28.129938,2026-09-30T00:41:28.143432,0.013
autogluon_naive,Naive,6,6,3,2026-09-30T00:42:01.423321,2026-09-30T00:42:01.436219,0.013
autogluon_naive,Naive,6,6,4,2026-09-30T00:42:35.534571,2026-09-30T00:42:35.544839,0.01
autogluon_naive,Naive,6,6,5,2026-09-30T00:43:08.710020,2026-09-30T00:43:08.722838,0.013
autogluon_naive,Naive,6,6,6,2026-09-30T00:43:41.966666,2026-09-30T00:43:41.977644,0.011
autogluon_naive,Naive,6,6,7,2026-09-30T00:44:15.620673,2026-09-30T00:44:15.642423,0.022
autogluon_naive,Naive,6,6,8,2026-09-30T00:44:48.547280,2026-09-30T00:44:48.560941,0.014
autogluon_naive,Naive,6,6,9,2026-09-30T00:45:22.230722,2026-09-30T00:45:22.230722,0.0
autogluon_naive,Naive,6,7,0,2026-09-30T00:45:55.666033,2026-09-30T00:45:55.666033,0.0
autogluon_naive,Naive,6,7,1,2026-09-30T00:46:29.502459,2026-09-30T00:46:29.502459,0.0
autogluon_naive,Naive,6,7,2,2026-09-30T00:47:02.963708,2026-09-30T00:47:02.974480,0.011
autogluon_naive,Naive,6,7,3,2026-09-30T00:47:36.054426,2026-09-30T00:47:36.064402,0.01
autogluon_naive,Naive,6,7,4,2026-09-30T00:48:09.430099,2026-09-30T00:48:09.442690,0.013
autogluon_naive,Naive,6,7,5,2026-09-30T00:48:43.646919,2026-09-30T00:48:43.669269,0.022
autogluon_naive,Naive,6,7,6,2026-09-30T00:49:17.096867,2026-09-30T00:49:17.120052,0.023
autogluon_naive,Naive,6,7,7,2026-09-30T00:49:50.666074,2026-09-30T00:49:50.676106,0.01
autogluon_naive,Naive,6,7,8,2026-09-30T00:50:23.948971,2026-09-30T00:50:23.958961,0.01
autogluon_naive,Naive,6,7,9,2026-09-30T00:50:58.042781,2026-09-30T00:50:58.050802,0.008
autogluon_naive,Naive,6,8,0,2026-09-30T00:51:31.067276,2026-09-30T00:51:31.080415,0.013
autogluon_naive,Naive,6,8,1,2026-09-30T00:52:04.946470,2026-09-30T00:52:04.955981,0.01
autogluon_naive,Naive,6,8,2,2026-09-30T00:52:38.120578,2026-09-30T00:52:38.139004,0.018
autogluon_naive,Naive,6,8,3,2026-09-30T00:53:12.053294,2026-09-30T00:53:12.075304,0.022
autogluon_naive,Naive,6,8,4,2026-09-30T00:53:45.081536,2026-09-30T00:53:45.095554,0.014
autogluon_naive,Naive,6,8,5,2026-09-30T00:54:18.932199,2026-09-30T00:54:18.942236,0.01
autogluon_naive,Naive,6,8,6,2026-09-30T00:54:52.111329,2026-09-30T00:54:52.122273,0.011
autogluon_naive,Naive,6,8,7,2026-09-30T00:55:26.122475,2026-09-30T00:55:26.131072,0.009
autogluon_naive,Naive,6,8,8,2026-09-30T00:55:58.919580,2026-09-30T00:55:58.932518,0.013
autogluon_naive,Naive,6,8,9,2026-09-30T00:56:32.762056,2026-09-30T00:56:32.772205,0.01
autogluon_naive,Naive,6,9,0,2026-09-30T00:57:06.075278,2026-09-30T00:57:06.084257,0.009
autogluon_naive,Naive,6,9,1,2026-09-30T00:57:39.102051,2026-09-30T00:57:39.111994,0.01
autogluon_naive,Naive,6,9,2,2026-09-30T00:58:12.290512,2026-09-30T00:58:12.301475,0.011
autogluon_naive,Naive,6,9,3,2026-09-30T00:58:45.565959,2026-09-30T00:58:45.573557,0.008
autogluon_naive,Naive,6,9,4,2026-09-30T00:59:19.589524,2026-09-30T00:59:19.602823,0.013
autogluon_naive,Naive,6,9,5,2026-09-30T00:59:52.458069,2026-09-30T00:59:52.466739,0.009
autogluon_naive,Naive,6,9,6,2026-09-30T01:00:26.225231,2026-09-30T01:00:26.246717,0.021
autogluon_naive,Naive,6,9,7,2026-09-30T01:00:59.832703,2026-09-30T01:00:59.851289,0.019
autogluon_naive,Naive,6,9,8,2026-09-30T01:01:32.799887,2026-09-30T01:01:32.813638,0.014
autogluon_naive,Naive,6,9,9,2026-09-30T01:02:06.739793,2026-09-30T01:02:06.750058,0.01
autogluon_naive,Naive,12,0,0,2026-09-30T01:02:54.993604,2026-09-30T01:02:55.004507,0.011
autogluon_naive,Naive,12,0,1,2026-09-30T01:03:31.151319,2026-09-30T01:03:31.162058,0.011
autogluon_naive,Naive,12,0,2,2026-09-30T01:04:07.972656,2026-09-30T01:04:07.982289,0.01
autogluon_naive,Naive,12,0,3,2026-09-30T01:04:43.852675,2026-09-30T01:04:43.873786,0.021
autogluon_naive,Naive,12,0,4,2026-09-30T01:05:20.390723,2026-09-30T01:05:20.403941,0.013
autogluon_naive,Naive,12,0,5,2026-09-30T01:05:56.219435,2026-09-30T01:05:56.243764,0.024
autogluon_naive,Naive,12,0,6,2026-09-30T01:06:32.355549,2026-09-30T01:06:32.378873,0.023
autogluon_naive,Naive,12,0,7,2026-09-30T01:07:08.773845,2026-09-30T01:07:08.780876,0.007
autogluon_naive,Naive,12,0,8,2026-09-30T01:07:44.452458,2026-09-30T01:07:44.472752,0.02
autogluon_naive,Naive,12,0,9,2026-09-30T01:08:20.736114,2026-09-30T01:08:20.749256,0.013
autogluon_naive,Naive,12,1,0,2026-09-30T01:09:50.242159,2026-09-30T01:09:50.256727,0.015
autogluon_naive,Naive,12,1,1,2026-09-30T01:10:25.594115,2026-09-30T01:10:25.611244,0.017
autogluon_naive,Naive,12,1,2,2026-09-30T01:11:00.137466,2026-09-30T01:11:00.151510,0.014
autogluon_naive,Naive,12,1,3,2026-09-30T01:11:34.401700,2026-09-30T01:11:34.414823,0.013
autogluon_naive,Naive,12,1,4,2026-09-30T01:12:08.985121,2026-09-30T01:12:09.001985,0.017
autogluon_naive,Naive,12,1,5,2026-09-30T01:12:43.631139,2026-09-30T01:12:43.645293,0.014
autogluon_naive,Naive,12,1,6,2026-09-30T01:13:18.828297,2026-09-30T01:13:18.850407,0.022
autogluon_naive,Naive,12,1,7,2026-09-30T01:13:52.802348,2026-09-30T01:13:52.822013,0.02
autogluon_naive,Naive,12,1,8,2026-09-30T01:14:28.047274,2026-09-30T01:14:28.056451,0.009
autogluon_naive,Naive,12,1,9,2026-09-30T01:15:02.887491,2026-09-30T01:15:02.890552,0.003
autogluon_naive,Naive,12,2,0,2026-09-30T01:15:38.031486,2026-09-30T01:15:38.044891,0.013
autogluon_naive,Naive,12,2,1,2026-09-30T01:16:12.035738,2026-09-30T01:16:12.035738,0.0
autogluon_naive,Naive,12,2,2,2026-09-30T01:16:45.928636,2026-09-30T01:16:45.928636,0.0
autogluon_naive,Naive,12,2,3,2026-09-30T01:17:19.507349,2026-09-30T01:17:19.518736,0.011
autogluon_naive,Naive,12,2,4,2026-09-30T01:17:53.924096,2026-09-30T01:17:53.924096,0.0
autogluon_naive,Naive,12,2,5,2026-09-30T01:18:28.256381,2026-09-30T01:18:28.266600,0.01
autogluon_naive,Naive,12,2,6,2026-09-30T01:19:01.860605,2026-09-30T01:19:01.870305,0.01
autogluon_naive,Naive,12,2,7,2026-09-30T01:19:36.225609,2026-09-30T01:19:36.239448,0.014
autogluon_naive,Naive,12,2,8,2026-09-30T01:20:09.866278,2026-09-30T01:20:09.887226,0.021
autogluon_naive,Naive,12,2,9,2026-09-30T01:20:44.210123,2026-09-30T01:20:44.210123,0.0
autogluon_naive,Naive,12,3,0,2026-09-30T01:21:18.007843,2026-09-30T01:21:18.015863,0.008
autogluon_naive,Naive,12,3,1,2026-09-30T01:21:52.488070,2026-09-30T01:21:52.499914,0.012
autogluon_naive,Naive,12,3,2,2026-09-30T01:22:26.147585,2026-09-30T01:22:26.157192,0.01
autogluon_naive,Naive,12,3,3,2026-09-30T01:23:00.732632,2026-09-30T01:23:00.743393,0.011
autogluon_naive,Naive,12,3,4,2026-09-30T01:23:34.850628,2026-09-30T01:23:34.859868,0.009
autogluon_naive,Naive,12,3,5,2026-09-30T01:24:08.704892,2026-09-30T01:24:08.715923,0.011
autogluon_naive,Naive,12,3,6,2026-09-30T01:24:43.132684,2026-09-30T01:24:43.140733,0.008
autogluon_naive,Naive,12,3,7,2026-09-30T01:25:17.483492,2026-09-30T01:25:17.491885,0.008
autogluon_naive,Naive,12,3,8,2026-09-30T01:25:51.181020,2026-09-30T01:25:51.199990,0.019
autogluon_naive,Naive,12,3,9,2026-09-30T01:26:25.368103,2026-09-30T01:26:25.369607,0.002
autogluon_naive,Naive,12,4,0,2026-09-30T01:26:59.898511,2026-09-30T01:26:59.907504,0.009
autogluon_naive,Naive,12,4,1,2026-09-30T01:27:33.855452,2026-09-30T01:27:33.862521,0.007
autogluon_naive,Naive,12,4,2,2026-09-30T01:28:08.756263,2026-09-30T01:28:08.768510,0.012
autogluon_naive,Naive,12,4,3,2026-09-30T01:28:42.709463,2026-09-30T01:28:42.719300,0.01
autogluon_naive,Naive,12,4,4,2026-09-30T01:29:16.732645,2026-09-30T01:29:16.732645,0.0
autogluon_naive,Naive,12,4,5,2026-09-30T01:29:51.324120,2026-09-30T01:29:51.331280,0.007
autogluon_naive,Naive,12,4,6,2026-09-30T01:30:25.177275,2026-09-30T01:30:25.187265,0.01
autogluon_naive,Naive,12,4,7,2026-09-30T01:30:59.772173,2026-09-30T01:30:59.783092,0.011
autogluon_naive,Naive,12,4,8,2026-09-30T01:31:33.986283,2026-09-30T01:31:33.997111,0.011
autogluon_naive,Naive,12,4,9,2026-09-30T01:32:07.777617,2026-09-30T01:32:07.788667,0.011
autogluon_naive,Naive,12,5,0,2026-09-30T01:32:42.616542,2026-09-30T01:32:42.627014,0.01
autogluon_naive,Naive,12,5,1,2026-09-30T01:33:16.962214,2026-09-30T01:33:16.974603,0.012
autogluon_naive,Naive,12,5,2,2026-09-30T01:33:51.277862,2026-09-30T01:33:51.289189,0.011
autogluon_naive,Naive,12,5,3,2026-09-30T01:34:25.435919,2026-09-30T01:34:25.435919,0.0
autogluon_naive,Naive,12,5,4,2026-09-30T01:34:59.854313,2026-09-30T01:34:59.870069,0.016
autogluon_naive,Naive,12,5,5,2026-09-30T01:35:33.937530,2026-09-30T01:35:33.953295,0.016
autogluon_naive,Naive,12,5,6,2026-09-30T01:36:08.357594,2026-09-30T01:36:08.357594,0.0
autogluon_naive,Naive,12,5,7,2026-09-30T01:36:43.374162,2026-09-30T01:36:43.384624,0.01
autogluon_naive,Naive,12,5,8,2026-09-30T01:37:17.552996,2026-09-30T01:37:17.564736,0.012
autogluon_naive,Naive,12,5,9,2026-09-30T01:37:52.614498,2026-09-30T01:37:52.625961,0.011
autogluon_naive,Naive,12,6,0,2026-09-30T01:38:26.916689,2026-09-30T01:38:26.927527,0.011
autogluon_naive,Naive,12,6,1,2026-09-30T01:39:00.461715,2026-09-30T01:39:00.471785,0.01
autogluon_naive,Naive,12,6,2,2026-09-30T01:39:35.099531,2026-09-30T01:39:35.099531,0.0
autogluon_naive,Naive,12,6,3,2026-09-30T01:40:09.360403,2026-09-30T01:40:09.371333,0.011
autogluon_naive,Naive,12,6,4,2026-09-30T01:40:43.496054,2026-09-30T01:40:43.502758,0.007
autogluon_naive,Naive,12,6,5,2026-09-30T01:41:17.605083,2026-09-30T01:41:17.614639,0.01
autogluon_naive,Naive,12,6,6,2026-09-30T01:41:51.965433,2026-09-30T01:41:51.982048,0.017
autogluon_naive,Naive,12,6,7,2026-09-30T01:42:25.880402,2026-09-30T01:42:25.891318,0.011
autogluon_naive,Naive,12,6,8,2026-09-30T01:43:00.140155,2026-09-30T01:43:00.150437,0.01
autogluon_naive,Naive,12,6,9,2026-09-30T01:43:34.888979,2026-09-30T01:43:34.910131,0.021
autogluon_naive,Naive,12,7,0,2026-09-30T01:44:09.559287,2026-09-30T01:44:09.559287,0.0
autogluon_naive,Naive,12,7,1,2026-09-30T01:44:44.015670,2026-09-30T01:44:44.036957,0.021
autogluon_naive,Naive,12,7,2,2026-09-30T01:45:18.068561,2026-09-30T01:45:18.078665,0.01
autogluon_naive,Naive,12,7,3,2026-09-30T01:45:52.981349,2026-09-30T01:45:52.992117,0.011
autogluon_naive,Naive,12,7,4,2026-09-30T01:46:27.314105,2026-09-30T01:46:27.324086,0.01
autogluon_naive,Naive,12,7,5,2026-09-30T01:47:01.652860,2026-09-30T01:47:01.664012,0.011
autogluon_naive,Naive,12,7,6,2026-09-30T01:47:35.817318,2026-09-30T01:47:35.828746,0.011
autogluon_naive,Naive,12,7,7,2026-09-30T01:48:10.666917,2026-09-30T01:48:10.679552,0.013
autogluon_naive,Naive,12,7,8,2026-09-30T01:48:44.688262,2026-09-30T01:48:44.696822,0.009
autogluon_naive,Naive,12,7,9,2026-09-30T01:49:19.517961,2026-09-30T01:49:19.529236,0.011
autogluon_naive,Naive,12,8,0,2026-09-30T01:49:53.416514,2026-09-30T01:49:53.424144,0.008
autogluon_naive,Naive,12,8,1,2026-09-30T01:50:28.261244,2026-09-30T01:50:28.271758,0.011
autogluon_naive,Naive,12,8,2,2026-09-30T01:51:02.810978,2026-09-30T01:51:02.825398,0.014
autogluon_naive,Naive,12,8,3,2026-09-30T01:51:36.814411,2026-09-30T01:51:36.822565,0.008
autogluon_naive,Naive,12,8,4,2026-09-30T01:52:10.836679,2026-09-30T01:52:10.842709,0.006
autogluon_naive,Naive,12,8,5,2026-09-30T01:52:44.723956,2026-09-30T01:52:44.730982,0.007
autogluon_naive,Naive,12,8,6,2026-09-30T01:53:19.032561,2026-09-30T01:53:19.042522,0.01
autogluon_naive,Naive,12,8,7,2026-09-30T01:53:53.418196,2026-09-30T01:53:53.429451,0.011
autogluon_naive,Naive,12,8,8,2026-09-30T01:54:27.600799,2026-09-30T01:54:27.612839,0.012
autogluon_naive,Naive,12,8,9,2026-09-30T01:55:02.491116,2026-09-30T01:55:02.501289,0.01
autogluon_naive,Naive,12,9,0,2026-09-30T01:55:36.804708,2026-09-30T01:55:36.822752,0.018
autogluon_naive,Naive,12,9,1,2026-09-30T01:56:11.012997,2026-09-30T01:56:11.024671,0.012
autogluon_naive,Naive,12,9,2,2026-09-30T01:56:45.158386,2026-09-30T01:56:45.171396,0.013
autogluon_naive,Naive,12,9,3,2026-09-30T01:57:19.472615,2026-09-30T01:57:19.484243,0.012
autogluon_naive,Naive,12,9,4,2026-09-30T01:57:54.134447,2026-09-30T01:57:54.143627,0.009
autogluon_naive,Naive,12,9,5,2026-09-30T01:58:28.161327,2026-09-30T01:58:28.182047,0.021
autogluon_naive,Naive,12,9,6,2026-09-30T01:59:02.120670,2026-09-30T01:59:02.136039,0.015
autogluon_naive,Naive,12,9,7,2026-09-30T01:59:36.719723,2026-09-30T01:59:36.732801,0.013
autogluon_naive,Naive,12,9,8,2026-09-30T02:00:10.467787,2026-09-30T02:00:10.476036,0.008
autogluon_naive,Naive,12,9,9,2026-09-30T02:00:45.288858,2026-09-30T02:00:45.296816,0.008
autogluon_average,Average,6,0,0,2026-09-25T14:53:14.798323,2026-09-25T14:53:14.798323,0.0
autogluon_average,Average,6,0,1,2026-09-25T15:44:06.399634,2026-09-25T15:44:06.399634,0.0
autogluon_average,Average,6,0,2,2026-09-25T15:49:43.919337,2026-09-25T15:49:43.940229,0.021
autogluon_average,Average,6,0,3,2026-09-25T15:50:35.679551,2026-09-25T15:50:35.685288,0.006
autogluon_average,Average,6,0,4,2026-09-25T15:51:27.669842,2026-09-25T15:51:27.676157,0.006
autogluon_average,Average,6,0,5,2026-09-25T15:52:19.065956,2026-09-25T15:52:19.081670,0.016
autogluon_average,Average,6,0,6,2026-09-25T15:53:10.919931,2026-09-25T15:53:10.929099,0.009
autogluon_average,Average,6,0,7,2026-09-25T15:54:01.871448,2026-09-25T15:54:01.890595,0.019
autogluon_average,Average,6,0,8,2026-09-25T15:54:52.952492,2026-09-25T15:54:52.962140,0.01
autogluon_average,Average,6,0,9,2026-09-25T15:55:44.540583,2026-09-25T15:55:44.558270,0.018
autogluon_average,Average,6,1,0,2026-09-25T15:57:31.218380,2026-09-25T15:57:31.218380,0.0
autogluon_average,Average,6,1,1,2026-09-25T15:58:20.825499,2026-09-25T15:58:20.834100,0.009
autogluon_average,Average,6,1,2,2026-09-25T15:59:10.106641,2026-09-25T15:59:10.122411,0.016
autogluon_average,Average,6,1,3,2026-09-25T15:59:59.842682,2026-09-25T15:59:59.859309,0.017
autogluon_average,Average,6,1,4,2026-09-25T16:00:49.584525,2026-09-25T16:00:49.593351,0.009
autogluon_average,Average,6,1,5,2026-09-25T16:01:38.219887,2026-09-25T16:01:38.231392,0.012
autogluon_average,Average,6,1,6,2026-09-25T16:02:27.697899,2026-09-25T16:02:27.709838,0.012
autogluon_average,Average,6,1,7,2026-09-25T16:03:17.479154,2026-09-25T16:03:17.498822,0.02
autogluon_average,Average,6,1,8,2026-09-25T16:04:06.069431,2026-09-25T16:04:06.078740,0.009
autogluon_average,Average,6,1,9,2026-09-25T16:04:55.838557,2026-09-25T16:04:55.847967,0.009
autogluon_average,Average,6,2,0,2026-09-25T16:05:45.233714,2026-09-25T16:05:45.233714,0.0
autogluon_average,Average,6,2,1,2026-09-25T16:06:33.617508,2026-09-25T16:06:33.626061,0.009
autogluon_average,Average,6,2,2,2026-09-25T16:07:22.322778,2026-09-25T16:07:22.335809,0.013
autogluon_average,Average,6,2,3,2026-09-25T16:08:10.941548,2026-09-25T16:08:10.958970,0.017
autogluon_average,Average,6,2,4,2026-09-25T16:08:58.990424,2026-09-25T16:08:59.000249,0.01
autogluon_average,Average,6,2,5,2026-09-25T16:09:48.061144,2026-09-25T16:09:48.081704,0.021
autogluon_average,Average,6,2,6,2026-09-25T16:10:36.592685,2026-09-25T16:10:36.610438,0.018
autogluon_average,Average,6,2,7,2026-09-25T16:11:24.609867,2026-09-25T16:11:24.628591,0.019
autogluon_average,Average,6,2,8,2026-09-25T16:12:17.166294,2026-09-25T16:12:17.182638,0.016
autogluon_average,Average,6,2,9,2026-09-25T16:13:08.212191,2026-09-25T16:13:08.232621,0.02
autogluon_average,Average,6,3,0,2026-09-25T16:13:56.264005,2026-09-25T16:13:56.267680,0.004
autogluon_average,Average,6,3,1,2026-09-25T16:14:45.002856,2026-09-25T16:14:45.012210,0.009
autogluon_average,Average,6,3,2,2026-09-25T16:15:33.951497,2026-09-25T16:15:33.965172,0.014
autogluon_average,Average,6,3,3,2026-09-25T16:16:22.492484,2026-09-25T16:16:22.501901,0.009
autogluon_average,Average,6,3,4,2026-09-25T16:17:10.546618,2026-09-25T16:17:10.558680,0.012
autogluon_average,Average,6,3,5,2026-09-25T16:17:58.968153,2026-09-25T16:17:58.976295,0.008
autogluon_average,Average,6,3,6,2026-09-25T16:18:46.968259,2026-09-25T16:18:46.988729,0.02
autogluon_average,Average,6,3,7,2026-09-25T16:19:35.887265,2026-09-25T16:19:35.895341,0.008
autogluon_average,Average,6,3,8,2026-09-25T16:20:24.794606,2026-09-25T16:20:24.794606,0.0
autogluon_average,Average,6,3,9,2026-09-25T16:21:13.259637,2026-09-25T16:21:13.267646,0.008
autogluon_average,Average,6,4,0,2026-09-25T16:22:01.519958,2026-09-25T16:22:01.541780,0.022
autogluon_average,Average,6,4,1,2026-09-25T16:22:50.285359,2026-09-25T16:22:50.307257,0.022
autogluon_average,Average,6,4,2,2026-09-25T16:23:38.209524,2026-09-25T16:23:38.218885,0.009
autogluon_average,Average,6,4,3,2026-09-25T16:24:26.623946,2026-09-25T16:24:26.642550,0.019
autogluon_average,Average,6,4,4,2026-09-25T16:25:15.198340,2026-09-25T16:25:15.206822,0.008
autogluon_average,Average,6,4,5,2026-09-25T16:26:03.141671,2026-09-25T16:26:03.160933,0.019
autogluon_average,Average,6,4,6,2026-09-25T16:26:51.856360,2026-09-25T16:26:51.874002,0.018
autogluon_average,Average,6,4,7,2026-09-25T16:27:40.504565,2026-09-25T16:27:40.515813,0.011
autogluon_average,Average,6,4,8,2026-09-25T16:28:29.300698,2026-09-25T16:28:29.307862,0.007
autogluon_average,Average,6,4,9,2026-09-25T16:29:17.302601,2026-09-25T16:29:17.310098,0.007
autogluon_average,Average,6,5,0,2026-09-25T16:30:06.399263,2026-09-25T16:30:06.415642,0.016
autogluon_average,Average,6,5,1,2026-09-25T16:30:54.218329,2026-09-25T16:30:54.226867,0.009
autogluon_average,Average,6,5,2,2026-09-25T16:31:42.410095,2026-09-25T16:31:42.431615,0.022
autogluon_average,Average,6,5,3,2026-09-25T16:32:31.131010,2026-09-25T16:32:31.154325,0.023
autogluon_average,Average,6,5,4,2026-09-25T16:33:20.147092,2026-09-25T16:33:20.156597,0.01
autogluon_average,Average,6,5,5,2026-09-25T16:34:08.066837,2026-09-25T16:34:08.074281,0.007
autogluon_average,Average,6,5,6,2026-09-25T16:34:57.572681,2026-09-25T16:34:57.576952,0.004
autogluon_average,Average,6,5,7,2026-09-25T16:35:45.954454,2026-09-25T16:35:45.964818,0.01
autogluon_average,Average,6,5,8,2026-09-25T16:36:34.121310,2026-09-25T16:36:34.129988,0.009
autogluon_average,Average,6,5,9,2026-09-25T16:37:22.643799,2026-09-25T16:37:22.662934,0.019
autogluon_average,Average,6,6,0,2026-09-25T16:38:11.693069,2026-09-25T16:38:11.702290,0.009
autogluon_average,Average,6,6,1,2026-09-25T16:39:00.139944,2026-09-25T16:39:00.139944,0.0
autogluon_average,Average,6,6,2,2026-09-25T16:39:48.289072,2026-09-25T16:39:48.309060,0.02
autogluon_average,Average,6,6,3,2026-09-25T16:40:37.545555,2026-09-25T16:40:37.549555,0.004
autogluon_average,Average,6,6,4,2026-09-25T16:41:26.338107,2026-09-25T16:41:26.348725,0.011
autogluon_average,Average,6,6,5,2026-09-25T16:42:15.403167,2026-09-25T16:42:15.413075,0.01
autogluon_average,Average,6,6,6,2026-09-25T16:43:03.866648,2026-09-25T16:43:03.882577,0.016
autogluon_average,Average,6,6,7,2026-09-25T16:43:52.848077,2026-09-25T16:43:52.868856,0.021
autogluon_average,Average,6,6,8,2026-09-25T16:44:41.339109,2026-09-25T16:44:41.346745,0.008
autogluon_average,Average,6,6,9,2026-09-25T16:45:29.924432,2026-09-25T16:45:29.934357,0.01
autogluon_average,Average,6,7,0,2026-09-25T16:46:18.158286,2026-09-25T16:46:18.168519,0.01
autogluon_average,Average,6,7,1,2026-09-25T16:47:06.251138,2026-09-25T16:47:06.268252,0.017
autogluon_average,Average,6,7,2,2026-09-25T16:47:54.624390,2026-09-25T16:47:54.643118,0.019
autogluon_average,Average,6,7,3,2026-09-25T16:48:43.362407,2026-09-25T16:48:43.373263,0.011
autogluon_average,Average,6,7,4,2026-09-25T16:49:31.318036,2026-09-25T16:49:31.334341,0.016
autogluon_average,Average,6,7,5,2026-09-25T16:50:19.563521,2026-09-25T16:50:19.579441,0.016
autogluon_average,Average,6,7,6,2026-09-25T16:51:08.115922,2026-09-25T16:51:08.136030,0.02
autogluon_average,Average,6,7,7,2026-09-25T16:51:56.965544,2026-09-25T16:51:56.975567,0.01
autogluon_average,Average,6,7,8,2026-09-25T16:52:45.641466,2026-09-25T16:52:45.649676,0.008
autogluon_average,Average,6,7,9,2026-09-25T16:53:33.957142,2026-09-25T16:53:33.969014,0.012
autogluon_average,Average,6,8,0,2026-09-25T16:54:23.125225,2026-09-25T16:54:23.132315,0.007
autogluon_average,Average,6,8,1,2026-09-25T16:55:11.681580,2026-09-25T16:55:11.691336,0.01
autogluon_average,Average,6,8,2,2026-09-25T16:56:00.379017,2026-09-25T16:56:00.390600,0.012
autogluon_average,Average,6,8,3,2026-09-25T16:56:49.030423,2026-09-25T16:56:49.039306,0.009
autogluon_average,Average,6,8,4,2026-09-25T16:57:37.392994,2026-09-25T16:57:37.404770,0.012
autogluon_average,Average,6,8,5,2026-09-25T16:58:25.612729,2026-09-25T16:58:25.623670,0.011
autogluon_average,Average,6,8,6,2026-09-25T16:59:14.350903,2026-09-25T16:59:14.368562,0.018
autogluon_average,Average,6,8,7,2026-09-25T17:00:02.417975,2026-09-25T17:00:02.427271,0.009
autogluon_average,Average,6,8,8,2026-09-25T17:00:50.835964,2026-09-25T17:00:50.842932,0.007
autogluon_average,Average,6,8,9,2026-09-25T17:01:39.191266,2026-09-25T17:01:39.211022,0.02
autogluon_average,Average,6,9,0,2026-09-25T17:02:27.827651,2026-09-25T17:02:27.838794,0.011
autogluon_average,Average,6,9,1,2026-09-25T17:03:16.494706,2026-09-25T17:03:16.515459,0.021
autogluon_average,Average,6,9,2,2026-09-25T17:04:04.255988,2026-09-25T17:04:04.265216,0.009
autogluon_average,Average,6,9,3,2026-09-25T17:04:52.698999,2026-09-25T17:04:52.708704,0.01
autogluon_average,Average,6,9,4,2026-09-25T17:05:41.009879,2026-09-25T17:05:41.020328,0.01
autogluon_average,Average,6,9,5,2026-09-25T17:06:28.996022,2026-09-25T17:06:29.012111,0.016
autogluon_average,Average,6,9,6,2026-09-25T17:07:17.536698,2026-09-25T17:07:17.546648,0.01
autogluon_average,Average,6,9,7,2026-09-25T17:08:06.207178,2026-09-25T17:08:06.218839,0.012
autogluon_average,Average,6,9,8,2026-09-25T17:08:54.770120,2026-09-25T17:08:54.794049,0.024
autogluon_average,Average,6,9,9,2026-09-25T17:09:42.464358,2026-09-25T17:09:42.476573,0.012
autogluon_average,Average,12,0,0,2026-09-25T17:10:45.118494,2026-09-25T17:10:45.126248,0.008
autogluon_average,Average,12,0,1,2026-09-25T17:11:36.839458,2026-09-25T17:11:36.860042,0.021
autogluon_average,Average,12,0,2,2026-09-25T17:12:28.446222,2026-09-25T17:12:28.457674,0.011
autogluon_average,Average,12,0,3,2026-09-25T17:13:19.581713,2026-09-25T17:13:19.594859,0.013
autogluon_average,Average,12,0,4,2026-09-25T17:14:11.540008,2026-09-25T17:14:11.556079,0.016
autogluon_average,Average,12,0,5,2026-09-25T17:15:03.642892,2026-09-25T17:15:03.658792,0.016
autogluon_average,Average,12,0,6,2026-09-25T17:15:54.582450,2026-09-25T17:15:54.595185,0.013
autogluon_average,Average,12,0,7,2026-09-25T17:16:45.748180,2026-09-25T17:16:45.762578,0.014
autogluon_average,Average,12,0,8,2026-09-25T17:17:37.393144,2026-09-25T17:17:37.413873,0.021
autogluon_average,Average,12,0,9,2026-09-25T17:18:28.916611,2026-09-25T17:18:28.930651,0.014
autogluon_average,Average,12,1,0,2026-09-25T17:20:15.668843,2026-09-25T17:20:15.678587,0.01
autogluon_average,Average,12,1,1,2026-09-25T17:21:05.127555,2026-09-25T17:21:05.138614,0.011
autogluon_average,Average,12,1,2,2026-09-25T17:21:54.294800,2026-09-25T17:21:54.302025,0.007
autogluon_average,Average,12,1,3,2026-09-25T17:22:43.844199,2026-09-25T17:22:43.853932,0.01
autogluon_average,Average,12,1,4,2026-09-25T17:23:33.584121,2026-09-25T17:23:33.595426,0.011
autogluon_average,Average,12,1,5,2026-09-25T17:24:23.077086,2026-09-25T17:24:23.091156,0.014
autogluon_average,Average,12,1,6,2026-09-25T17:25:13.058868,2026-09-25T17:25:13.068120,0.009
autogluon_average,Average,12,1,7,2026-09-25T17:26:03.154511,2026-09-25T17:26:03.167159,0.013
autogluon_average,Average,12,1,8,2026-09-25T17:26:52.232432,2026-09-25T17:26:52.240950,0.009
autogluon_average,Average,12,1,9,2026-09-25T17:27:41.737348,2026-09-25T17:27:41.748061,0.011
autogluon_average,Average,12,2,0,2026-09-25T17:28:31.982156,2026-09-25T17:28:31.992764,0.011
autogluon_average,Average,12,2,1,2026-09-25T17:29:21.089900,2026-09-25T17:29:21.098015,0.008
autogluon_average,Average,12,2,2,2026-09-25T17:30:09.961207,2026-09-25T17:30:09.975225,0.014
autogluon_average,Average,12,2,3,2026-09-25T17:30:58.994845,2026-09-25T17:30:59.007820,0.013
autogluon_average,Average,12,2,4,2026-09-25T17:31:47.436705,2026-09-25T17:31:47.454235,0.018
autogluon_average,Average,12,2,5,2026-09-25T17:32:35.888674,2026-09-25T17:32:35.897845,0.009
autogluon_average,Average,12,2,6,2026-09-25T17:33:25.298399,2026-09-25T17:33:25.311125,0.013
autogluon_average,Average,12,2,7,2026-09-25T17:34:13.979831,2026-09-25T17:34:13.988027,0.008
autogluon_average,Average,12,2,8,2026-09-25T17:35:03.179464,2026-09-25T17:35:03.191947,0.012
autogluon_average,Average,12,2,9,2026-09-25T17:35:51.523942,2026-09-25T17:35:51.523942,0.0
autogluon_average,Average,12,3,0,2026-09-25T17:36:40.869635,2026-09-25T17:36:40.869635,0.0
autogluon_average,Average,12,3,1,2026-09-25T17:37:29.864032,2026-09-25T17:37:29.871624,0.008
autogluon_average,Average,12,3,2,2026-09-25T17:38:19.665036,2026-09-25T17:38:19.675610,0.011
autogluon_average,Average,12,3,3,2026-09-25T17:39:08.502244,2026-09-25T17:39:08.509783,0.008
autogluon_average,Average,12,3,4,2026-09-25T17:39:58.012746,2026-09-25T17:39:58.024227,0.011
autogluon_average,Average,12,3,5,2026-09-25T17:40:47.404929,2026-09-25T17:40:47.422959,0.018
autogluon_average,Average,12,3,6,2026-09-25T17:41:36.941586,2026-09-25T17:41:36.953002,0.011
autogluon_average,Average,12,3,7,2026-09-25T17:42:26.765847,2026-09-25T17:42:26.779023,0.013
autogluon_average,Average,12,3,8,2026-09-25T17:43:15.823062,2026-09-25T17:43:15.833952,0.011
autogluon_average,Average,12,3,9,2026-09-25T17:44:04.739723,2026-09-25T17:44:04.749663,0.01
autogluon_average,Average,12,4,0,2026-09-25T17:44:54.061064,2026-09-25T17:44:54.073329,0.012
autogluon_average,Average,12,4,1,2026-09-25T17:45:42.794806,2026-09-25T17:45:42.794806,0.0
autogluon_average,Average,12,4,2,2026-09-25T17:46:32.594964,2026-09-25T17:46:32.607903,0.013
autogluon_average,Average,12,4,3,2026-09-25T17:47:21.617091,2026-09-25T17:47:21.630957,0.014
autogluon_average,Average,12,4,4,2026-09-25T17:48:11.068390,2026-09-25T17:48:11.082070,0.014
autogluon_average,Average,12,4,5,2026-09-25T17:49:00.244697,2026-09-25T17:49:00.252717,0.008
autogluon_average,Average,12,4,6,2026-09-25T17:49:49.244502,2026-09-25T17:49:49.252258,0.008
autogluon_average,Average,12,4,7,2026-09-25T17:50:38.031309,2026-09-25T17:50:38.045208,0.014
autogluon_average,Average,12,4,8,2026-09-25T17:51:27.867864,2026-09-25T17:51:27.875284,0.007
autogluon_average,Average,12,4,9,2026-09-25T17:52:17.229049,2026-09-25T17:52:17.229049,0.0
autogluon_average,Average,12,5,0,2026-09-25T17:53:06.608345,2026-09-25T17:53:06.620437,0.012
autogluon_average,Average,12,5,1,2026-09-25T17:53:57.837275,2026-09-25T17:53:57.848092,0.011
autogluon_average,Average,12,5,2,2026-09-25T17:54:50.317864,2026-09-25T17:54:50.317864,0.0
autogluon_average,Average,12,5,3,2026-09-25T17:55:39.905856,2026-09-25T17:55:39.915443,0.01
autogluon_average,Average,12,5,4,2026-09-25T17:56:29.009946,2026-09-25T17:56:29.021627,0.012
autogluon_average,Average,12,5,5,2026-09-25T17:57:18.275053,2026-09-25T17:57:18.288967,0.014
autogluon_average,Average,12,5,6,2026-09-25T17:58:06.963928,2026-09-25T17:58:06.973293,0.009
autogluon_average,Average,12,5,7,2026-09-25T17:58:56.333086,2026-09-25T17:58:56.344878,0.012
autogluon_average,Average,12,5,8,2026-09-25T17:59:45.748684,2026-09-25T17:59:45.750911,0.002
autogluon_average,Average,12,5,9,2026-09-25T18:00:35.151536,2026-09-25T18:00:35.173814,0.022
autogluon_average,Average,12,6,0,2026-09-25T18:01:23.864657,2026-09-25T18:01:23.885031,0.02
autogluon_average,Average,12,6,1,2026-09-25T18:02:13.891688,2026-09-25T18:02:13.901507,0.01
autogluon_average,Average,12,6,2,2026-09-25T18:03:03.344373,2026-09-25T18:03:03.350886,0.007
autogluon_average,Average,12,6,3,2026-09-25T18:03:52.881498,2026-09-25T18:03:52.899154,0.018
autogluon_average,Average,12,6,4,2026-09-25T18:04:41.872230,2026-09-25T18:04:41.883356,0.011
autogluon_average,Average,12,6,5,2026-09-25T18:05:31.660757,2026-09-25T18:05:31.676076,0.015
autogluon_average,Average,12,6,6,2026-09-25T18:06:20.587761,2026-09-25T18:06:20.595512,0.008
autogluon_average,Average,12,6,7,2026-09-25T18:07:10.559036,2026-09-25T18:07:10.567385,0.008
autogluon_average,Average,12,6,8,2026-09-25T18:08:00.305669,2026-09-25T18:08:00.326620,0.021
autogluon_average,Average,12,6,9,2026-09-25T18:08:49.234633,2026-09-25T18:08:49.254141,0.02
autogluon_average,Average,12,7,0,2026-09-25T18:09:38.156239,2026-09-25T18:09:38.164688,0.008
autogluon_average,Average,12,7,1,2026-09-25T18:10:27.153392,2026-09-25T18:10:27.167565,0.014
autogluon_average,Average,12,7,2,2026-09-25T18:11:17.063761,2026-09-25T18:11:17.076531,0.013
autogluon_average,Average,12,7,3,2026-09-25T18:12:06.402329,2026-09-25T18:12:06.411114,0.009
autogluon_average,Average,12,7,4,2026-09-25T18:12:56.157125,2026-09-25T18:12:56.165141,0.008
autogluon_average,Average,12,7,5,2026-09-25T18:13:45.075312,2026-09-25T18:13:45.085699,0.01
autogluon_average,Average,12,7,6,2026-09-25T18:14:34.569139,2026-09-25T18:14:34.583573,0.014
autogluon_average,Average,12,7,7,2026-09-25T18:15:23.739590,2026-09-25T18:15:23.743777,0.004
autogluon_average,Average,12,7,8,2026-09-25T18:16:13.497365,2026-09-25T18:16:13.506663,0.009
autogluon_average,Average,12,7,9,2026-09-25T18:17:02.193416,2026-09-25T18:17:02.207249,0.014
autogluon_average,Average,12,8,0,2026-09-25T18:17:51.945118,2026-09-25T18:17:51.954323,0.009
autogluon_average,Average,12,8,1,2026-09-25T18:18:40.676992,2026-09-25T18:18:40.686910,0.01
autogluon_average,Average,12,8,2,2026-09-25T18:19:30.496256,2026-09-25T18:19:30.506503,0.01
autogluon_average,Average,12,8,3,2026-09-25T18:20:20.086286,2026-09-25T18:20:20.096139,0.01
autogluon_average,Average,12,8,4,2026-09-25T18:21:08.653441,2026-09-25T18:21:08.662251,0.009
autogluon_average,Average,12,8,5,2026-09-25T18:21:58.183234,2026-09-25T18:21:58.193825,0.011
autogluon_average,Average,12,8,6,2026-09-25T18:22:47.735729,2026-09-25T18:22:47.746464,0.011
autogluon_average,Average,12,8,7,2026-09-25T18:23:36.435365,2026-09-25T18:23:36.445140,0.01
autogluon_average,Average,12,8,8,2026-09-25T18:24:25.503413,2026-09-25T18:24:25.511453,0.008
autogluon_average,Average,12,8,9,2026-09-25T18:25:14.608557,2026-09-25T18:25:14.621857,0.013
autogluon_average,Average,12,9,0,2026-09-25T18:26:03.758101,2026-09-25T18:26:03.780390,0.022
autogluon_average,Average,12,9,1,2026-09-25T18:26:52.895269,2026-09-25T18:26:52.908991,0.014
autogluon_average,Average,12,9,2,2026-09-25T18:27:42.216352,2026-09-25T18:27:42.227610,0.011
autogluon_average,Average,12,9,3,2026-09-25T18:28:31.359758,2026-09-25T18:28:31.373264,0.014
autogluon_average,Average,12,9,4,2026-09-25T18:29:20.717542,2026-09-25T18:29:20.732408,0.015
autogluon_average,Average,12,9,5,2026-09-25T18:30:09.441348,2026-09-25T18:30:09.462607,0.021
autogluon_average,Average,12,9,6,2026-09-25T18:30:59.050435,2026-09-25T18:30:59.068424,0.018
autogluon_average,Average,12,9,7,2026-09-25T18:31:47.748809,2026-09-25T18:31:47.758776,0.01
autogluon_average,Average,12,9,8,2026-09-25T18:32:37.366511,2026-09-25T18:32:37.381590,0.015
autogluon_average,Average,12,9,9,2026-09-25T18:33:26.442456,2026-09-25T18:33:26.459442,0.017
autogluon_temporalfusiontransformer,TemporalFusionTransformer,6,0,0,2026-09-30T02:01:33.415495,2026-09-30T02:03:19.107622,105.692
autogluon_temporalfusiontransformer,TemporalFusionTransformer,6,0,1,2026-09-30T02:04:25.656310,2026-09-30T02:06:13.909229,108.253
autogluon_temporalfusiontransformer,TemporalFusionTransformer,6,0,2,2026-09-30T02:07:19.682833,2026-09-30T02:08:40.404680,80.722
autogluon_temporalfusiontransformer,TemporalFusionTransformer,6,0,3,2026-09-30T02:09:46.427690,2026-09-30T02:11:34.850894,108.423
autogluon_temporalfusiontransformer,TemporalFusionTransformer,6,0,4,2026-09-30T02:12:41.096421,2026-09-30T02:15:58.394574,197.298
autogluon_temporalfusiontransformer,TemporalFusionTransformer,6,0,5,2026-09-30T02:17:04.665167,2026-09-30T02:18:27.649465,82.984
autogluon_temporalfusiontransformer,TemporalFusionTransformer,6,0,6,2026-09-30T02:19:33.739037,2026-09-30T02:20:54.614029,80.875
autogluon_temporalfusiontransformer,TemporalFusionTransformer,6,0,7,2026-09-30T02:22:00.417611,2026-09-30T02:23:44.869653,104.452
autogluon_temporalfusiontransformer,TemporalFusionTransformer,6,0,8,2026-09-30T02:24:51.181646,2026-09-30T02:26:37.175358,105.994
autogluon_temporalfusiontransformer,TemporalFusionTransformer,6,0,9,2026-09-30T02:27:43.171849,2026-09-30T02:29:29.480200,106.308
autogluon_temporalfusiontransformer,TemporalFusionTransformer,6,1,0,2026-09-30T02:31:29.691127,2026-09-30T02:32:33.668291,63.977
autogluon_temporalfusiontransformer,TemporalFusionTransformer,6,1,1,2026-09-30T02:33:37.542022,2026-09-30T02:36:29.103154,171.561
autogluon_temporalfusiontransformer,TemporalFusionTransformer,6,1,2,2026-09-30T02:37:33.547866,2026-09-30T02:39:27.640929,114.093
autogluon_temporalfusiontransformer,TemporalFusionTransformer,6,1,3,2026-09-30T02:40:31.463454,2026-09-30T02:41:49.909912,78.446
autogluon_temporalfusiontransformer,TemporalFusionTransformer,6,1,4,2026-09-30T02:42:53.271973,2026-09-30T02:44:22.609745,89.338
autogluon_temporalfusiontransformer,TemporalFusionTransformer,6,1,5,2026-09-30T02:45:26.314130,2026-09-30T02:46:29.904502,63.59
autogluon_temporalfusiontransformer,TemporalFusionTransformer,6,1,6,2026-09-30T02:47:33.399760,2026-09-30T02:49:21.607218,108.207
autogluon_temporalfusiontransformer,TemporalFusionTransformer,6,1,7,2026-09-30T02:50:25.549904,2026-09-30T02:52:11.414244,105.864
autogluon_temporalfusiontransformer,TemporalFusionTransformer,6,1,8,2026-09-30T02:53:14.885405,2026-09-30T02:55:05.278128,110.393
autogluon_temporalfusiontransformer,TemporalFusionTransformer,6,1,9,2026-09-30T02:56:09.098642,2026-09-30T02:57:41.499161,92.401
autogluon_temporalfusiontransformer,TemporalFusionTransformer,6,2,0,2026-09-30T02:58:45.047213,2026-09-30T03:00:01.543850,76.497
autogluon_temporalfusiontransformer,TemporalFusionTransformer,6,2,1,2026-09-30T03:01:04.042909,2026-09-30T03:02:18.420253,74.377
autogluon_temporalfusiontransformer,TemporalFusionTransformer,6,2,2,2026-09-30T03:03:21.263830,2026-09-30T03:05:11.213776,109.95
autogluon_temporalfusiontransformer,TemporalFusionTransformer,6,2,3,2026-09-30T03:06:13.648910,2026-09-30T03:07:28.513542,74.865
autogluon_temporalfusiontransformer,TemporalFusionTransformer,6,2,4,2026-09-30T03:08:31.106342,2026-09-30T03:10:04.613168,93.507
autogluon_temporalfusiontransformer,TemporalFusionTransformer,6,2,5,2026-09-30T03:11:07.433929,2026-09-30T03:12:41.047259,93.613
autogluon_temporalfusiontransformer,TemporalFusionTransformer,6,2,6,2026-09-30T03:13:43.682571,2026-09-30T03:15:13.145944,89.463
autogluon_temporalfusiontransformer,TemporalFusionTransformer,6,2,7,2026-09-30T03:16:15.662107,2026-09-30T03:18:05.898828,110.237
autogluon_temporalfusiontransformer,TemporalFusionTransformer,6,2,8,2026-09-30T03:19:08.709976,2026-09-30T03:20:20.559414,71.849
autogluon_temporalfusiontransformer,TemporalFusionTransformer,6,2,9,2026-09-30T03:21:22.811517,2026-09-30T03:22:41.710526,78.899
autogluon_temporalfusiontransformer,TemporalFusionTransformer,6,3,0,2026-09-30T03:23:44.022859,2026-09-30T03:25:13.223522,89.201
autogluon_temporalfusiontransformer,TemporalFusionTransformer,6,3,1,2026-09-30T03:26:16.884945,2026-09-30T03:28:04.427299,107.542
autogluon_temporalfusiontransformer,TemporalFusionTransformer,6,3,2,2026-09-30T03:29:07.445858,2026-09-30T03:30:28.187236,80.741
autogluon_temporalfusiontransformer,TemporalFusionTransformer,6,3,3,2026-09-30T03:31:31.257133,2026-09-30T03:33:08.973952,97.717
autogluon_temporalfusiontransformer,TemporalFusionTransformer,6,3,4,2026-09-30T03:34:12.192262,2026-09-30T03:35:49.653190,97.461
autogluon_temporalfusiontransformer,TemporalFusionTransformer,6,3,5,2026-09-30T03:36:52.779428,2026-09-30T03:38:32.381184,99.602
autogluon_temporalfusiontransformer,TemporalFusionTransformer,6,3,6,2026-09-30T03:39:35.189072,2026-09-30T03:42:18.598944,163.41
autogluon_temporalfusiontransformer,TemporalFusionTransformer,6,3,7,2026-09-30T03:43:21.999777,2026-09-30T03:45:12.485295,110.486
autogluon_temporalfusiontransformer,TemporalFusionTransformer,6,3,8,2026-09-30T03:46:15.874707,2026-09-30T03:47:23.542023,67.667
autogluon_temporalfusiontransformer,TemporalFusionTransformer,6,3,9,2026-09-30T03:48:26.408341,2026-09-30T03:49:36.781741,70.373
autogluon_temporalfusiontransformer,TemporalFusionTransformer,6,4,0,2026-09-30T03:50:39.926321,2026-09-30T03:52:20.068474,100.142
autogluon_temporalfusiontransformer,TemporalFusionTransformer,6,4,1,2026-09-30T03:53:23.115797,2026-09-30T03:55:03.035558,99.92
autogluon_temporalfusiontransformer,TemporalFusionTransformer,6,4,2,2026-09-30T03:56:05.610268,2026-09-30T03:57:24.450229,78.84
autogluon_temporalfusiontransformer,TemporalFusionTransformer,6,4,3,2026-09-30T03:58:27.743216,2026-09-30T04:00:09.298641,101.555
autogluon_temporalfusiontransformer,TemporalFusionTransformer,6,4,4,2026-09-30T04:01:12.043426,2026-09-30T04:03:45.317199,153.274
autogluon_temporalfusiontransformer,TemporalFusionTransformer,6,4,5,2026-09-30T04:04:48.988372,2026-09-30T04:06:58.072950,129.085
autogluon_temporalfusiontransformer,TemporalFusionTransformer,6,4,6,2026-09-30T04:08:01.399503,2026-09-30T04:09:44.972056,103.573
autogluon_temporalfusiontransformer,TemporalFusionTransformer,6,4,7,2026-09-30T04:10:47.737137,2026-09-30T04:11:51.781410,64.044
autogluon_temporalfusiontransformer,TemporalFusionTransformer,6,4,8,2026-09-30T04:12:54.785327,2026-09-30T04:14:36.713071,101.928
autogluon_temporalfusiontransformer,TemporalFusionTransformer,6,4,9,2026-09-30T04:15:40.228059,2026-09-30T04:17:21.548050,101.32
autogluon_temporalfusiontransformer,TemporalFusionTransformer,6,5,0,2026-09-30T04:18:24.548116,2026-09-30T04:20:04.792034,100.244
autogluon_temporalfusiontransformer,TemporalFusionTransformer,6,5,1,2026-09-30T04:21:07.470067,2026-09-30T04:22:41.142469,93.672
autogluon_temporalfusiontransformer,TemporalFusionTransformer,6,5,2,2026-09-30T04:23:44.059098,2026-09-30T04:25:11.422323,87.363
autogluon_temporalfusiontransformer,TemporalFusionTransformer,6,5,3,2026-09-30T04:26:13.764469,2026-09-30T04:28:04.394173,110.63
autogluon_temporalfusiontransformer,TemporalFusionTransformer,6,5,4,2026-09-30T04:29:07.593796,2026-09-30T04:30:47.243765,99.65
autogluon_temporalfusiontransformer,TemporalFusionTransformer,6,5,5,2026-09-30T04:31:50.103462,2026-09-30T04:32:53.738734,63.635
autogluon_temporalfusiontransformer,TemporalFusionTransformer,6,5,6,2026-09-30T04:33:56.246406,2026-09-30T04:35:30.093236,93.847
autogluon_temporalfusiontransformer,TemporalFusionTransformer,6,5,7,2026-09-30T04:36:32.863998,2026-09-30T04:38:04.561808,91.698
autogluon_temporalfusiontransformer,TemporalFusionTransformer,6,5,8,2026-09-30T04:39:07.907804,2026-09-30T04:43:09.582251,241.674
autogluon_temporalfusiontransformer,TemporalFusionTransformer,6,5,9,2026-09-30T04:44:13.009999,2026-09-30T04:45:46.752633,93.743
autogluon_temporalfusiontransformer,TemporalFusionTransformer,6,6,0,2026-09-30T04:46:49.353997,2026-09-30T04:48:12.193029,82.839
autogluon_temporalfusiontransformer,TemporalFusionTransformer,6,6,1,2026-09-30T04:49:15.387354,2026-09-30T04:50:46.698302,91.311
autogluon_temporalfusiontransformer,TemporalFusionTransformer,6,6,2,2026-09-30T04:51:50.175352,2026-09-30T04:53:23.181392,93.006
autogluon_temporalfusiontransformer,TemporalFusionTransformer,6,6,3,2026-09-30T04:54:26.497738,2026-09-30T04:55:43.044435,76.547
autogluon_temporalfusiontransformer,TemporalFusionTransformer,6,6,4,2026-09-30T04:56:46.143717,2026-09-30T04:58:17.492935,91.349
autogluon_temporalfusiontransformer,TemporalFusionTransformer,6,6,5,2026-09-30T04:59:20.515411,2026-09-30T05:00:49.796201,89.281
autogluon_temporalfusiontransformer,TemporalFusionTransformer,6,6,6,2026-09-30T05:01:53.435303,2026-09-30T05:03:10.058623,76.623
autogluon_temporalfusiontransformer,TemporalFusionTransformer,6,6,7,2026-09-30T05:04:13.497418,2026-09-30T05:05:51.176223,97.679
autogluon_temporalfusiontransformer,TemporalFusionTransformer,6,6,8,2026-09-30T05:06:54.465963,2026-09-30T05:08:08.994708,74.529
autogluon_temporalfusiontransformer,TemporalFusionTransformer,6,6,9,2026-09-30T05:09:12.347933,2026-09-30T05:10:28.426012,76.078
autogluon_temporalfusiontransformer,TemporalFusionTransformer,6,7,0,2026-09-30T05:11:31.585318,2026-09-30T05:12:54.733947,83.149
autogluon_temporalfusiontransformer,TemporalFusionTransformer,6,7,1,2026-09-30T05:13:58.462534,2026-09-30T05:15:25.378549,86.916
autogluon_temporalfusiontransformer,TemporalFusionTransformer,6,7,2,2026-09-30T05:16:28.389721,2026-09-30T05:18:01.947208,93.557
autogluon_temporalfusiontransformer,TemporalFusionTransformer,6,7,3,2026-09-30T05:19:04.622379,2026-09-30T05:20:38.346647,93.724
autogluon_temporalfusiontransformer,TemporalFusionTransformer,6,7,4,2026-09-30T05:21:41.344396,2026-09-30T05:22:55.959846,74.615
autogluon_temporalfusiontransformer,TemporalFusionTransformer,6,7,5,2026-09-30T05:23:59.289405,2026-09-30T05:25:26.511235,87.222
autogluon_temporalfusiontransformer,TemporalFusionTransformer,6,7,6,2026-09-30T05:26:29.735413,2026-09-30T05:27:43.979012,74.244
autogluon_temporalfusiontransformer,TemporalFusionTransformer,6,7,7,2026-09-30T05:28:47.113182,2026-09-30T05:29:50.625559,63.512
autogluon_temporalfusiontransformer,TemporalFusionTransformer,6,7,8,2026-09-30T05:30:53.662469,2026-09-30T05:32:20.921473,87.259
autogluon_temporalfusiontransformer,TemporalFusionTransformer,6,7,9,2026-09-30T05:33:24.006571,2026-09-30T05:35:16.893907,112.887
autogluon_temporalfusiontransformer,TemporalFusionTransformer,6,8,0,2026-09-30T05:36:19.870893,2026-09-30T05:37:36.814039,76.943
autogluon_temporalfusiontransformer,TemporalFusionTransformer,6,8,1,2026-09-30T05:38:40.196994,2026-09-30T05:40:02.663982,82.467
autogluon_temporalfusiontransformer,TemporalFusionTransformer,6,8,2,2026-09-30T05:41:05.518401,2026-09-30T05:43:36.425291,150.907
autogluon_temporalfusiontransformer,TemporalFusionTransformer,6,8,3,2026-09-30T05:44:39.898236,2026-09-30T05:45:56.742586,76.844
autogluon_temporalfusiontransformer,TemporalFusionTransformer,6,8,4,2026-09-30T05:46:59.638699,2026-09-30T05:48:22.422249,82.784
autogluon_temporalfusiontransformer,TemporalFusionTransformer,6,8,5,2026-09-30T05:49:25.954116,2026-09-30T05:50:59.257681,93.304
autogluon_temporalfusiontransformer,TemporalFusionTransformer,6,8,6,2026-09-30T05:52:02.638996,2026-09-30T05:54:24.464331,141.825
autogluon_temporalfusiontransformer,TemporalFusionTransformer,6,8,7,2026-09-30T05:55:27.844397,2026-09-30T05:57:33.055036,125.211
autogluon_temporalfusiontransformer,TemporalFusionTransformer,6,8,8,2026-09-30T05:58:36.068339,2026-09-30T06:00:03.456654,87.388
autogluon_temporalfusiontransformer,TemporalFusionTransformer,6,8,9,2026-09-30T06:01:06.640430,2026-09-30T06:02:34.690537,88.05
autogluon_temporalfusiontransformer,TemporalFusionTransformer,6,9,0,2026-09-30T06:03:37.764607,2026-09-30T06:05:15.518498,97.754
autogluon_temporalfusiontransformer,TemporalFusionTransformer,6,9,1,2026-09-30T06:06:18.299443,2026-09-30T06:07:51.651190,93.352
autogluon_temporalfusiontransformer,TemporalFusionTransformer,6,9,2,2026-09-30T06:08:54.625012,2026-09-30T06:10:25.743974,91.119
autogluon_temporalfusiontransformer,TemporalFusionTransformer,6,9,3,2026-09-30T06:11:28.741731,2026-09-30T06:13:08.074209,99.332
autogluon_temporalfusiontransformer,TemporalFusionTransformer,6,9,4,2026-09-30T06:14:11.304917,2026-09-30T06:15:23.436524,72.132
autogluon_temporalfusiontransformer,TemporalFusionTransformer,6,9,5,2026-09-30T06:16:26.563564,2026-09-30T06:18:04.150416,97.587
autogluon_temporalfusiontransformer,TemporalFusionTransformer,6,9,6,2026-09-30T06:19:07.022849,2026-09-30T06:21:07.762389,120.74
autogluon_temporalfusiontransformer,TemporalFusionTransformer,6,9,7,2026-09-30T06:22:10.921040,2026-09-30T06:23:50.472426,99.551
autogluon_temporalfusiontransformer,TemporalFusionTransformer,6,9,8,2026-09-30T06:24:53.233114,2026-09-30T06:26:26.970278,93.737
autogluon_temporalfusiontransformer,TemporalFusionTransformer,6,9,9,2026-09-30T06:27:29.939005,2026-09-30T06:28:29.400823,59.462
autogluon_temporalfusiontransformer,TemporalFusionTransformer,12,0,0,2026-09-30T06:29:48.422767,2026-09-30T06:31:33.519662,105.097
autogluon_temporalfusiontransformer,TemporalFusionTransformer,12,0,1,2026-09-30T06:32:40.821691,2026-09-30T06:34:32.295606,111.474
autogluon_temporalfusiontransformer,TemporalFusionTransformer,12,0,2,2026-09-30T06:35:39.003720,2026-09-30T06:37:05.043314,86.04
autogluon_temporalfusiontransformer,TemporalFusionTransformer,12,0,3,2026-09-30T06:38:11.438157,2026-09-30T06:40:15.517846,124.08
autogluon_temporalfusiontransformer,TemporalFusionTransformer,12,0,4,2026-09-30T06:41:22.596231,2026-09-30T06:42:54.705209,92.109
autogluon_temporalfusiontransformer,TemporalFusionTransformer,12,0,5,2026-09-30T06:44:01.676360,2026-09-30T06:46:10.173648,128.497
autogluon_temporalfusiontransformer,TemporalFusionTransformer,12,0,6,2026-09-30T06:47:16.905398,2026-09-30T06:48:40.610826,83.705
autogluon_temporalfusiontransformer,TemporalFusionTransformer,12,0,7,2026-09-30T06:49:47.646956,2026-09-30T06:51:40.844738,113.198
autogluon_temporalfusiontransformer,TemporalFusionTransformer,12,0,8,2026-09-30T06:52:47.430644,2026-09-30T06:54:36.915717,109.485
autogluon_temporalfusiontransformer,TemporalFusionTransformer,12,0,9,2026-09-30T06:55:43.911515,2026-09-30T06:57:39.535529,115.624
autogluon_temporalfusiontransformer,TemporalFusionTransformer,12,1,0,2026-09-30T06:59:41.388117,2026-09-30T07:00:45.929895,64.542
autogluon_temporalfusiontransformer,TemporalFusionTransformer,12,1,1,2026-09-30T07:01:50.854469,2026-09-30T07:03:40.048633,109.194
autogluon_temporalfusiontransformer,TemporalFusionTransformer,12,1,2,2026-09-30T07:04:44.710943,2026-09-30T07:05:51.353371,66.642
autogluon_temporalfusiontransformer,TemporalFusionTransformer,12,1,3,2026-09-30T07:06:55.706875,2026-09-30T07:08:42.774844,107.068
autogluon_temporalfusiontransformer,TemporalFusionTransformer,12,1,4,2026-09-30T07:09:47.505155,2026-09-30T07:11:21.854533,94.349
autogluon_temporalfusiontransformer,TemporalFusionTransformer,12,1,5,2026-09-30T07:12:26.598051,2026-09-30T07:13:59.114402,92.516
autogluon_temporalfusiontransformer,TemporalFusionTransformer,12,1,6,2026-09-30T07:15:03.824002,2026-09-30T07:16:36.085724,92.262
autogluon_temporalfusiontransformer,TemporalFusionTransformer,12,1,7,2026-09-30T07:17:40.571123,2026-09-30T07:19:31.861725,111.291
autogluon_temporalfusiontransformer,TemporalFusionTransformer,12,1,8,2026-09-30T07:20:36.542622,2026-09-30T07:21:55.910325,79.368
autogluon_temporalfusiontransformer,TemporalFusionTransformer,12,1,9,2026-09-30T07:23:00.472709,2026-09-30T07:24:45.585491,105.113
autogluon_temporalfusiontransformer,TemporalFusionTransformer,12,2,0,2026-09-30T07:25:50.272067,2026-09-30T07:27:41.564776,111.293
autogluon_temporalfusiontransformer,TemporalFusionTransformer,12,2,1,2026-09-30T07:28:45.421028,2026-09-30T07:30:15.382531,89.962
autogluon_temporalfusiontransformer,TemporalFusionTransformer,12,2,2,2026-09-30T07:31:18.729047,2026-09-30T07:34:03.514198,164.785
autogluon_temporalfusiontransformer,TemporalFusionTransformer,12,2,3,2026-09-30T07:35:07.808457,2026-09-30T07:37:09.208504,121.4
autogluon_temporalfusiontransformer,TemporalFusionTransformer,12,2,4,2026-09-30T07:38:12.667185,2026-09-30T07:39:30.011836,77.345
autogluon_temporalfusiontransformer,TemporalFusionTransformer,12,2,5,2026-09-30T07:40:34.198156,2026-09-30T07:42:31.313785,117.116
autogluon_temporalfusiontransformer,TemporalFusionTransformer,12,2,6,2026-09-30T07:43:35.038638,2026-09-30T07:46:19.251916,164.213
autogluon_temporalfusiontransformer,TemporalFusionTransformer,12,2,7,2026-09-30T07:47:23.273781,2026-09-30T07:48:38.465164,75.191
autogluon_temporalfusiontransformer,TemporalFusionTransformer,12,2,8,2026-09-30T07:49:41.792578,2026-09-30T07:51:07.524923,85.732
autogluon_temporalfusiontransformer,TemporalFusionTransformer,12,2,9,2026-09-30T07:52:11.162924,2026-09-30T07:54:12.908694,121.746
autogluon_temporalfusiontransformer,TemporalFusionTransformer,12,3,0,2026-09-30T07:55:16.598817,2026-09-30T07:56:46.433455,89.835
autogluon_temporalfusiontransformer,TemporalFusionTransformer,12,3,1,2026-09-30T07:57:50.612591,2026-09-30T07:59:15.742247,85.13
autogluon_temporalfusiontransformer,TemporalFusionTransformer,12,3,2,2026-09-30T08:00:19.725250,2026-09-30T08:02:08.888680,109.163
autogluon_temporalfusiontransformer,TemporalFusionTransformer,12,3,3,2026-09-30T08:03:12.985415,2026-09-30T08:04:47.396656,94.411
autogluon_temporalfusiontransformer,TemporalFusionTransformer,12,3,4,2026-09-30T08:05:51.348495,2026-09-30T08:07:21.669463,90.321
autogluon_temporalfusiontransformer,TemporalFusionTransformer,12,3,5,2026-09-30T08:08:25.623960,2026-09-30T08:10:16.854005,111.23
autogluon_temporalfusiontransformer,TemporalFusionTransformer,12,3,6,2026-09-30T08:11:20.681271,2026-09-30T08:13:14.248209,113.567
autogluon_temporalfusiontransformer,TemporalFusionTransformer,12,3,7,2026-09-30T08:14:18.284753,2026-09-30T08:15:46.452986,88.168
autogluon_temporalfusiontransformer,TemporalFusionTransformer,12,3,8,2026-09-30T08:16:51.000682,2026-09-30T08:18:56.296966,125.296
autogluon_temporalfusiontransformer,TemporalFusionTransformer,12,3,9,2026-09-30T08:20:00.428083,2026-09-30T08:21:26.003665,85.576
autogluon_temporalfusiontransformer,TemporalFusionTransformer,12,4,0,2026-09-30T08:22:29.940431,2026-09-30T08:24:22.457908,112.517
autogluon_temporalfusiontransformer,TemporalFusionTransformer,12,4,1,2026-09-30T08:25:26.319858,2026-09-30T08:26:48.033530,81.714
autogluon_temporalfusiontransformer,TemporalFusionTransformer,12,4,2,2026-09-30T08:27:52.049768,2026-09-30T08:29:19.916699,87.867
autogluon_temporalfusiontransformer,TemporalFusionTransformer,12,4,3,2026-09-30T08:30:23.752915,2026-09-30T08:32:06.494425,102.742
autogluon_temporalfusiontransformer,TemporalFusionTransformer,12,4,4,2026-09-30T08:33:10.404432,2026-09-30T08:35:10.396868,119.992
autogluon_temporalfusiontransformer,TemporalFusionTransformer,12,4,5,2026-09-30T08:36:14.647483,2026-09-30T08:37:55.129580,100.482
autogluon_temporalfusiontransformer,TemporalFusionTransformer,12,4,6,2026-09-30T08:38:59.067424,2026-09-30T08:40:45.835444,106.768
autogluon_temporalfusiontransformer,TemporalFusionTransformer,12,4,7,2026-09-30T08:41:49.534214,2026-09-30T08:43:32.269455,102.735
autogluon_temporalfusiontransformer,TemporalFusionTransformer,12,4,8,2026-09-30T08:44:37.658417,2026-09-30T08:46:20.393404,102.735
autogluon_temporalfusiontransformer,TemporalFusionTransformer,12,4,9,2026-09-30T08:47:25.198031,2026-09-30T08:48:53.281794,88.084
autogluon_temporalfusiontransformer,TemporalFusionTransformer,12,5,0,2026-09-30T08:49:57.543960,2026-09-30T08:51:32.244925,94.701
autogluon_temporalfusiontransformer,TemporalFusionTransformer,12,5,1,2026-09-30T08:52:36.044124,2026-09-30T08:54:04.274844,88.231
autogluon_temporalfusiontransformer,TemporalFusionTransformer,12,5,2,2026-09-30T08:55:08.045671,2026-09-30T08:56:49.339872,101.294
autogluon_temporalfusiontransformer,TemporalFusionTransformer,12,5,3,2026-09-30T08:57:53.455143,2026-09-30T08:59:42.851051,109.396
autogluon_temporalfusiontransformer,TemporalFusionTransformer,12,5,4,2026-09-30T09:00:46.692876,2026-09-30T09:02:00.361730,73.669
autogluon_temporalfusiontransformer,TemporalFusionTransformer,12,5,5,2026-09-30T09:03:04.637428,2026-09-30T09:04:36.432260,91.795
autogluon_temporalfusiontransformer,TemporalFusionTransformer,12,5,6,2026-09-30T09:05:40.794441,2026-09-30T09:07:40.663781,119.869
autogluon_temporalfusiontransformer,TemporalFusionTransformer,12,5,7,2026-09-30T09:08:44.858207,2026-09-30T09:10:44.873465,120.015
autogluon_temporalfusiontransformer,TemporalFusionTransformer,12,5,8,2026-09-30T09:11:49.491837,2026-09-30T09:13:51.885441,122.394
autogluon_temporalfusiontransformer,TemporalFusionTransformer,12,5,9,2026-09-30T09:14:56.057594,2026-09-30T09:16:15.650796,79.593
autogluon_temporalfusiontransformer,TemporalFusionTransformer,12,6,0,2026-09-30T09:17:19.614682,2026-09-30T09:19:19.394592,119.78
autogluon_temporalfusiontransformer,TemporalFusionTransformer,12,6,1,2026-09-30T09:20:23.909833,2026-09-30T09:22:02.757554,98.848
autogluon_temporalfusiontransformer,TemporalFusionTransformer,12,6,2,2026-09-30T09:23:07.286369,2026-09-30T09:24:50.430386,103.144
autogluon_temporalfusiontransformer,TemporalFusionTransformer,12,6,3,2026-09-30T09:25:55.260768,2026-09-30T09:28:20.341766,145.081
autogluon_temporalfusiontransformer,TemporalFusionTransformer,12,6,4,2026-09-30T09:29:24.914686,2026-09-30T09:31:08.447109,103.532
autogluon_temporalfusiontransformer,TemporalFusionTransformer,12,6,5,2026-09-30T09:32:13.097879,2026-09-30T09:34:04.700424,111.603
autogluon_temporalfusiontransformer,TemporalFusionTransformer,12,6,6,2026-09-30T09:35:09.708884,2026-09-30T09:36:24.910875,75.202
autogluon_temporalfusiontransformer,TemporalFusionTransformer,12,6,7,2026-09-30T09:37:29.218693,2026-09-30T09:39:12.483617,103.265
autogluon_temporalfusiontransformer,TemporalFusionTransformer,12,6,8,2026-09-30T09:40:17.205170,2026-09-30T09:42:44.694478,147.489
autogluon_temporalfusiontransformer,TemporalFusionTransformer,12,6,9,2026-09-30T09:43:49.837993,2026-09-30T09:45:28.786248,98.948
autogluon_temporalfusiontransformer,TemporalFusionTransformer,12,7,0,2026-09-30T09:46:35.993323,2026-09-30T09:48:12.214598,96.221
autogluon_temporalfusiontransformer,TemporalFusionTransformer,12,7,1,2026-09-30T09:49:16.511679,2026-09-30T09:50:38.586397,82.075
autogluon_temporalfusiontransformer,TemporalFusionTransformer,12,7,2,2026-09-30T09:51:42.759511,2026-09-30T09:55:38.418498,235.659
autogluon_temporalfusiontransformer,TemporalFusionTransformer,12,7,3,2026-09-30T09:56:43.283785,2026-09-30T09:58:26.460156,103.176
autogluon_temporalfusiontransformer,TemporalFusionTransformer,12,7,4,2026-09-30T09:59:30.685960,2026-09-30T10:00:52.929956,82.244
autogluon_temporalfusiontransformer,TemporalFusionTransformer,12,7,5,2026-09-30T10:01:57.350994,2026-09-30T10:03:29.920004,92.569
autogluon_temporalfusiontransformer,TemporalFusionTransformer,12,7,6,2026-09-30T10:04:34.180593,2026-09-30T10:06:06.739132,92.559
autogluon_temporalfusiontransformer,TemporalFusionTransformer,12,7,7,2026-09-30T10:07:10.779877,2026-09-30T10:08:43.889384,93.11
autogluon_temporalfusiontransformer,TemporalFusionTransformer,12,7,8,2026-09-30T10:09:47.902855,2026-09-30T10:11:05.752242,77.849
autogluon_temporalfusiontransformer,TemporalFusionTransformer,12,7,9,2026-09-30T10:12:10.429027,2026-09-30T10:13:33.926352,83.497
autogluon_temporalfusiontransformer,TemporalFusionTransformer,12,8,0,2026-09-30T10:14:38.038973,2026-09-30T10:16:26.234397,108.195
autogluon_temporalfusiontransformer,TemporalFusionTransformer,12,8,1,2026-09-30T10:17:31.517614,2026-09-30T10:20:03.717740,152.2
autogluon_temporalfusiontransformer,TemporalFusionTransformer,12,8,2,2026-09-30T10:21:08.596673,2026-09-30T10:22:47.198164,98.601
autogluon_temporalfusiontransformer,TemporalFusionTransformer,12,8,3,2026-09-30T10:23:51.683241,2026-09-30T10:25:20.242752,88.56
autogluon_temporalfusiontransformer,TemporalFusionTransformer,12,8,4,2026-09-30T10:26:24.674977,2026-09-30T10:27:52.818657,88.144
autogluon_temporalfusiontransformer,TemporalFusionTransformer,12,8,5,2026-09-30T10:28:57.125816,2026-09-30T10:30:31.596372,94.471
autogluon_temporalfusiontransformer,TemporalFusionTransformer,12,8,6,2026-09-30T10:31:35.762182,2026-09-30T10:34:14.684301,158.922
autogluon_temporalfusiontransformer,TemporalFusionTransformer,12,8,7,2026-09-30T10:35:19.726954,2026-09-30T10:36:43.338165,83.611
autogluon_temporalfusiontransformer,TemporalFusionTransformer,12,8,8,2026-09-30T10:37:48.152088,2026-09-30T10:39:22.801382,94.649
autogluon_temporalfusiontransformer,TemporalFusionTransformer,12,8,9,2026-09-30T10:40:26.988413,2026-09-30T10:41:49.151134,82.163
autogluon_temporalfusiontransformer,TemporalFusionTransformer,12,9,0,2026-09-30T10:42:53.800638,2026-09-30T10:44:13.547666,79.747
autogluon_temporalfusiontransformer,TemporalFusionTransformer,12,9,1,2026-09-30T10:45:17.547464,2026-09-30T10:46:39.360916,81.813
autogluon_temporalfusiontransformer,TemporalFusionTransformer,12,9,2,2026-09-30T10:47:43.456657,2026-09-30T10:49:35.208095,111.751
autogluon_temporalfusiontransformer,TemporalFusionTransformer,12,9,3,2026-09-30T10:50:39.794060,2026-09-30T10:52:39.523564,119.73
autogluon_temporalfusiontransformer,TemporalFusionTransformer,12,9,4,2026-09-30T10:53:44.077934,2026-09-30T10:55:10.459810,86.382
autogluon_temporalfusiontransformer,TemporalFusionTransformer,12,9,5,2026-09-30T10:56:14.428280,2026-09-30T10:59:00.157480,165.729
autogluon_temporalfusiontransformer,TemporalFusionTransformer,12,9,6,2026-09-30T11:00:04.715212,2026-09-30T11:01:58.528092,113.813
autogluon_temporalfusiontransformer,TemporalFusionTransformer,12,9,7,2026-09-30T11:03:02.903636,2026-09-30T11:04:41.996873,99.093
autogluon_temporalfusiontransformer,TemporalFusionTransformer,12,9,8,2026-09-30T11:05:46.140240,2026-09-30T11:07:20.752771,94.613
autogluon_temporalfusiontransformer,TemporalFusionTransformer,12,9,9,2026-09-30T11:08:24.846858,2026-09-30T11:10:04.014720,99.168
autogluon_chronos-2,Chronos-2,6,0,0,2026-09-25T18:34:31.036648,2026-09-25T18:34:35.412101,4.375
autogluon_chronos-2,Chronos-2,6,0,1,2026-09-25T18:35:36.661664,2026-09-25T18:35:37.221614,0.56
autogluon_chronos-2,Chronos-2,6,0,2,2026-09-25T18:36:38.592209,2026-09-25T18:36:39.113853,0.522
autogluon_chronos-2,Chronos-2,6,0,3,2026-09-25T18:37:40.377621,2026-09-25T18:37:40.908524,0.531
autogluon_chronos-2,Chronos-2,6,0,4,2026-09-25T18:38:42.420588,2026-09-25T18:38:42.960761,0.54
autogluon_chronos-2,Chronos-2,6,0,5,2026-09-25T18:39:44.213377,2026-09-25T18:39:44.733322,0.52
autogluon_chronos-2,Chronos-2,6,0,6,2026-09-25T18:40:46.101014,2026-09-25T18:40:46.656151,0.555
autogluon_chronos-2,Chronos-2,6,0,7,2026-09-25T18:41:47.921967,2026-09-25T18:41:48.435205,0.513
autogluon_chronos-2,Chronos-2,6,0,8,2026-09-25T18:42:49.726628,2026-09-25T18:42:50.281947,0.555
autogluon_chronos-2,Chronos-2,6,0,9,2026-09-25T18:43:51.687677,2026-09-25T18:43:52.225745,0.538
autogluon_chronos-2,Chronos-2,6,1,0,2026-09-25T18:45:49.468169,2026-09-25T18:45:49.995595,0.527
autogluon_chronos-2,Chronos-2,6,1,1,2026-09-25T18:46:49.265909,2026-09-25T18:46:49.829549,0.564
autogluon_chronos-2,Chronos-2,6,1,2,2026-09-25T18:47:49.313940,2026-09-25T18:47:49.859917,0.546
autogluon_chronos-2,Chronos-2,6,1,3,2026-09-25T18:48:49.292990,2026-09-25T18:48:49.802583,0.51
autogluon_chronos-2,Chronos-2,6,1,4,2026-09-25T18:49:49.208434,2026-09-25T18:49:49.751790,0.543
autogluon_chronos-2,Chronos-2,6,1,5,2026-09-25T18:50:49.163510,2026-09-25T18:50:49.653506,0.49
autogluon_chronos-2,Chronos-2,6,1,6,2026-09-25T18:51:49.000607,2026-09-25T18:51:49.525246,0.525
autogluon_chronos-2,Chronos-2,6,1,7,2026-09-25T18:52:48.839023,2026-09-25T18:52:49.370258,0.531
autogluon_chronos-2,Chronos-2,6,1,8,2026-09-25T18:53:48.959253,2026-09-25T18:53:49.530431,0.571
autogluon_chronos-2,Chronos-2,6,1,9,2026-09-25T18:54:48.703797,2026-09-25T18:54:49.210042,0.506
autogluon_chronos-2,Chronos-2,6,2,0,2026-09-25T18:55:48.587494,2026-09-25T18:55:49.175349,0.588
autogluon_chronos-2,Chronos-2,6,2,1,2026-09-25T18:56:47.613534,2026-09-25T18:56:48.177783,0.564
autogluon_chronos-2,Chronos-2,6,2,2,2026-09-25T18:57:46.379684,2026-09-25T18:57:46.915904,0.536
autogluon_chronos-2,Chronos-2,6,2,3,2026-09-25T18:58:45.330525,2026-09-25T18:58:45.875877,0.545
autogluon_chronos-2,Chronos-2,6,2,4,2026-09-25T18:59:44.218272,2026-09-25T18:59:44.728922,0.511
autogluon_chronos-2,Chronos-2,6,2,5,2026-09-25T19:00:43.120922,2026-09-25T19:00:43.642763,0.522
autogluon_chronos-2,Chronos-2,6,2,6,2026-09-25T19:01:42.031158,2026-09-25T19:01:42.601096,0.57
autogluon_chronos-2,Chronos-2,6,2,7,2026-09-25T19:02:41.200176,2026-09-25T19:02:41.738946,0.539
autogluon_chronos-2,Chronos-2,6,2,8,2026-09-25T19:03:40.191082,2026-09-25T19:03:40.702357,0.511
autogluon_chronos-2,Chronos-2,6,2,9,2026-09-25T19:04:39.002798,2026-09-25T19:04:39.650513,0.648
autogluon_chronos-2,Chronos-2,6,3,0,2026-09-25T19:05:37.981119,2026-09-25T19:05:38.528103,0.547
autogluon_chronos-2,Chronos-2,6,3,1,2026-09-25T19:06:37.474733,2026-09-25T19:06:37.991087,0.516
autogluon_chronos-2,Chronos-2,6,3,2,2026-09-25T19:07:36.720136,2026-09-25T19:07:37.253277,0.533
autogluon_chronos-2,Chronos-2,6,3,3,2026-09-25T19:08:35.900328,2026-09-25T19:08:36.442060,0.542
autogluon_chronos-2,Chronos-2,6,3,4,2026-09-25T19:09:35.190054,2026-09-25T19:09:35.713830,0.524
autogluon_chronos-2,Chronos-2,6,3,5,2026-09-25T19:10:34.540562,2026-09-25T19:10:35.103746,0.563
autogluon_chronos-2,Chronos-2,6,3,6,2026-09-25T19:11:33.849070,2026-09-25T19:11:34.378475,0.529
autogluon_chronos-2,Chronos-2,6,3,7,2026-09-25T19:12:33.015676,2026-09-25T19:12:33.552772,0.537
autogluon_chronos-2,Chronos-2,6,3,8,2026-09-25T19:13:32.389610,2026-09-25T19:13:33.007362,0.618
autogluon_chronos-2,Chronos-2,6,3,9,2026-09-25T19:14:31.684952,2026-09-25T19:14:32.551655,0.867
autogluon_chronos-2,Chronos-2,6,4,0,2026-09-25T19:15:31.411256,2026-09-25T19:15:31.950172,0.539
autogluon_chronos-2,Chronos-2,6,4,1,2026-09-25T19:16:30.800711,2026-09-25T19:16:31.341040,0.54
autogluon_chronos-2,Chronos-2,6,4,2,2026-09-25T19:17:29.995481,2026-09-25T19:17:30.538607,0.543
autogluon_chronos-2,Chronos-2,6,4,3,2026-09-25T19:18:29.115937,2026-09-25T19:18:29.608928,0.493
autogluon_chronos-2,Chronos-2,6,4,4,2026-09-25T19:19:28.439189,2026-09-25T19:19:28.954439,0.515
autogluon_chronos-2,Chronos-2,6,4,5,2026-09-25T19:20:27.640527,2026-09-25T19:20:28.173969,0.533
autogluon_chronos-2,Chronos-2,6,4,6,2026-09-25T19:21:27.000246,2026-09-25T19:21:27.544970,0.545
autogluon_chronos-2,Chronos-2,6,4,7,2026-09-25T19:22:26.330288,2026-09-25T19:22:26.866270,0.536
autogluon_chronos-2,Chronos-2,6,4,8,2026-09-25T19:23:25.535188,2026-09-25T19:23:26.047812,0.513
autogluon_chronos-2,Chronos-2,6,4,9,2026-09-25T19:24:24.873978,2026-09-25T19:24:25.442181,0.568
autogluon_chronos-2,Chronos-2,6,5,0,2026-09-25T19:25:24.291730,2026-09-25T19:25:24.834498,0.543
autogluon_chronos-2,Chronos-2,6,5,1,2026-09-25T19:26:23.333940,2026-09-25T19:26:23.872543,0.539
autogluon_chronos-2,Chronos-2,6,5,2,2026-09-25T19:27:22.482431,2026-09-25T19:27:23.031381,0.549
autogluon_chronos-2,Chronos-2,6,5,3,2026-09-25T19:28:21.567527,2026-09-25T19:28:22.103659,0.536
autogluon_chronos-2,Chronos-2,6,5,4,2026-09-25T19:29:20.714819,2026-09-25T19:29:21.249008,0.534
autogluon_chronos-2,Chronos-2,6,5,5,2026-09-25T19:30:19.734367,2026-09-25T19:30:20.370330,0.636
autogluon_chronos-2,Chronos-2,6,5,6,2026-09-25T19:31:18.789650,2026-09-25T19:31:19.458370,0.669
autogluon_chronos-2,Chronos-2,6,5,7,2026-09-25T19:32:17.921053,2026-09-25T19:32:18.638368,0.717
autogluon_chronos-2,Chronos-2,6,5,8,2026-09-25T19:33:17.052914,2026-09-25T19:33:18.242049,1.189
autogluon_chronos-2,Chronos-2,6,5,9,2026-09-25T19:34:17.022544,2026-09-25T19:34:17.659857,0.637
autogluon_chronos-2,Chronos-2,6,6,0,2026-09-25T19:35:16.097932,2026-09-25T19:35:16.743766,0.646
autogluon_chronos-2,Chronos-2,6,6,1,2026-09-25T19:36:15.978996,2026-09-25T19:36:16.511959,0.533
autogluon_chronos-2,Chronos-2,6,6,2,2026-09-25T19:37:15.768825,2026-09-25T19:37:16.283566,0.515
autogluon_chronos-2,Chronos-2,6,6,3,2026-09-25T19:38:15.423329,2026-09-25T19:38:15.945776,0.522
autogluon_chronos-2,Chronos-2,6,6,4,2026-09-25T19:39:14.912515,2026-09-25T19:39:15.462758,0.55
autogluon_chronos-2,Chronos-2,6,6,5,2026-09-25T19:40:14.574195,2026-09-25T19:40:15.114518,0.54
autogluon_chronos-2,Chronos-2,6,6,6,2026-09-25T19:41:14.223591,2026-09-25T19:41:14.767229,0.544
autogluon_chronos-2,Chronos-2,6,6,7,2026-09-25T19:42:13.712926,2026-09-25T19:42:14.264964,0.552
autogluon_chronos-2,Chronos-2,6,6,8,2026-09-25T19:43:13.608099,2026-09-25T19:43:14.128683,0.521
autogluon_chronos-2,Chronos-2,6,6,9,2026-09-25T19:44:13.909353,2026-09-25T19:44:14.394105,0.485
autogluon_chronos-2,Chronos-2,6,7,0,2026-09-25T19:45:16.260702,2026-09-25T19:45:16.769762,0.509
autogluon_chronos-2,Chronos-2,6,7,1,2026-09-25T19:46:15.829573,2026-09-25T19:46:16.375635,0.546
autogluon_chronos-2,Chronos-2,6,7,2,2026-09-25T19:47:15.355378,2026-09-25T19:47:15.880409,0.525
autogluon_chronos-2,Chronos-2,6,7,3,2026-09-25T19:48:14.652327,2026-09-25T19:48:15.157019,0.505
autogluon_chronos-2,Chronos-2,6,7,4,2026-09-25T19:49:13.958990,2026-09-25T19:49:14.506854,0.548
autogluon_chronos-2,Chronos-2,6,7,5,2026-09-25T19:50:13.393454,2026-09-25T19:50:13.931987,0.539
autogluon_chronos-2,Chronos-2,6,7,6,2026-09-25T19:51:12.761103,2026-09-25T19:51:13.294878,0.534
autogluon_chronos-2,Chronos-2,6,7,7,2026-09-25T19:52:12.180677,2026-09-25T19:52:12.711324,0.531
autogluon_chronos-2,Chronos-2,6,7,8,2026-09-25T19:53:11.447850,2026-09-25T19:53:11.977490,0.53
autogluon_chronos-2,Chronos-2,6,7,9,2026-09-25T19:54:10.810521,2026-09-25T19:54:11.353980,0.543
autogluon_chronos-2,Chronos-2,6,8,0,2026-09-25T19:55:10.152095,2026-09-25T19:55:10.711992,0.56
autogluon_chronos-2,Chronos-2,6,8,1,2026-09-25T19:56:09.503385,2026-09-25T19:56:10.055128,0.552
autogluon_chronos-2,Chronos-2,6,8,2,2026-09-25T19:57:08.890499,2026-09-25T19:57:09.444092,0.554
autogluon_chronos-2,Chronos-2,6,8,3,2026-09-25T19:58:08.174625,2026-09-25T19:58:08.719481,0.545
autogluon_chronos-2,Chronos-2,6,8,4,2026-09-25T19:59:07.635001,2026-09-25T19:59:08.146888,0.512
autogluon_chronos-2,Chronos-2,6,8,5,2026-09-25T20:00:07.072067,2026-09-25T20:00:07.737536,0.665
autogluon_chronos-2,Chronos-2,6,8,6,2026-09-25T20:01:06.781868,2026-09-25T20:01:07.324553,0.543
autogluon_chronos-2,Chronos-2,6,8,7,2026-09-25T20:02:06.143486,2026-09-25T20:02:06.687460,0.544
autogluon_chronos-2,Chronos-2,6,8,8,2026-09-25T20:03:05.522400,2026-09-25T20:03:06.089589,0.567
autogluon_chronos-2,Chronos-2,6,8,9,2026-09-25T20:04:04.999770,2026-09-25T20:04:05.517674,0.518
autogluon_chronos-2,Chronos-2,6,9,0,2026-09-25T20:05:04.261410,2026-09-25T20:05:04.793796,0.532
autogluon_chronos-2,Chronos-2,6,9,1,2026-09-25T20:06:03.496098,2026-09-25T20:06:03.994837,0.499
autogluon_chronos-2,Chronos-2,6,9,2,2026-09-25T20:07:02.637732,2026-09-25T20:07:03.170533,0.533
autogluon_chronos-2,Chronos-2,6,9,3,2026-09-25T20:08:01.796745,2026-09-25T20:08:02.377944,0.581
autogluon_chronos-2,Chronos-2,6,9,4,2026-09-25T20:09:01.067183,2026-09-25T20:09:01.590141,0.523
autogluon_chronos-2,Chronos-2,6,9,5,2026-09-25T20:10:00.599575,2026-09-25T20:10:01.112648,0.513
autogluon_chronos-2,Chronos-2,6,9,6,2026-09-25T20:10:59.763463,2026-09-25T20:11:00.418256,0.655
autogluon_chronos-2,Chronos-2,6,9,7,2026-09-25T20:11:59.197436,2026-09-25T20:11:59.727114,0.53
autogluon_chronos-2,Chronos-2,6,9,8,2026-09-29T22:21:07.340317,2026-09-29T22:21:11.091311,3.751
autogluon_chronos-2,Chronos-2,6,9,9,2026-09-29T22:22:10.651936,2026-09-29T22:22:11.214735,0.563
autogluon_chronos-2,Chronos-2,12,0,0,2026-09-29T22:23:27.439019,2026-09-29T22:23:28.083073,0.644
autogluon_chronos-2,Chronos-2,12,0,1,2026-09-29T22:24:32.634095,2026-09-29T22:24:33.167095,0.533
autogluon_chronos-2,Chronos-2,12,0,2,2026-09-29T22:25:37.991847,2026-09-29T22:25:38.606075,0.614
autogluon_chronos-2,Chronos-2,12,0,3,2026-09-29T22:26:41.973280,2026-09-29T22:26:42.505019,0.532
autogluon_chronos-2,Chronos-2,12,0,4,2026-09-29T22:27:44.973639,2026-09-29T22:27:45.548483,0.575
autogluon_chronos-2,Chronos-2,12,0,5,2026-09-29T22:28:48.333205,2026-09-29T22:28:48.881835,0.549
autogluon_chronos-2,Chronos-2,12,0,6,2026-09-29T22:29:51.664906,2026-09-29T22:29:52.344506,0.68
autogluon_chronos-2,Chronos-2,12,0,7,2026-09-29T22:30:54.745774,2026-09-29T22:30:55.297805,0.552
autogluon_chronos-2,Chronos-2,12,0,8,2026-09-29T22:31:57.955394,2026-09-29T22:31:58.474460,0.519
autogluon_chronos-2,Chronos-2,12,0,9,2026-09-29T22:33:01.694734,2026-09-29T22:33:02.392915,0.698
autogluon_chronos-2,Chronos-2,12,1,0,2026-09-29T22:34:59.158112,2026-09-29T22:34:59.733421,0.575
autogluon_chronos-2,Chronos-2,12,1,1,2026-09-29T22:36:00.239904,2026-09-29T22:36:00.737225,0.497
autogluon_chronos-2,Chronos-2,12,1,2,2026-09-29T22:37:01.148460,2026-09-29T22:37:01.678228,0.53
autogluon_chronos-2,Chronos-2,12,1,3,2026-09-29T22:38:01.753162,2026-09-29T22:38:02.402395,0.649
autogluon_chronos-2,Chronos-2,12,1,4,2026-09-29T22:39:02.611486,2026-09-29T22:39:03.162555,0.551
autogluon_chronos-2,Chronos-2,12,1,5,2026-09-29T22:40:03.179289,2026-09-29T22:40:03.746964,0.568
autogluon_chronos-2,Chronos-2,12,1,6,2026-09-29T22:41:03.852110,2026-09-29T22:41:04.426500,0.574
autogluon_chronos-2,Chronos-2,12,1,7,2026-09-29T22:42:04.440541,2026-09-29T22:42:05.020425,0.58
autogluon_chronos-2,Chronos-2,12,1,8,2026-09-29T22:43:05.268873,2026-09-29T22:43:05.782250,0.513
autogluon_chronos-2,Chronos-2,12,1,9,2026-09-29T22:44:05.824368,2026-09-29T22:44:06.342004,0.518
autogluon_chronos-2,Chronos-2,12,2,0,2026-09-29T22:45:06.474382,2026-09-29T22:45:07.005235,0.531
autogluon_chronos-2,Chronos-2,12,2,1,2026-09-29T22:46:06.263185,2026-09-29T22:46:06.804461,0.541
autogluon_chronos-2,Chronos-2,12,2,2,2026-09-29T22:47:06.078009,2026-09-29T22:47:06.607153,0.529
autogluon_chronos-2,Chronos-2,12,2,3,2026-09-29T22:48:05.926237,2026-09-29T22:48:06.457290,0.531
autogluon_chronos-2,Chronos-2,12,2,4,2026-09-29T22:49:05.700124,2026-09-29T22:49:06.258406,0.558
autogluon_chronos-2,Chronos-2,12,2,5,2026-09-29T22:50:05.426444,2026-09-29T22:50:06.030912,0.604
autogluon_chronos-2,Chronos-2,12,2,6,2026-09-29T22:51:05.283107,2026-09-29T22:51:05.820656,0.538
autogluon_chronos-2,Chronos-2,12,2,7,2026-09-29T22:52:04.971447,2026-09-29T22:52:05.596744,0.625
autogluon_chronos-2,Chronos-2,12,2,8,2026-09-29T22:53:04.679207,2026-09-29T22:53:05.318896,0.64
autogluon_chronos-2,Chronos-2,12,2,9,2026-09-29T22:54:04.540923,2026-09-29T22:54:05.062642,0.522
autogluon_chronos-2,Chronos-2,12,3,0,2026-09-29T22:55:04.256635,2026-09-29T22:55:04.799797,0.543
autogluon_chronos-2,Chronos-2,12,3,1,2026-09-29T22:56:04.391765,2026-09-29T22:56:04.923324,0.532
autogluon_chronos-2,Chronos-2,12,3,2,2026-09-29T22:57:04.686130,2026-09-29T22:57:05.236900,0.551
autogluon_chronos-2,Chronos-2,12,3,3,2026-09-29T22:58:04.707436,2026-09-29T22:58:05.239407,0.532
autogluon_chronos-2,Chronos-2,12,3,4,2026-09-29T22:59:04.593551,2026-09-29T22:59:05.108853,0.515
autogluon_chronos-2,Chronos-2,12,3,5,2026-09-29T23:00:04.538990,2026-09-29T23:00:05.130961,0.592
autogluon_chronos-2,Chronos-2,12,3,6,2026-09-29T23:01:04.685410,2026-09-29T23:01:05.204928,0.52
autogluon_chronos-2,Chronos-2,12,3,7,2026-09-29T23:02:04.924501,2026-09-29T23:02:05.472336,0.548
autogluon_chronos-2,Chronos-2,12,3,8,2026-09-29T23:03:05.078907,2026-09-29T23:03:05.616541,0.538
autogluon_chronos-2,Chronos-2,12,3,9,2026-09-29T23:04:05.157197,2026-09-29T23:04:05.691265,0.534
autogluon_chronos-2,Chronos-2,12,4,0,2026-09-29T23:05:05.199953,2026-09-29T23:05:05.735008,0.535
autogluon_chronos-2,Chronos-2,12,4,1,2026-09-29T23:06:05.305224,2026-09-29T23:06:05.837571,0.532
autogluon_chronos-2,Chronos-2,12,4,2,2026-09-29T23:07:05.577410,2026-09-29T23:07:06.136362,0.559
autogluon_chronos-2,Chronos-2,12,4,3,2026-09-29T23:08:05.629854,2026-09-29T23:08:06.150081,0.52
autogluon_chronos-2,Chronos-2,12,4,4,2026-09-29T23:09:05.585415,2026-09-29T23:09:06.096613,0.511
autogluon_chronos-2,Chronos-2,12,4,5,2026-09-29T23:10:05.755272,2026-09-29T23:10:06.338192,0.583
autogluon_chronos-2,Chronos-2,12,4,6,2026-09-29T23:11:05.811513,2026-09-29T23:11:06.475978,0.664
autogluon_chronos-2,Chronos-2,12,4,7,2026-09-29T23:12:13.185357,2026-09-29T23:12:13.812642,0.627
autogluon_chronos-2,Chronos-2,12,4,8,2026-09-29T23:13:13.464848,2026-09-29T23:13:14.018505,0.554
autogluon_chronos-2,Chronos-2,12,4,9,2026-09-29T23:14:13.464133,2026-09-29T23:14:14.016648,0.553
autogluon_chronos-2,Chronos-2,12,5,0,2026-09-29T23:15:13.501376,2026-09-29T23:15:14.008523,0.507
autogluon_chronos-2,Chronos-2,12,5,1,2026-09-29T23:16:13.406308,2026-09-29T23:16:13.957794,0.551
autogluon_chronos-2,Chronos-2,12,5,2,2026-09-29T23:17:13.263146,2026-09-29T23:17:13.776371,0.513
autogluon_chronos-2,Chronos-2,12,5,3,2026-09-29T23:18:12.959534,2026-09-29T23:18:13.490495,0.531
autogluon_chronos-2,Chronos-2,12,5,4,2026-09-29T23:19:12.746339,2026-09-29T23:19:13.285002,0.539
autogluon_chronos-2,Chronos-2,12,5,5,2026-09-29T23:20:12.569752,2026-09-29T23:20:13.371500,0.802
autogluon_chronos-2,Chronos-2,12,5,6,2026-09-29T23:21:12.790638,2026-09-29T23:21:13.320669,0.53
autogluon_chronos-2,Chronos-2,12,5,7,2026-09-29T23:22:12.837086,2026-09-29T23:22:13.376279,0.539
autogluon_chronos-2,Chronos-2,12,5,8,2026-09-29T23:23:12.673471,2026-09-29T23:23:13.210079,0.537
autogluon_chronos-2,Chronos-2,12,5,9,2026-09-29T23:24:12.677258,2026-09-29T23:24:13.220688,0.543
autogluon_chronos-2,Chronos-2,12,6,0,2026-09-29T23:25:12.555923,2026-09-29T23:25:13.166255,0.61
autogluon_chronos-2,Chronos-2,12,6,1,2026-09-29T23:26:12.934151,2026-09-29T23:26:13.586762,0.653
autogluon_chronos-2,Chronos-2,12,6,2,2026-09-29T23:27:13.493001,2026-09-29T23:27:14.040549,0.548
autogluon_chronos-2,Chronos-2,12,6,3,2026-09-29T23:28:14.033068,2026-09-29T23:28:14.569486,0.536
autogluon_chronos-2,Chronos-2,12,6,4,2026-09-29T23:29:14.415396,2026-09-29T23:29:14.947746,0.532
autogluon_chronos-2,Chronos-2,12,6,5,2026-09-29T23:30:15.016417,2026-09-29T23:30:15.571011,0.555
autogluon_chronos-2,Chronos-2,12,6,6,2026-09-29T23:31:15.428655,2026-09-29T23:31:15.944425,0.516
autogluon_chronos-2,Chronos-2,12,6,7,2026-09-29T23:32:15.716641,2026-09-29T23:32:16.225477,0.509
autogluon_chronos-2,Chronos-2,12,6,8,2026-09-29T23:33:16.142039,2026-09-29T23:33:16.645971,0.504
autogluon_chronos-2,Chronos-2,12,6,9,2026-09-29T23:34:16.579294,2026-09-29T23:34:17.137283,0.558
autogluon_chronos-2,Chronos-2,12,7,0,2026-09-29T23:35:16.989374,2026-09-29T23:35:17.515339,0.526
autogluon_chronos-2,Chronos-2,12,7,1,2026-09-29T23:36:17.373360,2026-09-29T23:36:17.902433,0.529
autogluon_chronos-2,Chronos-2,12,7,2,2026-09-29T23:37:17.502497,2026-09-29T23:37:18.028043,0.526
autogluon_chronos-2,Chronos-2,12,7,3,2026-09-29T23:38:17.500790,2026-09-29T23:38:18.032902,0.532
autogluon_chronos-2,Chronos-2,12,7,4,2026-09-29T23:39:17.744444,2026-09-29T23:39:18.297235,0.553
autogluon_chronos-2,Chronos-2,12,7,5,2026-09-29T23:40:17.881811,2026-09-29T23:40:18.431264,0.549
autogluon_chronos-2,Chronos-2,12,7,6,2026-09-29T23:41:18.100976,2026-09-29T23:41:18.623477,0.523
autogluon_chronos-2,Chronos-2,12,7,7,2026-09-29T23:42:18.062053,2026-09-29T23:42:18.589823,0.528
autogluon_chronos-2,Chronos-2,12,7,8,2026-09-29T23:43:18.396099,2026-09-29T23:43:19.024475,0.628
autogluon_chronos-2,Chronos-2,12,7,9,2026-09-29T23:44:18.750622,2026-09-29T23:44:19.308203,0.558
autogluon_chronos-2,Chronos-2,12,8,0,2026-09-29T23:45:19.033689,2026-09-29T23:45:19.555009,0.521
autogluon_chronos-2,Chronos-2,12,8,1,2026-09-29T23:46:19.127847,2026-09-29T23:46:19.628985,0.501
autogluon_chronos-2,Chronos-2,12,8,2,2026-09-29T23:47:19.152814,2026-09-29T23:47:19.651712,0.499
autogluon_chronos-2,Chronos-2,12,8,3,2026-09-29T23:48:19.280549,2026-09-29T23:48:19.796047,0.515
autogluon_chronos-2,Chronos-2,12,8,4,2026-09-29T23:49:19.386687,2026-09-29T23:49:19.945951,0.559
autogluon_chronos-2,Chronos-2,12,8,5,2026-09-29T23:50:19.655925,2026-09-29T23:50:20.178882,0.523
autogluon_chronos-2,Chronos-2,12,8,6,2026-09-29T23:51:19.805594,2026-09-29T23:51:20.384805,0.579
autogluon_chronos-2,Chronos-2,12,8,7,2026-09-29T23:52:20.088249,2026-09-29T23:52:20.610428,0.522
autogluon_chronos-2,Chronos-2,12,8,8,2026-09-29T23:53:20.213356,2026-09-29T23:53:20.773547,0.56
autogluon_chronos-2,Chronos-2,12,8,9,2026-09-29T23:54:20.560362,2026-09-29T23:54:21.119171,0.559
autogluon_chronos-2,Chronos-2,12,9,0,2026-09-29T23:55:20.797894,2026-09-29T23:55:21.338023,0.54
autogluon_chronos-2,Chronos-2,12,9,1,2026-09-29T23:56:20.777628,2026-09-29T23:56:21.310257,0.533
autogluon_chronos-2,Chronos-2,12,9,2,2026-09-29T23:57:20.574035,2026-09-29T23:57:21.200423,0.626
autogluon_chronos-2,Chronos-2,12,9,3,2026-09-29T23:58:20.756860,2026-09-29T23:58:21.297927,0.541
autogluon_chronos-2,Chronos-2,12,9,4,2026-09-29T23:59:20.744671,2026-09-29T23:59:21.258126,0.513
autogluon_chronos-2,Chronos-2,12,9,5,2026-09-30T00:00:20.564797,2026-09-30T00:00:21.094257,0.529
autogluon_chronos-2,Chronos-2,12,9,6,2026-09-30T00:01:20.479831,2026-09-30T00:01:21.004231,0.524
autogluon_chronos-2,Chronos-2,12,9,7,2026-09-30T00:02:20.546335,2026-09-30T00:02:21.115027,0.569
autogluon_chronos-2,Chronos-2,12,9,8,2026-09-30T00:03:20.423076,2026-09-30T00:03:20.954625,0.532
autogluon_chronos-2,Chronos-2,12,9,9,2026-09-30T00:04:20.539057,2026-09-30T00:04:21.075980,0.537
